cell_area,cell_perimeter,compactness,aspect_ratio,bbox_width,bbox_height,solidity,extent,lbp_mean,lbp_std,lbp_entropy,glcm_contrast,glcm_dissimilarity,glcm_homogeneity,glcm_energy,glcm_correlation,red_mean,red_std,green_mean,green_std,blue_mean,blue_std,hue_mean,hue_std,saturation_mean,saturation_std,value_mean,value_std,nucleus_area,nucleus_perimeter,nucleus_cytoplasm_ratio,nucleus_irregularity,class,filename
7393.5,793.5950133800507,0.14752379664443596,1.0901639344262295,133,122,0.6758226691042047,0.4556575865894244,0.038461538461538464,0.08652436502033257,3.3732488684115842,113.01914544454064,5.8777420523590855,0.25762774363784535,0.04364003097686804,0.9363581845756072,210.38283242984693,35.72667953807948,158.02208227040816,37.88451291510372,197.12848772321428,38.036774444388676,148.29011878188774,22.35858770438079,80.47652264030613,34.4590612781417,224.4872448979592,23.669966956313736,7393.5,793.5950133800507,0.17281598784549757,0.14752379664443596,Normal,Normal_0001.png
2411.0,282.39191579818726,0.37992909654370954,1.278688524590164,78,61,0.8163196207888945,0.5067255149222363,0.038461538461538464,0.10112449894897517,2.9815436581802914,23.716091139213482,2.4612352701267852,0.4476849736751951,0.09559400647092672,0.9497641749501895,181.95316485969389,8.15795409105588,165.84476642219389,23.160972385759703,177.8252949617347,14.771104145947282,139.3444674744898,33.59508991874876,25.760263871173468,31.78756992417317,184.26329320790816,7.166841197607245,2411.0,282.39191579818726,0.050476290170627026,0.37992909654370954,Normal,Normal_0015.png
2621.5,426.031525015831,0.18149984253562182,0.6276595744680851,59,94,0.6807322773305635,0.47268301478543095,0.038461538461538464,0.10899605114397917,2.6648946463845897,40.863242015546255,2.5355468992187804,0.5037709827178203,0.1602011907583053,0.9533456231369666,207.3788066007653,30.512974192099616,216.09815449617346,17.427267536844333,245.0126355229592,15.944659999484836,114.53687021683673,5.698236722691038,40.99591438137755,24.32919237154931,245.01267538265307,15.944608720280277,2621.5,426.031525015831,0.05512622359608449,0.18149984253562182,Normal,Normal_0029.png
3776.0,894.6559773683548,0.059282937344878085,1.4342105263157894,109,76,0.7469831849653809,0.4558184451955577,0.038461538461538464,0.1044236996014735,2.8357777342936386,341.3953795134357,9.810363296508312,0.24767378063487108,0.034602371900967765,0.8519449407499831,138.1004862882653,38.35657061897906,113.27993463010205,40.97231199153828,135.6384725765306,40.66373739186587,85.27092633928571,56.688739113566704,49.00835060586735,62.63284375350771,141.0245137117347,40.81332718052737,3776.0,894.6559773683548,0.08137931034482758,0.059282937344878085,Normal,synthetic_Normal_15.png
17592.0,742.8183217048645,0.4006451281863434,0.45535714285714285,102,224,0.8755070047527808,0.7699579831932774,0.038461538461538464,0.08328180467420578,3.36866571050833,383.6256958061217,11.920458200292718,0.12843098317496926,0.01687600325822855,0.9060224683941736,130.63313137755102,44.69341794926678,106.43676259566327,55.465979441392165,122.84753667091837,52.75612248198114,109.89995216836735,49.12923118492383,102.95928332270408,57.65559095079686,143.04910714285714,42.98914219265673,17592.0,742.8183217048645,0.5398968819052296,0.4006451281863434,Normal,synthetic_Normal_29.png
4696.0,479.44573867321014,0.25671959937177835,0.6785714285714286,76,112,0.8352899324083956,0.5516917293233082,0.038461538461538464,0.07814461797299009,3.3115842746759196,259.70334478558874,6.873569274481925,0.5854295934837095,0.5179945511641928,0.9535154476604641,222.68010602678572,55.81726196023487,221.3778698979592,57.34928839870347,218.5051817602041,53.85838781242856,33.99551578443877,52.18887554535933,35.25575972576531,49.939626902980066,235.0927136479592,39.82408420640029,4696.0,479.44573867321014,0.10325417766051011,0.25671959937177835,Normal,Normal_0161.png
31087.0,1085.9797902107239,0.33124184178454213,1.265536723163842,224,177,0.904217568353694,0.7840748587570622,0.038461538461538464,0.07693411795177363,3.6095499440874,83.19590537618828,6.095962145049329,0.20676355099621319,0.026194136692583813,0.9785630047123685,121.53302375637755,46.18485640779406,138.12888632015307,46.116118425022634,169.7051379145408,32.24070007706063,107.92536272321429,8.187849885661576,78.83209103954081,40.55512740354143,169.84568319515307,32.36932130389062,31087.0,1085.9797902107239,1.6285295196186285,0.33124184178454213,Normal,Normal_0149.png
2028.5,256.4924211502075,0.3874679650722501,1.7391304347826086,80,46,0.819264943457189,0.5512228260869565,0.038461538461538464,0.09397385661094562,3.1587095847648827,56.92983571904614,3.638838137051259,0.4041199381754246,0.07519191593593927,0.9131090767714396,196.21020009566325,26.569498635176203,210.2089245854592,15.46506336426408,239.49437978316325,14.475997253190785,111.4155572385204,5.249336039806292,47.143235809948976,20.0597300265661,239.4944395727041,14.47588988928661,2028.5,256.4924211502075,0.042130951762812195,0.3874679650722501,Normal,Normal_0148.png
23581.5,2762.882582306862,0.038820080682434525,1.051643192488263,224,213,0.629595514617541,0.4942467303822938,0.038461538461538464,0.08217150903988989,3.4991049399935217,125.25534702632143,7.386755804761619,0.17106554637187293,0.022486061911790894,0.9054695389021225,119.27816087372449,31.733382855690458,111.31672512755102,30.723243672750613,136.7326211734694,27.79825393488644,127.81499123086735,25.809474564041896,76.16587611607143,32.366764898077676,144.4924465880102,24.089288666727512,23581.5,2762.882582306862,0.8867058978360187,0.038820080682434525,Normal,Normal_0160.png
1685.5,599.5950133800507,0.05891455426421629,1.2444444444444445,168,135,0.4057046576001926,0.07431657848324515,0.038461538461538464,0.08068487721580661,3.5053781920849048,601.200361029659,15.88868277345986,0.08711392915520699,0.014223203700509578,0.8237704139424344,169.93006616709184,51.46544545553172,112.60881696428571,39.559683364492386,154.02953603316325,44.747823970241555,152.81120455994898,24.929532598895992,99.05552455357143,32.12797501107432,175.7998046875,49.11599799180493,1685.5,599.5950133800507,0.0347593858590858,0.05891455426421629,Normal,synthetic_Normal_28.png
28169.5,2987.9120185375214,0.039650931287698435,1.0,224,224,0.5697944900683685,0.5614138233418368,0.038461538461538464,0.07254484811328216,3.579981675198063,740.0930864050507,18.518978819210545,0.13030138284620293,0.019648024355916182,0.8900922104733009,126.14064492984694,101.74621301070762,67.5872727997449,48.97875339662603,104.43305564413265,62.1202749041527,134.85257892219389,35.985422386406896,170.12434231505102,65.0387629138771,141.87107382015307,87.54487517459143,28169.5,2987.9120185375214,1.2800536205212096,0.039650931287698435,Normal,synthetic_Normal_14.png
3775.0,338.1909055709839,0.41476583036576087,0.5728155339805825,59,103,0.8595173041894353,0.6211946684219187,0.038461538461538464,0.09203265569242568,3.204562521536464,170.86395889197775,6.489607713590251,0.3651181582696208,0.12857123327673514,0.9415589916690279,209.79787149234693,39.96087352498903,222.3388073979592,43.18466791320884,238.39855707908163,30.71160237173254,105.43853635204081,22.999365895497633,42.92420679209184,29.189464669717495,239.9059510522959,27.813644060042762,3775.0,338.1909055709839,0.08135600525850736,0.41476583036576087,Normal,Normal_0028.png
7473.0,717.8376541137695,0.18224363757812811,2.5,190,76,0.6857536132140399,0.5175207756232687,0.038461538461538464,0.08987022372834792,3.2529709788521033,55.080407985033816,3.8172518493473966,0.40806670472099354,0.11066184020414159,0.9654774331128526,182.72156010841837,13.553495638635845,157.92683753188774,38.148197406084826,170.43514827806123,30.92308562255678,141.40714684311226,39.89085960404237,38.34970902423469,47.43464821959778,184.11228475765307,13.646090582255313,7473.0,717.8376541137695,0.17499941456103787,0.18224363757812811,Normal,Normal_0014.png
7452.5,1040.2123252153397,0.0865501566179025,1.1353383458646618,151,133,0.5890605857013003,0.37108499726136535,0.038461538461538464,0.09032142101142127,3.2983337804451387,307.9429437804156,9.335441135725782,0.23225382755159352,0.05276052240511827,0.8589615745437806,169.44367825255102,38.35117568048012,168.56032764668367,33.32714342818326,189.37761080994898,26.963078115691715,123.9866868622449,13.132742725630775,37.244758450255105,28.1056953026911,189.56355628188774,26.77020135569665,7452.5,1040.2123252153397,0.1744356150596276,0.0865501566179025,Normal,Normal_0016.png
10066.5,891.1097328662872,0.15930374575623257,2.65,212,80,0.7304622306073579,0.5935436320754717,0.038461538461538464,0.07950010999410538,3.535674197996605,43.854977956049815,4.662469024156806,0.22702260255918427,0.026985147698123234,0.9733462129581711,136.58747209821428,28.88506569471768,147.39700255102042,31.072264237653897,183.1902702487245,18.924930416501937,112.36898118622449,5.646166740927444,67.52313855229592,24.23891447263015,183.19086814413265,18.925057086042667,10066.5,891.1097328662872,0.25097545469277854,0.15930374575623257,Normal,Normal_0002.png
455.5,82.18376541137695,0.84747359268488,1.04,26,25,0.9753747323340471,0.7007692307692308,0.03846153846153846,0.07049378496951371,3.5315474869914825,1442.092610263483,25.315279833687484,0.06439827978760376,0.01180618684762654,0.838029427057352,180.16440130739795,68.86435220472343,108.37296715561224,68.80937346529947,148.7547233737245,73.07832464837705,162.43604512117346,11.173791239607594,127.27630739795919,72.60742493146596,180.1755819515306,68.86302327251431,455.5,82.18376541137695,0.009161211170442775,0.84747359268488,Normal,synthetic_Normal_16.png
9474.0,997.9209142923355,0.11955038944431745,1.0833333333333333,169,156,0.5639117883396327,0.3593536640873919,0.038461538461538464,0.07933337148639767,3.5587205934112496,146.68701853028688,7.036125486313304,0.2525642460219781,0.039791242733488864,0.9529891457305217,144.5525350765306,40.64272756791947,122.46380739795919,45.110897904369125,146.86798469387756,36.61751527992138,137.4130859375,21.935667952789252,67.37189094387755,48.31692458745846,157.93044483418367,32.065560348830964,9474.0,997.9209142923355,0.23276497469411822,0.11955038944431745,Normal,Normal_0162.png
2160.0,416.45079135894775,0.15650788832951004,0.6262626262626263,62,99,0.6182911120652641,0.3519061583577713,0.038461538461538464,0.10239988681298744,2.8897948939639657,49.714971746349384,2.981751740847208,0.45490499471396206,0.1128165975303929,0.9752772469643006,203.05650111607142,38.79689107084372,210.78760762117346,29.906987219290652,240.40756536989795,29.98636664343251,115.06678491709184,5.7369479535762675,43.04149394132653,27.124484798319425,240.40756536989795,29.98636664343251,2160.0,416.45079135894775,0.04498500499833389,0.15650788832951004,Normal,Normal_0163.png
4070.5,1209.6336801052094,0.03495826596051986,0.6294642857142857,141,224,0.5804634581105169,0.12887854609929078,0.038461538461538464,0.08342854174540208,3.348104058495877,759.2691845580005,18.426947506241007,0.07966899031271678,0.01324626343882551,0.7483695461452189,146.56909677933675,31.84797099606516,90.44523278061224,45.60163503536489,124.7747727997449,42.29794681489232,160.0313097895408,8.30653966283754,107.51265545280613,52.72634712398057,146.9217155612245,32.349183555577746,4070.5,1209.6336801052094,0.08828664692932514,0.03495826596051986,Normal,synthetic_Normal_17.png
15163.5,1279.9179505109787,0.11631750008171003,1.2947976878612717,224,173,0.6335150717553425,0.39129593311312966,0.038461538461538464,0.07196870593416609,3.6553657040951646,41.35501004595766,4.470812230686963,0.23330500274254096,0.027535847475092384,0.9729525504107708,139.68038504464286,27.389260353795905,150.31160315688774,30.377422022726883,183.69589046556123,16.890651160690485,111.78583386479592,6.054431583154869,63.63496492346939,23.691693002270238,183.6984016262755,16.89230907435596,15163.5,1279.9179505109787,0.43308818279186007,0.11631750008171003,Normal,Normal_0003.png
8032.5,1192.5798561573029,0.07097177375419574,0.8516129032258064,132,155,0.6144578313253012,0.39259530791788855,0.038461538461538464,0.0789190451645595,3.509624477080038,380.90742860781666,9.248554743202797,0.4004153994655147,0.18029766507812223,0.899694656428093,208.7164979272959,59.5169182329142,232.90102838010205,39.85621841399235,209.34767617984693,33.58898304723874,50.94525271045919,22.402810843670895,44.19190449617347,33.153917739412734,233.8273078762755,37.14078930079113,8032.5,1192.5798561573029,0.19059878747612324,0.07097177375419574,Normal,Normal_0017.png
19908.0,2142.5424004793167,0.05449775918760859,1.2444444444444445,224,180,0.6052075574944139,0.49375,0.038461538461538464,0.0821616865885862,3.481172789107642,48.956147263857204,4.6477855299460735,0.24132561189430568,0.0279574511179162,0.9572351062518032,144.01735889668367,22.169204101614994,149.44308035714286,27.546856618864474,185.79243064413265,14.193318087166023,115.02052774234694,7.625706799095656,60.905891262755105,20.333059463095015,185.8001036352041,14.199914665936271,19908.0,2142.5424004793167,0.6577243293246994,0.05449775918760859,Normal,Normal_0013.png
1424.0,290.1076453924179,0.21261872276017024,1.3137254901960784,67,51,0.5175358895148101,0.4167398302604624,0.038461538461538464,0.09703342833086154,3.0677365703192687,41.90647111762948,3.132774718674426,0.4305243217353111,0.0993252443030955,0.9390949793890733,202.98202327806123,25.13464767787764,212.54840959821428,16.64274003463043,242.7472297512755,14.112954495531453,113.65318080357143,5.080836996277655,42.89911511479592,18.064375278195147,242.7472297512755,14.112954495531453,1424.0,290.1076453924179,0.029209058089924515,0.21261872276017024,Normal,Normal_0007.png
309.0,121.39696848392487,0.26348303663863826,1.0,24,24,0.7518248175182481,0.5364583333333334,0.038461538461538464,0.061056732097378615,3.7553896176348296,1766.9163474229147,31.976991536021067,0.04206695847203912,0.009037997805102206,0.7075723348027567,134.9414660395408,43.62436979787149,98.67996651785714,64.30188860613042,133.66599569515307,58.75220520412453,144.6301817602041,19.480856750926705,100.21703603316327,65.98387636629151,143.0862364477041,49.281733440845265,309.0,121.39696848392487,0.0061964826438325946,0.26348303663863826,Normal,synthetic_Normal_13.png
40028.5,2528.265268802643,0.07869260143292527,1.0,224,224,0.81350472512956,0.7977618781887755,0.038461538461538464,0.07171377532712589,3.683910441507803,1515.87574145881,26.11406412266474,0.06041633998623122,0.009481676868701007,0.7834654949381642,137.3112643494898,63.03639067091295,87.16585618622449,60.06412418712019,122.35082509566327,66.39712008454423,156.9112324617347,18.74550043235321,115.78202726403062,54.63508585760859,137.6363600127551,63.35404889583136,40028.5,2528.265268802643,3.9446661739344666,0.07869260143292527,Normal,synthetic_Normal_12.png
30219.5,1602.1189596652985,0.14794749578677655,1.2444444444444445,224,180,0.8063371356147021,0.7494915674603174,0.03846153846153846,0.07587063303795553,3.6423893687794098,51.54217074059238,5.076528496807034,0.2126200176835151,0.022428892920481107,0.9755413610609456,90.96073820153062,35.15191176585342,109.11937978316327,33.518139850554824,153.7847975127551,24.686195491376616,111.4321588010204,3.9363839439089103,109.24609375,35.129842189062785,153.7847975127551,24.686195491376616,30219.5,1602.1189596652985,1.514268534061584,0.14794749578677655,Normal,Normal_0006.png
14063.5,1080.413335800171,0.15139914035477556,2.2626262626262625,224,99,0.6972656734177842,0.6341765873015873,0.038461538461538464,0.08812083110796419,3.3511093191827213,49.921999121341806,4.757263580933409,0.22880064440070014,0.032836736714429146,0.9688616936807349,145.26863440688774,30.301250436212,159.04083625637756,30.231516362944337,187.12599649234693,16.492770192842567,109.01524633290816,6.168782463644801,59.281269929846935,27.622180256188873,187.13771524234693,16.496923503671976,14063.5,1080.413335800171,0.389435790931118,0.15139914035477556,Normal,Normal_0012.png
4785.0,395.7888845205307,0.38385271773241236,0.9368421052631579,89,95,0.8628617798214768,0.5659373151981076,0.038461538461538464,0.060596463251646124,3.799856661499594,50.00615678184447,4.751045404434544,0.25106629212255405,0.045561226963080494,0.9712305466791126,159.11086973852042,30.816679480574777,172.56853874362244,31.529517235381753,194.8037109375,18.02133982795131,107.13289221938776,7.705703562970298,49.36041135204081,27.00396439072388,194.8465202487245,18.033870492540245,4785.0,395.7888845205307,0.10541737348813641,0.38385271773241236,Normal,Normal_0038.png
12556.5,1331.6925537586212,0.0889755174266997,1.32,165,125,0.7768909512761021,0.6088,0.038461538461538464,0.08379429368583195,3.458882957916135,288.8344882471075,9.652143218348947,0.22294562284621616,0.04560332047204875,0.9111740610323755,187.6104512117347,43.61981858980947,200.2213209502551,44.997788448093495,235.12824856505102,26.372914262064114,110.9288105867347,15.474999195990556,60.04432397959184,33.01215419035684,235.20545679209184,26.325696761670923,12556.5,1331.6925537586212,0.3337763659804091,0.0889755174266997,Normal,Normal_0004.png
23588.0,2265.2530777454376,0.05776536539818387,0.9852941176470589,201,204,0.7009910994219825,0.5752609501512047,0.038461538461538464,0.07738398671538721,3.5994744384673116,96.83058926274386,5.868426049352156,0.24163936862750063,0.03313314594147275,0.9109999037917869,92.47295519770408,25.570280246953697,140.00392617984693,31.702928856394834,178.71382732780611,27.044882299867368,107.82589285714286,14.036554154034125,126.53352200255102,34.37982967462851,179.15559231505102,26.15740406394345,23588.0,2265.2530777454376,0.8871671430720626,0.05776536539818387,Normal,Normal_0010.png
8981.0,1822.3657772541046,0.033983136370685084,0.8883928571428571,199,224,0.7338617421147247,0.20147613065326633,0.038461538461538464,0.10326355888956715,2.837238946370296,1042.4231445495661,22.283562168689855,0.059589095170437256,0.01263282528962316,0.5996125603394181,156.68443080357142,29.32892856291535,101.41988201530613,45.91255915806385,129.4208984375,38.62117793597442,156.18498883928572,34.930329634345476,97.85530931122449,47.913239532646344,156.7371053890306,29.40571124354203,8981.0,1822.3657772541046,0.21801189464740867,0.033983136370685084,Normal,synthetic_Normal_10.png
17877.5,1343.7514295578003,0.12441672696621901,1.0909090909090908,180,165,0.7373989440686355,0.601936026936027,0.038461538461538464,0.08164491753923751,3.511659650271351,45.97316230179363,4.622268725006211,0.2367960326647669,0.02472047878728857,0.9733888783864748,126.07206632653062,29.615003253973242,138.25147480867346,31.619496328185775,173.6882174744898,20.999317853926968,111.67986686862245,5.381663935121958,72.86027184311224,24.634834423671567,173.69186463647958,21.002950795225818,17877.5,1343.7514295578003,0.553508676873539,0.12441672696621901,Normal,Normal_0158.png
6459.0,794.1808005571365,0.1286875050862991,0.5094339622641509,81,159,0.6389356019388663,0.5015140927090612,0.038461538461538464,0.08582194301818397,3.399283730231616,187.2843920258133,7.247320068858723,0.28037264543516005,0.06154275866427847,0.9047621631626854,173.33733258928572,35.48768298868395,170.07268415178572,31.553621301481286,190.35184151785714,25.22690814839255,126.31327726403062,12.642545486068899,33.34283322704081,22.802786836449155,190.41912468112244,25.217202905642154,6459.0,794.1808005571365,0.14774572820641857,0.1286875050862991,Normal,Normal_0159.png
47857.5,1523.727043747902,0.25902728930366203,1.0,224,224,0.9650246007420552,0.9537926498724489,0.038461538461538464,0.07452259537514137,3.645363042103001,1989.40257491883,32.46002384583531,0.04159134225617928,0.009946883954841643,0.5684606365743711,145.18239795918367,46.93340806087893,92.98616868622449,52.77207810368078,120.47124123086735,55.30318447820747,162.20344387755102,15.855108689569892,106.0870137117347,46.1411653173282,145.48618861607142,47.12828602193774,47857.5,1523.727043747902,20.641578606857884,0.25902728930366203,Normal,synthetic_Normal_11.png
4303.5,932.5899616479874,0.06217992566053895,1.705128205128205,133,78,0.5207211567547946,0.41483516483516486,0.038461538461538464,0.09646130120847829,3.123761913672693,197.9080705270772,7.175599851199632,0.2627619555865728,0.05574921802240555,0.823879811175463,177.44369818239795,25.51438956752236,172.68578603316325,25.504306086581632,192.6054089604592,19.660876724631507,126.3666693239796,12.593774543085024,30.343710140306122,18.785822696527536,192.98814174107142,19.298052200281962,4303.5,932.5899616479874,0.09381437680527549,0.06217992566053895,Normal,Normal_0011.png
27922.0,1437.9940692186356,0.169684509365548,1.2375690607734806,224,181,0.7853074770429329,0.6886838989739542,0.038461538461538464,0.06937943194995433,3.7491261783235394,63.056492648142225,5.397420915935555,0.21470212711523123,0.021864833607774053,0.9770960353206258,130.3622050382653,35.79011851084681,138.4714205994898,41.00861729910182,181.14261798469389,23.011665285069537,113.61776546556122,7.848552177463437,76.78224649234694,31.337119260554424,181.16364397321428,23.03755673320176,27922.0,1437.9940692186356,1.2546957850274107,0.169684509365548,Normal,Normal_0005.png
24241.5,2168.8195312023163,0.06476233847678545,1.051643192488263,224,213,0.6494621639361831,0.5080797283702213,0.038461538461538464,0.07104419665263265,3.738814641926237,265.6006334669007,9.907936354935309,0.20465223734411064,0.037012648525518,0.9186015665824663,141.33003826530611,47.34678409451821,146.68666294642858,39.875610689527974,171.05600286989795,32.58792029671881,118.4762037627551,14.006286161672708,55.14287707270408,35.514038703571565,171.2051777742347,32.421864072045814,24241.5,2168.8195312023163,0.9347201604040949,0.06476233847678545,Normal,Normal_0039.png
27458.5,1928.1677296161652,0.0928104872643941,1.1727748691099475,224,191,0.744950419837491,0.6417936611817502,0.038461538461538464,0.06303968052134845,3.890037141118809,142.33383736689927,7.6005168533775525,0.17987296132340513,0.018863930440724482,0.9378310021589403,109.83520009566327,39.76069356164465,105.76546556122449,36.22365333865524,127.5971978635204,31.398333530518695,127.12515943877551,26.201411238088614,77.19224330357143,31.585728350524867,133.31393494897958,31.1944394146822,27458.5,1928.1677296161652,1.2086937383074723,0.0928104872643941,Normal,Normal_0089.png
7584.5,1379.5748040676117,0.05007792341730582,1.1824324324324325,175,148,0.5049432442328817,0.29283783783783784,0.038461538461538464,0.08876790409580451,3.3331292080086232,301.4983295083746,9.301400161393858,0.23822280110965377,0.04989844584203926,0.8472605839717859,169.65621014030611,36.75087029355076,169.1336296237245,31.763898579629352,190.09319196428572,26.0062496453244,123.31991390306122,13.155496898760669,37.401446906887756,26.22715639866009,190.44595025510205,25.666477062971772,7584.5,1379.5748040676117,0.17807543758731204,0.05007792341730582,Normal,Normal_0062.png
8692.0,1032.7981120347977,0.10239970628383777,1.0454545454545454,138,132,0.6308378996262293,0.47716293368467283,0.038461538461538464,0.09207309674481669,3.2109194505036727,204.94795767716118,6.940540670143615,0.30864367621092703,0.07967002490359054,0.9407702223762078,193.3269491390306,46.032469295269465,214.33272879464286,45.97766580423144,235.18807796556123,32.18579476741639,107.39915497448979,20.302045840101556,57.79619738520408,34.39293302938992,236.9276347257653,29.63465027370647,8692.0,1032.7981120347977,0.20952656445858645,0.10239970628383777,Normal,Normal_0076.png
10403.0,1763.4986826181412,0.04203569026816622,1.2134146341463414,199,164,0.42385104302477183,0.3187584262777301,0.038461538461538464,0.07743422909611332,3.583050206954645,224.05529224340148,8.433922156906807,0.21844025794327443,0.03266941393984328,0.9136211545512176,194.3750996492347,39.48701603032204,198.0277024872449,42.82919975708634,227.68851642219389,32.20461045338029,119.77427455357143,25.335808049383022,60.46047911352041,30.603900488162086,231.9910514987245,26.871420539882383,10403.0,1763.4986826181412,0.26155934930731906,0.04203569026816622,Normal,Normal_0116.png
3727.0,626.4995614290237,0.11932397547206494,0.6403508771929824,73,114,0.5511682934043183,0.44784907474164865,0.038461538461538464,0.08441816240311899,3.4411507239202894,300.29612591256046,9.240906809938416,0.23034552891714263,0.04498672347949622,0.8354431352938425,170.0501634247449,34.71478482503413,166.4704440369898,31.090747332363154,187.49968112244898,25.776471803231857,125.74491788903062,15.019079466073979,36.66555723852041,24.363775671510602,188.5435865752551,25.057234657731097,3727.0,626.4995614290237,0.08023854119572003,0.11932397547206494,Normal,Normal_0102.png
14298.0,1721.7829545736313,0.06060777610886603,1.1269035532994924,222,197,0.628732245723583,0.3269309919056112,0.038461538461538464,0.08740459716457091,3.3583468039814406,62.778376439565534,5.091210416795842,0.22074544460072454,0.03776521727774424,0.9084589264371332,95.17121731505102,15.735953046212623,117.76620296556122,24.029668965114002,167.6688456632653,21.80361326500389,112.7295918367347,9.904421166046161,115.82828443877551,17.010166163920818,167.6719746492347,21.796564020508434,14298.0,1721.7829545736313,0.39851719716818107,0.06060777610886603,Normal,Normal_0103.png
14579.0,2291.6794826984406,0.034884286680994796,1.0722222222222222,193,180,0.47618892082571207,0.41966033390903856,0.038461538461538464,0.08115045384790943,3.5060099890461096,113.49726957266495,5.965009406581306,0.2585712185581594,0.03794159905592662,0.8919202961316464,224.32712850765307,16.906300403016377,154.4227519132653,28.832325352290624,188.99978077168367,32.45030203483773,161.56973453443877,15.606038238624846,80.54542012117346,28.92646200681964,225.16980229591837,16.499036867737278,14579.0,2291.6794826984406,0.40955698513919714,0.034884286680994796,Normal,Normal_0117.png
2721.0,374.1320300102234,0.2442804014281104,1.6825396825396826,106,63,0.6988570694747657,0.40745732255166217,0.038461538461538464,0.08793589276797141,3.344093859805863,93.95101651140813,5.274790119892732,0.2822544839911408,0.040759225938939755,0.9065719745106523,222.09614158163265,15.394470450270134,167.48784279336735,28.16666435751414,198.45653300382654,32.32738488381587,158.23873963647958,16.220018172455916,64.8819355867347,27.017310013881044,223.88705755739795,15.31157259476675,2721.0,374.1320300102234,0.05733853124012222,0.2442804014281104,Normal,Normal_0077.png
4483.5,399.4873687028885,0.3530375772710495,0.8495575221238938,96,113,0.8501137656427759,0.41330199115044247,0.038461538461538464,0.08021396718948526,3.480657926860099,28.120199228679603,3.326956564069363,0.3277749422811401,0.054131924069176475,0.973041821795879,176.92709661989795,21.775408917005024,188.7722018494898,25.80119021202735,203.70802774234693,12.624635816398007,104.16523836096938,10.927200880546172,35.32684948979592,17.846581513190095,204.2437818877551,12.883838898643624,4483.5,399.4873687028885,0.09812332439678284,0.3530375772710495,Normal,Normal_0063.png
15502.0,2416.3312858343124,0.03336450166035139,1.2727272727272727,224,176,0.5478416058523139,0.3932122564935065,0.038461538461538464,0.08666109643105827,3.364587272729243,117.10594549705107,7.059650537269896,0.17813198671445268,0.03094377619729762,0.783833894960401,142.19252232142858,31.50975722834794,87.24154974489795,21.145842431228697,114.35259885204081,23.932978597470655,153.4719786352041,26.853091821559293,105.38169642857143,36.3960496215352,149.04468271683675,25.031411954776225,15502.0,2416.3312858343124,0.4470785026244448,0.03336450166035139,Normal,Normal_0088.png
18451.5,1754.1433452367783,0.07535487975930472,0.9017857142857143,202,224,0.6221109593890659,0.40778597949080625,0.03846153846153846,0.06953023271812374,3.762104534617661,84.2729958702109,6.327330017941252,0.1774205610582897,0.020108395181927724,0.9672737203721339,127.02000956632654,38.64862735586163,139.41452088647958,37.51884713988898,175.77150430484693,23.83259139591397,111.62272799744898,5.627171918048605,75.40523357780613,36.522871038977975,175.77566964285714,23.836252874187057,18451.5,1754.1433452367783,0.5816167315481725,0.07535487975930472,Normal,Normal_0075.png
26382.0,2616.0226286649704,0.048443396750949046,1.0,224,224,0.6797207121325329,0.5257892219387755,0.038461538461538464,0.07301863783141382,3.6879752808443493,249.0217788755997,9.793629075539576,0.1818135243602081,0.03185617924799707,0.9466970110301844,175.5967793367347,53.583648167286945,172.24695073341837,53.353950870862576,205.98511240433675,44.385407634188944,123.53936144770408,25.840146571708004,70.54500159438776,36.936170074947974,211.16527822066325,40.56628074551961,26382.0,2616.0226286649704,1.108766916029251,0.048443396750949046,Normal,Normal_0061.png
13639.0,1085.827548980713,0.14536862451917942,0.5201793721973094,116,223,0.7278597539824425,0.527253749806711,0.038461538461538464,0.08899941470498868,3.3156217206448324,178.47276317599346,6.977123770653577,0.2656619039970304,0.03984414829779266,0.9621456939563136,188.27507174744898,36.862721564556246,193.87751116071428,57.40486028523111,219.60690369897958,52.95586645145799,117.70350366709184,25.29448607247725,59.794304049744895,28.56218321820094,225.2551817602041,43.88765122197831,13639.0,1085.827548980713,0.3732928264499001,0.14536862451917942,Normal,Normal_0049.png
16784.0,1892.3027251958847,0.058901194905346455,1.0,224,224,0.4628409122245815,0.33450255102040816,0.038461538461538464,0.06597304348793748,3.8378424963056514,306.37659190163635,11.24133814673914,0.1406484883952936,0.016299807686792577,0.9228481248540955,164.7948222257653,55.36558775857657,160.83252949617346,48.65198351913218,201.3987364477041,41.08819229893799,126.19461495535714,23.69785014683086,83.63462611607143,37.94712830252589,207.3445272640306,37.947655746224726,16784.0,1892.3027251958847,0.5026353617632966,0.058901194905346455,Normal,Normal_0101.png
588.0,123.39696896076202,0.485264147619059,0.7428571428571429,26,35,0.8609077598828697,0.6461538461538462,0.038461538461538464,0.11834519339744701,2.3032091895545577,9.839072381269768,1.4922691173507368,0.5377617973762894,0.14461047380028694,0.9120635652556638,215.28744818239795,11.378797105771937,220.87545838647958,6.636431733475706,249.00083705357142,6.983061864133878,115.39014668367346,5.0866740019342,35.128148915816325,8.353898946017546,249.00083705357142,6.983061864133878,588.0,123.39696896076202,0.011857707509881422,0.485264147619059,Normal,Normal_0115.png
1466.0,347.705624461174,0.1523773451380381,2.25531914893617,106,47,0.5578386605783866,0.29425933360096346,0.038461538461538464,0.08691071976527014,3.363838393183591,138.35398861813184,5.769779371589902,0.3488534642973708,0.06438173366184255,0.8904408443033615,180.8874960140306,36.53754433382535,205.72556600765307,21.621954340831632,233.82485650510205,20.34507633012577,107.46215322066327,5.828531711075108,59.911252391581634,28.34372918924169,233.82485650510205,20.34507633012577,1466.0,347.705624461174,0.030096489427222338,0.1523773451380381,Normal,Normal_0129.png
1402.5,299.6639938354492,0.19626533829318385,0.7846153846153846,51,65,0.6316145012384599,0.4230769230769231,0.038461538461538464,0.08447798382109459,3.4322436100429305,121.818234163811,5.938106075430836,0.2684119873276422,0.05088572978097844,0.9137520239021797,175.95248724489795,27.150848627364518,193.6583027742347,28.461711982396885,203.42918925382654,19.40285830961831,98.53025350765306,9.580134628265036,37.05365114795919,19.228817967620206,204.27036830357142,19.681833380108742,1402.5,299.6639938354492,0.02875536920663885,0.19626533829318385,Normal,Normal_0128.png
16400.0,1437.2833932638168,0.09976286132247517,1.8983050847457628,224,118,0.711712884607039,0.6204600484261501,0.03846153846153846,0.07552831479697651,3.6372576517525523,169.08132115482937,7.416578590969511,0.2520503920946907,0.037557906602443375,0.9526277370268952,146.46430564413265,37.82321120623188,125.62334582270408,48.854895694503085,145.1868821747449,43.49343378949847,133.3558274872449,32.10909966428289,62.82774633290816,50.28984909131245,157.00398596938774,33.796027878654655,16400.0,1437.2833932638168,0.4855518711511132,0.09976286132247517,Normal,Normal_0114.png
2411.0,674.4406859874725,0.06660695064041051,0.4954954954954955,55,111,0.5869036027263875,0.39492219492219494,0.038461538461538464,0.08435646242020914,3.4498521532887576,138.41283957177313,5.827489619822945,0.3103193745152239,0.048440959451602345,0.9149642260998898,163.50587930484693,37.710969659412925,235.21293048469389,36.97965816767339,251.95083306760205,15.318613227576279,96.4793925382653,13.984416644195038,92.39674346301021,33.53134391803904,251.9579480229592,15.280256341546428,2411.0,674.4406859874725,0.050476290170627026,0.06660695064041051,Normal,Normal_0100.png
15016.5,962.6488364934921,0.20363048888904503,1.0,150,150,0.818404774232226,0.6674,0.038461538461538464,0.06779117660315673,3.7767021158424177,342.37986204489437,11.032282810659556,0.17974496837589227,0.02548999160834053,0.9254578285867919,195.01520647321428,53.34955829849531,176.7389588647959,53.32635776183368,206.82477678571428,44.67769877831887,131.49621332908163,28.685029905847905,65.44549186862245,39.48471587579408,218.65246332908163,37.300652553992855,15016.5,962.6488364934921,0.4270965172997341,0.20363048888904503,Normal,Normal_0048.png
10196.5,1076.1290645599365,0.11064512028528456,2.174757281553398,224,103,0.6447156270747052,0.4419426144244105,0.038461538461538464,0.09776949329437014,3.0820461268436126,81.48665483659033,4.529353304800329,0.3384755591721705,0.07879922847992911,0.9438302913500959,216.41579639668367,27.262951775923895,163.96639827806123,34.644826132458256,207.76580436862244,31.912227212746014,149.49607382015307,18.93864036152741,74.67713647959184,28.277686313895764,227.78898278061226,20.85383343787301,10196.5,1076.1290645599365,0.25504320964494304,0.11064512028528456,Normal,Normal_0060.png
11078.5,1052.697606921196,0.12562716369044793,0.7944444444444444,143,180,0.6566788180551851,0.4304001554001554,0.038461538461538464,0.08296871283401573,3.4377054821308586,210.35437987281824,7.1700946761266255,0.3260348940249026,0.08733894115362274,0.9394450653318591,210.0206074617347,44.30296158690507,217.18445073341837,46.44258586316883,238.03465800382654,30.061783587544376,109.01068239795919,20.75967753748486,43.44124681122449,34.82956944546812,239.68209901147958,27.511856848383328,11078.5,1052.697606921196,0.2833557132809003,0.12562716369044793,Normal,Normal_0074.png
12869.5,2271.652142763138,0.03133919817442678,0.7678571428571429,172,224,0.43416436137912423,0.3340297965116279,0.038461538461538464,0.08979065340750746,3.216548055685535,1213.3444353921336,21.803621872871144,0.10220397298875827,0.012156702309814733,0.7853555487990238,160.53409996811226,61.36336240781787,109.34727758290816,56.66506086865629,131.7237324617347,57.87008549215864,157.40056999362244,29.093903082639066,90.84735730229592,57.688196121313,161.33258928571428,61.56399073450197,12869.5,2271.652142763138,0.34496669481189607,0.03133919817442678,Normal,synthetic_Normal_8.png
7588.5,1037.0996277332306,0.08865941180871141,0.696969696969697,115,165,0.5871634168987929,0.39992094861660077,0.038461538461538464,0.09710510413264671,3.0747686815960913,246.94346448458202,7.403096349161257,0.35737812294480586,0.13372130322362744,0.89373799528742,209.2453164859694,35.982053515756185,224.24133051658163,39.14101464702146,239.89933434311226,24.576650086364804,104.54860889668367,20.466855362394174,41.45282605229592,26.783808838203225,240.73250159438774,22.990959446849285,7588.5,1037.0996277332306,0.17818608746697975,0.08865941180871141,Normal,Normal_0058.png
8380.0,649.4701235294342,0.24965227450793467,0.575,92,160,0.8671806281368034,0.5692934782608695,0.038461538461538464,0.08116726504860707,3.526419617884777,81.4242752040211,6.43136622601371,0.16953581125716186,0.020896194073839976,0.9470802748746044,111.228515625,29.5381115961702,124.38889110331633,29.397262300590345,166.3337252869898,20.701243185591466,112.60154257015306,4.44984862151578,87.68162069515306,27.0690766544713,166.33448262117346,20.702246625652666,8380.0,649.4701235294342,0.20049765527801702,0.24965227450793467,Normal,Normal_0070.png
2443.0,504.2152907848358,0.1207539392238652,1.2388059701492538,83,67,0.5926734594856865,0.43930947671282145,0.038461538461538464,0.10470165333288685,2.871195607975637,148.67141205766643,5.453599809543278,0.3627288881272058,0.09614848874566242,0.881348503800267,187.8146524234694,27.488081639962836,182.92641900510205,25.55219651752767,201.53625239158163,21.256848225416444,128.1154336734694,11.037080763905287,26.61328125,17.018812808910173,201.62061543367346,21.13218108844695,2443.0,504.2152907848358,0.051180525003666225,0.1207539392238652,Normal,Normal_0064.png
6387.0,864.2051854133606,0.10746648505838585,1.246031746031746,157,126,0.5359570361668206,0.32286927509857444,0.038461538461538464,0.06707925056938828,3.694146662093095,35.08940841709799,3.9921384569331644,0.2710608997938485,0.047699503129205664,0.9730245145329235,160.67428651147958,26.225668944459077,169.80297353316325,28.03791442272334,195.58384486607142,14.617003570508908,110.7208027742347,8.121771000425932,47.93666294642857,23.73830804229763,195.62250876913265,14.623643302917896,6387.0,864.2051854133606,0.1458585489506497,0.10746648505838585,Normal,Normal_0138.png
9217.5,1434.2022203207016,0.0563121655918505,0.624390243902439,128,205,0.49637847007189206,0.3512766768292683,0.038461538461538464,0.07983500600617997,3.5499594901302043,353.53558843445916,10.786577045810152,0.1975918543581565,0.039502237558288966,0.8578960394100605,159.8736647002551,39.057238972383395,158.04725366709184,36.43728968284424,180.46667729591837,29.61027896095986,123.70240752551021,13.177765616372353,41.31044722576531,28.12721191825186,180.7791972257653,29.187840290913964,9217.5,1434.2022203207016,0.22504486248275693,0.0563121655918505,Normal,Normal_0104.png
1026.5,191.72286939620972,0.350930388647306,1.0714285714285714,45,42,0.7832888210606639,0.5431216931216931,0.038461538461538464,0.11506460664712327,2.449587971316402,7.901542713241689,1.483934823338398,0.5267792315414299,0.12995293206933808,0.9394335264018459,214.40876116071428,11.138487070702457,219.58657525510205,7.55049160064618,248.26422991071428,7.5298974141112325,115.70661272321429,4.898751756508151,35.414720184948976,7.416275193690767,248.26422991071428,7.5298974141112325,1026.5,191.72286939620972,0.02088525824270847,0.350930388647306,Normal,Normal_0110.png
21826.5,1419.2316579818726,0.13617186434740552,1.2375690607734806,224,181,0.6820354977813886,0.5383410615627466,0.038461538461538464,0.07929052216023506,3.557018791569017,60.22061012481382,5.467964463272659,0.20045903201399987,0.024502456984368478,0.9775103725107953,125.95202885841837,38.75974190758744,138.4577088647959,38.55006855711611,174.56831951530611,23.31626629821414,111.17785395408163,5.767772195225599,75.56646603954081,36.42263452140541,174.57954001913265,23.32514675660132,21826.5,1419.2316579818726,0.7699077585142595,0.13617186434740552,Normal,Normal_0111.png
1119.5,173.92388010025024,0.4650670070432455,0.6785714285714286,38,56,0.8595009596928983,0.5260808270676691,0.038461538461538464,0.09869634016182831,3.0510225354314304,250.56941991618254,7.456007884671923,0.2894480950865046,0.07404759662563387,0.7322959809998776,184.5045838647959,22.375970393583163,177.7463926977041,23.84200001563755,196.8525988520408,18.75570694457732,130.1652981505102,10.584378960915688,26.74738919005102,15.88406355212455,196.9639668367347,18.57844392954609,1119.5,173.92388010025024,0.02282062519747638,0.4650670070432455,Normal,Normal_0105.png
2859.0,315.70562410354614,0.3604619120583243,1.208955223880597,81,67,0.7847927532253637,0.5268103924820343,0.038461538461538464,0.10839412088609696,2.6866485037478736,21.68362075396023,2.1077086255734985,0.5001480627868501,0.13471616918518858,0.955403699380053,209.70587531887756,21.30328951246865,217.03441884566325,13.95643644048501,246.16037547831633,11.636974421178774,114.72935267857143,5.214386254104636,38.806361607142854,15.310257677197972,246.16037547831633,11.636974421178774,2859.0,315.70562410354614,0.060422258384935645,0.3604619120583243,Normal,Normal_0139.png
20087.0,1057.009227156639,0.22592661039722178,1.7777777777777777,224,126,0.8467488671092844,0.7116992630385488,0.038461538461538464,0.07559151920414622,3.636360755995873,142.82560563949647,6.994038906046589,0.22942346146151754,0.028327543768686222,0.9647553314568681,169.0456991390306,39.002833566616296,159.19391741071428,56.00531161880956,199.51060267857142,52.52072226015761,127.583984375,25.856298887514242,87.20047433035714,33.3770273871844,210.3469387755102,40.86896830540615,20087.0,1057.009227156639,0.6675861610555353,0.22592661039722178,Normal,Normal_0065.png
12013.0,934.2884458303452,0.17294156511649603,1.4523809523809523,183,126,0.7245476477683956,0.5209905455807096,0.038461538461538464,0.07425129696943016,3.624516928941289,39.7665124978684,4.1773340382618205,0.27063778299248975,0.03678751885184749,0.989373785344386,142.47781808035714,44.748724318303225,157.9142617984694,45.25590086588419,184.25882892219389,30.862716765193838,106.90292171556122,8.302793900420744,64.1484375,39.16606435485176,184.41741071428572,30.955966759083413,12013.0,934.2884458303452,0.31478133270445197,0.17294156511649603,Normal,Normal_0071.png
17703.5,1235.9524397850037,0.1456349064019052,0.9219512195121952,189,205,0.7265209808146096,0.45692347399664474,0.038461538461538464,0.0985867315158031,3.0541948751995545,23.188701373496496,2.5346550419663396,0.43925692342979195,0.08387859572773901,0.9344889256119493,161.7233737244898,19.010913401257863,98.13410794005102,17.24743179759558,117.89405293367346,16.585998915970222,167.2814094387755,11.855215207043653,99.70473931760205,32.486151236822835,162.47140066964286,17.451409034663644,17703.5,1235.9524397850037,0.5451843867888213,0.1456349064019052,Normal,Normal_0059.png
2784.0,1229.3666534423828,0.023148147314147667,1.505050505050505,149,99,0.23505572441742653,0.1887329672564572,0.038461538461538464,0.07987577845212317,3.4401312449092813,566.8461658251846,15.675765749970001,0.09714344094385152,0.013958740736911444,0.8018181096710387,129.79195232780611,91.3674584299464,102.74125079719387,58.07563181802723,129.2432238520408,44.11812997917443,131.2957389987245,39.7656290793766,170.92442602040816,63.86321595433667,175.0995097257653,56.49182643392992,2784.0,1229.3666534423828,0.0587440918298447,0.023148147314147667,Normal,synthetic_Normal_9.png
1925.5,277.46298360824585,0.31429920533445255,1.7391304347826086,80,46,0.7973084886128364,0.5232336956521739,0.038461538461538464,0.09401271238525787,3.1656917775093847,67.3613730508707,3.917447319269618,0.39237745999202134,0.07989216104707234,0.9015857387104984,196.16846699617346,26.815196924924415,210.31449298469389,16.067237363156334,239.71243223852042,14.652037140896855,111.34095982142857,5.169413198418919,47.38426737882653,20.277984775295867,239.71243223852042,14.652037140896855,1925.5,277.46298360824585,0.03990632221427757,0.31429920533445255,Normal,Normal_0098.png
7023.5,755.5950136184692,0.15459138365963374,0.47435897435897434,74,156,0.7571690383786115,0.608411295911296,0.038461538461538464,0.08342937454060437,3.454187011288284,107.96433128022753,6.191485687658939,0.23737782096729898,0.0322620318299873,0.9298406670137723,225.90415736607142,17.38942614111598,148.06140385841837,37.11699654943285,187.83739237882654,38.30432438810452,159.9639269770408,13.045243816694827,90.47973134566327,37.75283531331662,228.35509008290816,16.488086322947524,7023.5,755.5950136184692,0.16275997914373444,0.15459138365963374,Normal,Normal_0067.png
13796.5,1647.8834594488144,0.06384483959818321,0.7611940298507462,153,201,0.6202625545115317,0.4486228985790004,0.038461538461538464,0.06293044216565415,3.8451255511448363,317.86932262927996,10.759640050530178,0.20081370203001683,0.04328879832869299,0.9326616425564435,190.42442602040816,53.14826348078165,185.25430484693877,53.56805440827761,210.07479671556123,42.91645548952348,124.09903140943878,30.026216526708303,58.909299266581634,37.02288968018421,217.37593670280611,39.00883295701356,13796.5,1647.8834594488144,0.37923830728844543,0.06384483959818321,Normal,Normal_0073.png
2617.0,396.1320301294327,0.20957219752950906,1.4,91,65,0.6879600420609885,0.44243448858833473,0.038461538461538464,0.08640559741392853,3.3604243280642665,111.55274854299603,5.3773995985491245,0.3470678911132712,0.06862759725509171,0.8994383730050615,183.9896165497449,34.062787161253986,205.53774713010205,20.263666036803603,234.98624840561226,18.535071571936673,108.48435507015306,4.888219009323218,57.16053491709184,26.795339004158773,234.9862683354592,18.535063522331075,2617.0,396.1320301294327,0.055026388275615554,0.20957219752950906,Normal,Normal_0113.png
3022.5,454.65894186496735,0.1837404179136602,1.0113636363636365,89,88,0.6251292657704239,0.3859167517875383,0.038461538461538464,0.09490080424482224,3.165664896460336,245.25733127247253,8.182466849308557,0.2586711508694285,0.06121889259747259,0.851198675391254,176.96055883290816,31.39170579881554,172.2069714604592,29.65333143843139,192.30241549744898,24.10047160802352,127.68943319515306,11.566287504908683,30.775649713010203,20.30854920802313,192.38895089285714,24.02200709068,3022.5,454.65894186496735,0.06409916549142694,0.1837404179136602,Normal,Normal_0107.png
4751.0,661.5878729820251,0.13640171241909796,0.43523316062176165,84,193,0.5772782503037667,0.29305452751048605,0.038461538461538464,0.0927270907486835,3.1716346740789643,97.4859207648085,4.312700652744944,0.41199339891778636,0.09774592211341697,0.9765631635576841,191.92930883290816,53.24042013494422,202.02475286989795,43.44745822042804,231.94044961734693,43.00434264811304,114.2242506377551,6.255980448407283,50.35606664540816,37.09953273435938,231.94044961734693,43.00434264811304,4751.0,661.5878729820251,0.10458998348926803,0.13640171241909796,Normal,Normal_0106.png
15802.5,1234.8397423028946,0.13023102721519525,0.8699551569506726,194,223,0.7345899962811454,0.36527437473995655,0.038461538461538464,0.0886729067036183,3.316311174867158,39.110192747729045,3.6046674710536903,0.33550600545159737,0.04982400765807679,0.969289945726947,115.13309151785714,22.167178290082457,124.69808274872449,30.870460907731523,150.5451809630102,24.834365034726183,116.06812021683673,18.316647749072676,74.37496014030613,19.655735175804157,151.4685905612245,23.393777457157555,15802.5,1234.8397423028946,0.4597291518175339,0.13023102721519525,Normal,Normal_0112.png
26833.0,1527.886423945427,0.14444314993461657,0.7142857142857143,160,224,0.8248059632675018,0.7486886160714286,0.03846153846153846,0.06461539309649503,3.8142122171691075,181.3834159113773,7.268917424553992,0.31660764195638497,0.07323840064179492,0.9699916535077402,94.10857780612245,57.349191942070874,84.85481106505102,55.55119632660759,103.90642936862245,58.05350374432452,131.45916374362244,34.30399854444683,64.78156887755102,42.379138150093915,108.14128268494898,58.57651795027338,26833.0,1527.886423945427,1.1495094889260165,0.14444314993461657,Normal,Normal_0072.png
6342.0,473.7300091981888,0.3551193264791855,1.7555555555555555,158,90,0.8517896716137264,0.4459915611814346,0.038461538461538464,0.0696883167921398,3.671049454431334,40.13960841593526,4.011630714667659,0.29447867024990826,0.049662845437340834,0.9721012994380206,164.24304448341837,27.58730671954982,177.78065210459184,29.03208162934451,197.6600964604592,15.93630569325459,106.05402981505102,8.263529757359697,45.13233418367347,23.156263039557974,197.77006935586735,15.970245902566107,6342.0,473.7300091981888,0.1446822101564995,0.3551193264791855,Normal,Normal_0066.png
17967.0,1726.8367757797241,0.07571516160832532,0.7366071428571429,165,224,0.6818078324225865,0.48612012987012987,0.038461538461538464,0.06729562909355004,3.8014743062454803,254.87015987314163,10.046622882308395,0.1711193198640903,0.022921355765375347,0.9572250928344378,150.6935586734694,59.21122084058715,159.16131218112244,59.05865248023131,194.43732063137756,53.3666205682525,120.8656927614796,24.64960921970779,86.22407126913265,41.32799660890157,199.23098692602042,49.83191191179509,17967.0,1726.8367757797241,0.5578254525132726,0.07571516160832532,Normal,Normal_0099.png
7315.0,945.2346229553223,0.10288331577722656,2.234567901234568,181,81,0.7129629629629629,0.49894277334424664,0.038461538461538464,0.08584577480019707,3.3807207508514763,293.48459139496595,8.738965552149637,0.2723031272208561,0.060559792005253486,0.9256303800793051,202.2103196747449,49.26965550531819,201.455078125,50.03874191548315,227.8078762755102,36.06010638457456,118.09466677295919,24.781190218561456,54.66460060586735,37.68839331286681,232.17936862244898,31.75351238079307,7315.0,945.2346229553223,0.17066797321574392,0.10288331577722656,Normal,Normal_0080.png
5447.0,742.8914773464203,0.12402707089324437,1.759493670886076,139,79,0.7256861177724487,0.49603861214825606,0.038461538461538464,0.08294691637718342,3.47240918405441,76.92099815840274,5.907897725951687,0.18711782360340784,0.024024411136700098,0.957919752089311,137.8067004145408,34.09058714545772,153.6465840242347,31.218431080761366,183.44606983418367,19.411761570353573,108.98319913903062,4.990486079419199,66.37428252551021,30.44265430568237,183.4523477359694,19.41548706735819,5447.0,742.8914773464203,0.12177781752330703,0.12402707089324437,Normal,Normal_0094.png
13068.0,578.4264061450958,0.49082058393335276,0.2767857142857143,62,224,0.9804921968787516,0.9409562211981567,0.038461538461538464,0.08066460960708756,3.4452812463677907,1626.6375224511496,26.04591339261313,0.09276527038930277,0.01732716511680103,0.8187830044866994,122.74477838010205,66.40627080310833,79.23005022321429,73.3132040187548,110.19889987244898,71.85859298363827,115.99471859056122,60.08458502900715,123.78742825255102,64.36262832962218,125.60632573341837,68.53262433715342,13068.0,578.4264061450958,0.3521612590277029,0.49082058393335276,Normal,synthetic_Normal_7.png
18368.5,1518.4621062278748,0.10010958010486158,1.2444444444444445,224,180,0.6614988475943532,0.4555679563492063,0.038461538461538464,0.08188704803617554,3.493832576353557,58.2112597311132,5.386726863297474,0.2068701181528312,0.025365569810003607,0.9781056325655626,130.8595742984694,38.661920696418136,144.6809231505102,38.39127581347836,178.64022640306123,23.804017420530194,110.09283322704081,6.14921867254479,72.52180325255102,34.74083511871482,178.65160634566325,23.812527925006616,18368.5,1518.4621062278748,0.577489585789515,0.10010958010486158,Normal,Normal_0043.png
2449.5,323.46298348903656,0.29419692686756455,2.152173913043478,99,46,0.7541564039408867,0.5378787878787878,0.038461538461538464,0.10444367381879684,2.8789130294736767,103.54376191564793,4.260711732360925,0.42936820225891303,0.13298499062414693,0.9425347063971071,226.14861686862244,23.60388591747527,237.16268734056123,37.045583525623755,245.70300542091837,26.417136834230643,101.14730149872449,20.370134235061947,30.049386160714285,22.895560810360276,248.20998086734693,19.33315389367898,2449.5,323.46298348903656,0.051323688097807296,0.29419692686756455,Normal,Normal_0057.png
8346.5,1541.1139076948166,0.04416159822470226,0.9386503067484663,153,163,0.5699798545429713,0.33467661093067086,0.038461538461538464,0.10141869946649522,2.9890610402976483,251.31658268394398,8.079576069308173,0.27314952714426,0.06964671519117996,0.8673639911154312,176.77798150510205,34.993884053031394,174.15363919005102,31.77407322052864,194.44375797193877,24.640677183031336,125.10140306122449,13.224079428466798,34.156907684948976,25.964685495744884,194.8527383609694,24.21722340635888,8346.5,1541.1139076948166,0.19953621248162182,0.04416159822470226,Normal,Normal_0137.png
5853.5,1089.099627494812,0.06201407465016046,1.6590909090909092,146,88,0.5994060723977267,0.455596201743462,0.03846153846153846,0.07456059082433146,3.6681060107438768,180.492995318027,8.708504842791093,0.15075145018546104,0.019581982116927917,0.883397651478359,99.66376355229592,29.049761429110312,136.38071986607142,37.64223612668351,221.11551339285714,35.55469938959028,113.75562021683673,10.584473482617552,145.51739875637756,28.171995462550218,221.13946906887756,35.4940441240046,5853.5,1089.099627494812,0.1320661063793784,0.06201407465016046,Normal,Normal_0123.png
12196.0,1236.1118199825287,0.1003025007867574,1.15,161,140,0.6644330037318514,0.5410825199645075,0.03846153846153846,0.07333175378288477,3.7016498294685736,375.56523066953935,12.321956956414231,0.13937959359133303,0.018617194742952536,0.8607876631912333,135.54926658163265,43.86736176649336,140.1425183354592,37.002651073286,166.84496572066325,31.59672352360411,118.58284837372449,15.41366881085573,61.83725286989796,33.24831955883544,167.7156608737245,31.1349234286099,12196.0,1236.1118199825287,0.32111637704054763,0.1003025007867574,Normal,Normal_0122.png
1800.0,283.2203425168991,0.28198985342079885,1.032258064516129,64,62,0.7051909892262488,0.4536290322580645,0.038461538461538464,0.10860806006222493,2.7120891531431974,34.18727755033628,2.603286272978788,0.4686253048507194,0.12200096567405873,0.9076137511352441,207.6951530612245,18.58891103923335,215.65387834821428,12.517508389776877,245.0481505102041,10.591306559655989,114.16651387117346,4.776572459789026,39.54276945153061,13.661302374681748,245.0481505102041,10.591306559655989,1800.0,283.2203425168991,0.037208533156937326,0.28198985342079885,Normal,Normal_0136.png
948.0,193.8233746290207,0.3171070517650879,0.9069767441860465,39,43,0.797979797979798,0.5652951699463328,0.038461538461538464,0.09169763172051013,3.249432017774429,80.22948885741476,4.192941964008896,0.370492936047073,0.06649058380052689,0.9099945275435081,188.35893654336735,29.655335540799857,207.3563855229592,18.2356148718499,236.0890664859694,18.04714926677481,108.93265704719387,4.948079131208105,53.05249521683673,22.779712305505463,236.0890664859694,18.04714926677481,948.0,193.8233746290207,0.019257333224993907,0.3171070517650879,Normal,Normal_0056.png
6864.5,474.65894091129303,0.38287361749198456,1.0660377358490567,113,106,0.8616707462499216,0.5730923359492403,0.038461538461538464,0.07148291012993722,3.6965578524870604,56.40844361766828,4.880101810984867,0.24203312406386757,0.03170705727405209,0.9765197800307192,139.6014030612245,38.45680203853955,157.67438616071428,35.76403569543857,185.22859534438774,22.133517080486726,107.17695711096938,5.95781600457733,66.83735251913265,35.61386653418973,185.2470105229592,22.14487972814475,6864.5,474.65894091129303,0.15849139374069243,0.38287361749198456,Normal,Normal_0042.png
1151.5,280.97770142555237,0.1832863385573209,1.0769230769230769,56,52,0.6299234135667396,0.3954326923076923,0.038461538461538464,0.1039869696850805,2.865442431843828,45.75745454615883,3.071523197733879,0.44502691396656247,0.11116538694490317,0.9143180077241722,203.5853196747449,24.512900872827366,215.21430564413265,13.552279261679791,244.18865593112244,13.428902522926606,112.52423469387755,5.556858614978211,43.37910554846939,18.014434855603803,244.18985172193877,13.420878032584666,1151.5,280.97770142555237,0.02348825587206397,0.1832863385573209,Normal,Normal_0095.png
31448.5,3045.343477010727,0.04261252158307002,1.0,224,224,0.6381983481137244,0.6267637914540817,0.038461538461538464,0.051742643644293165,3.8258020205192222,1163.0990846747836,23.72802483105111,0.06801932666287604,0.012518285779725545,0.8558873145261109,154.22664221938774,76.54530114829696,102.36176658163265,59.13245594091014,115.5367506377551,64.54278218097693,150.2712252869898,56.42616262219053,102.79041772959184,39.248090250939725,154.2269212372449,76.54482410947892,31448.5,3045.343477010727,1.6792684554799093,0.04261252158307002,Normal,synthetic_Normal_6.png
17784.0,1574.6702554225922,0.09012806886096807,1.1337209302325582,195,172,0.7289570225237226,0.5302325581395348,0.038461538461538464,0.066860100347466,3.8193618326894523,95.63655721061716,6.758614384416266,0.17142602797745318,0.01880383037578836,0.9542997751063604,109.61110889668367,35.1140630009983,122.38386878188776,33.74606674199952,165.7119140625,22.778656716433364,112.88360969387755,4.669020292365227,90.64720184948979,33.753791703797724,165.7151028380102,22.78312180653088,17784.0,1574.6702554225922,0.5490244504816004,0.09012806886096807,Normal,Normal_0081.png
10098.0,4415.383353829384,0.0065089119762902084,1.7099236641221374,224,131,0.43856677524429966,0.34412486368593237,0.038461538461538464,0.09876280097733972,3.0556734094969413,1244.1051554799876,23.31903193103526,0.06363184637499246,0.01288920885564588,0.47921522829576074,151.68498883928572,39.15468381255265,94.0170599489796,38.88835452214819,135.1340481505102,41.08407180983889,158.65904017857142,3.2324907917964665,103.97855548469387,29.849549977893524,151.71368781887756,39.16256948511905,10098.0,4415.383353829384,0.2519586805728829,0.0065089119762902084,Normal,synthetic_Normal_4.png
4908.5,417.6883797645569,0.3535524677686922,0.8256880733944955,90,109,0.8221254501298049,0.5003567787971458,0.038461538461538464,0.06359334147625814,3.764373924733801,43.54583274400905,4.3591106518150475,0.26626634905512847,0.03777218848133094,0.9719903046636252,160.53415975765307,28.8218342854917,170.30624202806123,30.450138639749127,195.71169483418367,16.39447608224995,110.24184869260205,7.9470356987613116,48.789281728316325,26.04105491124228,195.73718510841837,16.405212710177864,4908.5,417.6883797645569,0.10843320262881759,0.3535524677686922,Normal,Normal_0097.png
12042.5,1118.295585989952,0.1210077811490504,2.4347826086956523,224,92,0.7379887241083466,0.5843604425465838,0.038461538461538464,0.09696621892749867,3.1209475744642394,37.80670589466147,3.1658643786037537,0.3982497566615421,0.09503726921005701,0.9704808763075763,175.57258450255102,16.526713146716954,156.9502949617347,33.12971244505956,170.0729432397959,25.082253489780474,137.3122010522959,37.45897159538437,34.143634406887756,39.05444606431611,178.88731664540816,13.45518598241183,12042.5,1118.295585989952,0.31579844493686654,0.1210077811490504,Normal,Normal_0083.png
9974.0,1042.7148525714874,0.115278444687494,1.0916030534351144,143,131,0.7435515133442672,0.5324294026584103,0.038461538461538464,0.09583693675849371,3.1519662497904344,247.27887462024725,8.424061957498765,0.2236903003960724,0.04902614604339762,0.860718435145321,171.07655054209184,34.51900984969045,170.5060188137755,30.810593849611493,191.19194435586735,24.82438332872018,121.9832987882653,14.611974732118776,37.503248565051024,26.21500243464333,192.03039301658163,23.579018601225563,9974.0,1042.7148525714874,0.2480971095965375,0.115278444687494,Normal,Normal_0054.png
1178.0,273.42135310173035,0.19801144728096265,1.853658536585366,76,41,0.6056555269922879,0.3780487804878049,0.038461538461538464,0.09430538645696061,3.1546046245995143,101.74379284305354,4.536171865312441,0.3989931085651261,0.08449756734645285,0.8888404435470669,193.88922991071428,30.263123293112958,209.86814413265307,18.93249603517938,239.1326530612245,17.015479066028977,110.67087850765306,5.750174838726939,49.746950733418366,23.081140336887177,239.1326530612245,17.015479066028977,1178.0,273.42135310173035,0.024041797624392833,0.19801144728096265,Normal,Normal_0040.png
13650.0,915.4600185155869,0.204674506421561,1.6371681415929205,185,113,0.787424286126334,0.6529538387945467,0.038461538461538464,0.07719005995964787,3.603224454650519,74.87635189332886,5.748588286239064,0.2005406583171514,0.026674511562563438,0.9519398581089114,141.59103954081633,30.082555458678325,153.76897321428572,29.5900137912286,183.27106584821428,16.724397788068003,110.36525430484694,5.917085245863997,60.32425860969388,27.105169556482615,183.28085140306123,16.729866632475556,13650.0,915.4600185155869,0.37370640091989266,0.204674506421561,Normal,Normal_0068.png
6501.5,854.8498477935791,0.11180050197468425,1.4301075268817205,133,93,0.6065397891594365,0.5256285875980273,0.03846153846153846,0.07522705111806857,3.637689305450558,109.36830156473108,6.2997662401575525,0.21107869579202357,0.02588865513526182,0.9329375039467089,114.10247927295919,33.816169854995096,128.16466039540816,30.62924909864819,147.80901227678572,26.229296213278737,113.62563775510205,19.08177240660448,71.5023118622449,35.96285588748291,148.91444116709184,25.88507568415885,6501.5,854.8498477935791,0.14886260861601164,0.11180050197468425,Normal,Normal_0120.png
345.5,89.154327750206,0.546226865331571,0.8888888888888888,24,27,0.8847631241997439,0.533179012345679,0.038461538461538464,0.09478166097300127,3.1739205890176305,82.77643796693829,4.379309492993975,0.35540152332236363,0.07552718472735725,0.8354123095608414,191.64429209183675,20.985379369139913,208.02527104591837,14.907114324507345,237.3631218112245,13.490258851361736,109.67143654336735,4.129952439424016,49.740852200255105,14.84974657417163,237.3631218112245,13.490258851361736,345.5,89.154327750206,0.00693350458052799,0.546226865331571,Normal,Normal_0134.png
16738.0,1403.391038775444,0.1067962564220087,0.6915887850467289,148,214,0.6905257946739826,0.5284794139934327,0.038461538461538464,0.07588449219553746,3.609361329366341,230.1050225186468,8.748244258207235,0.2424996184561214,0.054396387446406944,0.9576517583297229,170.17488440688774,61.76723447403569,190.3525390625,54.703332062627176,217.75874920280611,40.11626534560039,111.4967115752551,23.217999985058157,73.5472337372449,47.95328247601061,220.3831712372449,38.06887993538937,16738.0,1403.391038775444,0.5005682158023805,0.1067962564220087,Normal,Normal_0108.png
7208.0,790.8082180023193,0.1448379250131506,1.3448275862068966,156,116,0.6663585097531664,0.39832007073386383,0.038461538461538464,0.09892750228841357,2.972138106120652,132.03472406553965,4.942814452035045,0.4600351119906118,0.1948210513766957,0.9550535305817278,209.84032206632654,47.09158100301061,233.35287786989795,38.98352269794354,243.61658960459184,26.047857323584516,96.9994818239796,14.140313332713315,41.675123565051024,38.53304482482091,244.0244140625,25.24679724521612,7208.0,790.8082180023193,0.16775274622975236,0.1448379250131506,Normal,Normal_0109.png
7580.0,1114.3128311634064,0.07671226517581545,0.4489795918367347,88,196,0.581422106312802,0.4394712430426716,0.038461538461538464,0.09253701370149879,3.1778937944604886,243.47985407689112,7.0185247167367475,0.402393362935353,0.16398965579007213,0.8969387709429327,210.3307955994898,39.308986475136706,230.0814134247449,37.85953560343943,241.88773517219389,24.81535391534638,100.72678172831633,18.717169094169734,40.774135044642854,30.69307019840699,242.71047911352042,22.82656520991644,7580.0,1114.3128311634064,0.17795098131279932,0.07671226517581545,Normal,Normal_0135.png
1324.5,203.09545290470123,0.40351661937462197,0.7272727272727273,40,55,0.8272954403497814,0.6020454545454546,0.038461538461538464,0.09905098635502782,3.0239449829731875,59.56345906441835,4.859076382215274,0.21390341914155278,0.04089471614273947,0.8869310379733035,147.40529336734693,16.689395215796097,214.06401466836735,22.701807374157596,254.29761240433675,5.856497599553048,101.31804049744898,6.349204246672334,108.27949617346938,15.543651980849644,254.29761240433675,5.856497599553048,1324.5,203.09545290470123,0.02711278056968568,0.40351661937462197,Normal,Normal_0121.png
3417.5,955.6437839269638,0.04702472979715661,1.0495049504950495,106,101,0.5104555638536221,0.3192135251260975,0.038461538461538464,0.09857785678358208,3.0635428878249797,206.7551416509056,7.234923555784464,0.28476874357721205,0.06119285006003771,0.8799272653194788,177.78864397321428,33.68342994459958,174.78182796556123,29.65279344504943,194.98188376913265,24.88669738473289,125.6961894132653,11.823925737860025,32.243522799744895,21.71582824042611,195.04314811862244,24.81219541156415,3417.5,955.6437839269638,0.07308831549343969,0.04702472979715661,Normal,Normal_0069.png
14823.0,1341.307778120041,0.1035354526568508,0.8585365853658536,176,205,0.6632066396724905,0.4108370288248337,0.038461538461538464,0.08368085019037974,3.4649739715337713,79.96185502917913,6.120032603346429,0.18271014403032176,0.022579859947038396,0.9476072558877018,132.70324457908163,29.512473214740368,143.92623963647958,29.47702173770011,178.71968670280611,17.689684905003944,112.12312659438776,4.993660928803287,68.14660395408163,26.102968164804373,178.72068319515307,17.690547877192333,14823.0,1341.307778120041,0.41928549203745086,0.1035354526568508,Normal,Normal_0041.png
7383.5,790.7909721136093,0.14837090234861455,0.9338235294117647,127,136,0.6023904707514074,0.427483788791107,0.038461538461538464,0.07104963119954044,3.6439414849434297,46.51575348072531,4.34052950527773,0.2853115055778682,0.04634545362732119,0.9793642054189895,157.34375,35.31945056437944,170.8742825255102,35.78671700230174,194.07469706632654,20.15621096114091,106.87541852678571,8.390335203840625,51.63056042729592,30.34823158945966,194.13620057397958,20.186824326294822,7383.5,790.7909721136093,0.17254191739206637,0.14837090234861455,Normal,Normal_0055.png
603.5,156.61017155647278,0.30920549822633614,1.3548387096774193,42,31,0.6920871559633027,0.46351766513056836,0.038461538461538464,0.11195938494756252,2.5732202581710233,28.68142762066774,2.1159392631285296,0.5009428519540468,0.11725843294996594,0.9197026125118775,212.34733737244898,16.345675104820643,217.68881536989795,12.57209214334202,246.15704719387756,13.088232383765435,115.56814014668367,5.041356840713612,35.826590401785715,9.405490556718595,246.1580038265306,13.079226049388616,603.5,156.61017155647278,0.012174088456301376,0.30920549822633614,Normal,Normal_0082.png
23764.5,2288.133240222931,0.057039528223768156,1.0,224,224,0.48741193481894723,0.4736228475765306,0.038461538461538464,0.08909340979866734,3.2531698943979337,1047.5776061123133,18.398952270561843,0.12374473511989426,0.016923825803155726,0.8587184736620865,153.1708984375,79.55133268378445,87.53075175382654,52.0814581922312,137.77297911352042,79.14343570052202,128.2373644770408,57.09017433850108,130.71775350765307,46.46097401785681,156.97670200892858,79.05563132680933,23764.5,2288.133240222931,0.8997785055752229,0.057039528223768156,Normal,synthetic_Normal_5.png
7414.0,784.5239460468292,0.1513735644350063,1.0901639344262295,133,122,0.6824688176002209,0.4569209910020954,0.038461538461538464,0.08707864099620269,3.3575183375729827,109.77069641639278,5.811191216132414,0.2581902164345499,0.04371837205932503,0.9376974232113312,210.28609295280611,35.71307423605474,157.83199139030611,37.656801134775215,197.0314492984694,38.06913782689269,148.3553691007653,22.307310898683813,80.5680006377551,34.22918458165487,224.39542809311226,23.68259824862077,7414.0,784.5239460468292,0.17337823301061692,0.1513735644350063,Normal,Normal_0096.png
2809.0,723.2934980392456,0.06747338231450697,1.7692307692307692,115,65,0.5029993732652879,0.37578595317725755,0.038461538461538464,0.09056393020347847,3.2871605247639137,268.16299142363766,8.539262910556939,0.23666200969206053,0.04811356665820232,0.8033764388339151,175.96432557397958,28.100418021095848,170.17358896683675,27.579490734126253,191.01030373086735,24.341770616266103,127.27838010204081,14.505062387867575,32.45360331632653,18.22319131273947,191.7302096619898,22.983056356110673,2809.0,723.2934980392456,0.059302890197817044,0.06747338231450697,Normal,Normal_0092.png
9415.5,2305.6134717464447,0.022257698211622715,1.0,224,224,0.19744374777192947,0.1876494738520408,0.038461538461538464,0.09333108801447221,3.0177310098207175,975.4699908501862,17.49526534600029,0.17846321273380744,0.05005567787214177,0.8761427770159999,147.04412468112244,72.98647789007379,109.08380500637755,60.02514330878385,144.2891621492347,70.66554359703865,146.92432637117346,24.281208413419847,101.97419084821429,73.36608794174735,150.9763632015306,73.1863788776831,9415.5,2305.6134717464447,0.2309956943609622,0.022257698211622715,Normal,synthetic_Normal_1.png
19898.5,952.732097029686,0.2754790712984399,0.735,147,200,0.888821887213847,0.6768197278911564,0.038461538461538464,0.07445310378018892,3.6516509922714766,47.21325148509715,4.793536317541397,0.2242961812186704,0.022446096703858824,0.9783672886183336,113.11788504464286,35.413930572510104,124.38849250637755,34.713266685804506,168.61730707908163,22.238306630199816,113.65411750637755,5.281403227541051,88.77776227678571,34.261669869180885,168.61850286989795,22.239576434894154,19898.5,952.732097029686,0.6572041945338948,0.2754790712984399,Normal,Normal_0086.png
4343.5,423.06096279621124,0.30496063483296576,1.3424657534246576,98,73,0.8407859078590786,0.6071428571428571,0.038461538461538464,0.10280443738489302,2.8742891624263103,36.558741969045926,2.7606318103260907,0.4728274814506414,0.11050944924428546,0.9763620926155113,201.29966517857142,42.44378697174288,213.94379783163265,22.303993865150677,243.27774234693877,20.02552350502857,113.63022161989795,6.509126264535842,47.20928332270408,36.217635786682806,243.27774234693877,20.02552350502857,4343.5,423.06096279621124,0.09476899579992364,0.30496063483296576,Normal,Normal_0079.png
3439.0,319.56348860263824,0.42318253191006017,1.5873015873015872,100,63,0.799395629939563,0.5458730158730158,0.038461538461538464,0.07889224477932064,3.5216548581095193,30.108243739924824,3.4667444413013677,0.32374693432425156,0.05191622025423602,0.9688235230868354,177.5011758609694,21.479220244606893,188.95459980867346,24.70555824397836,204.1540377869898,12.079656333562017,104.82053172831633,9.675398638384506,35.11411830357143,19.219866587873266,204.35148278061226,12.147408589032999,3439.0,319.56348860263824,0.07358195861950917,0.42318253191006017,Normal,Normal_0051.png
566.5,145.09545278549194,0.3381443801881314,1.1612903225806452,36,31,0.7776252573781743,0.5076164874551972,0.038461538461538464,0.10894622580182034,2.681264009815527,15.954301791416075,1.8325870714241463,0.5239778253697259,0.1700108752030429,0.9063741912304326,186.5183553890306,5.522906220275593,176.7332389987245,13.531206847622553,184.88448660714286,8.427481869525005,135.6935586734694,41.6209899355595,15.981325733418368,16.95955849444833,188.10558832908163,5.109094815057903,566.5,145.09545278549194,0.01141918382567855,0.3381443801881314,Normal,Normal_0045.png
7789.0,648.6173112392426,0.23265612836603866,0.3717277486910995,71,191,0.8492150021805495,0.5743676720005899,0.03846153846153846,0.05748396536082667,3.950711848385782,330.10752298849906,11.422440751131797,0.16844881851934765,0.0279828742610126,0.9454358182206843,174.62615593112244,67.5657349268966,184.35343590561226,57.80278982292442,166.99746890943877,46.02087365871809,55.976343271683675,42.31622295993789,68.00821109693878,42.03189145274983,199.73754384566325,52.08372891929133,7789.0,648.6173112392426,0.18375917144407483,0.23265612836603866,Normal,Normal_0119.png
13380.5,1873.079417705536,0.04792584988292181,1.5886524822695036,224,141,0.5292919303797469,0.42364804964539005,0.038461538461538464,0.08629356402156906,3.3908732824040233,290.2717139692047,9.34762609759566,0.2483943674592784,0.049157916024453234,0.8824211649219739,165.05424904336735,39.657183085070784,162.9824816645408,35.80211622036674,183.78384088010205,30.265011039475578,124.54444355867346,16.096586763848812,39.52674585459184,28.897428020545867,184.77212213010205,28.838267218731463,13380.5,1873.079417705536,0.3636450109388376,0.04792584988292181,Normal,Normal_0125.png
13872.0,1453.4742987155914,0.08251525208168482,1.2427745664739884,215,173,0.5790736991505082,0.3729533539454228,0.038461538461538464,0.0727362646106383,3.6689219236390938,193.8391104047861,8.337678589419614,0.19821439798390034,0.032116180912914516,0.9552255030641865,192.0078125,44.722447119285555,189.07087053571428,56.056317271137,225.95308514030611,36.86364284916421,118.37771045918367,22.31454073701543,65.92857142857143,32.477918813544434,229.6942761479592,34.63460361575069,13872.0,1453.4742987155914,0.38210665491405904,0.08251525208168482,Normal,Normal_0131.png
21857.5,1166.6143468618393,0.20181606080598924,0.8676470588235294,177,204,0.8497259262138942,0.6053367674753517,0.038461538461538464,0.07817426502063399,3.5893183326242726,87.55704968050807,6.637291403489073,0.16639948047725645,0.018760039942207016,0.9634265919787355,106.70061383928571,37.74206487513657,122.32493622448979,35.859767374191605,163.97472895408163,25.146507872574727,111.50121572066327,4.3632128154656495,94.04898756377551,35.50705154296422,163.9776985012755,25.150427550866187,21857.5,1166.6143468618393,0.7718452601656162,0.20181606080598924,Normal,Normal_0130.png
13163.0,1337.7585691213608,0.09242921448823622,1.0362694300518134,200,193,0.5114327343370568,0.3410103626943005,0.038461538461538464,0.06834043582436253,3.7555219517972755,46.963714911805,4.9327313185876385,0.2112806485267799,0.022987628513440526,0.9759407402052624,131.24934231505102,32.395264998482645,142.57085060586735,33.38600427620732,177.83109454719389,20.45271733755943,111.92584103954081,5.433571355411551,70.00221221301021,28.352883738898072,177.83352598852042,20.453617167854812,13163.0,1337.7585691213608,0.3556318050414719,0.09242921448823622,Normal,Normal_0124.png
5288.0,528.1564152240753,0.23821888738409897,1.0833333333333333,104,96,0.7260245760966568,0.5296474358974359,0.038461538461538464,0.10779712611295279,2.7259326253059593,43.63918022757885,2.9057957764352778,0.44807234402736007,0.12572515062351441,0.9567809647518937,197.93648357780611,19.02215147544233,210.49543606505102,25.69776136769123,242.30715880102042,23.01859485882071,112.2901387117347,10.072243983576232,50.41045519770408,11.824081619914597,242.81098533163265,21.27147370560402,5288.0,528.1564152240753,0.1178043129566922,0.23821888738409897,Normal,Normal_0118.png
14007.0,977.4600187540054,0.1842285728854918,1.352,169,125,0.8005829903978052,0.6630532544378698,0.038461538461538464,0.06490645473113049,3.834338126347936,181.73981660073235,8.554697550801414,0.17341251203356808,0.01772032802330427,0.9483615633232166,154.7743144132653,42.307984211842474,149.20392219387756,48.903267429614715,192.99782764668367,46.56350600783129,126.1650390625,22.346103465110204,87.28443877551021,26.885137092755386,199.4404296875,41.07877698827411,14007.0,977.4600187540054,0.3872653377201471,0.1842285728854918,Normal,Normal_0044.png
4990.0,416.13203036785126,0.36211633713580493,1.486842105263158,113,76,0.8071168621107966,0.5810433162552399,0.038461538461538464,0.06763970334289264,3.69435377464946,48.691895711916,4.604981952151396,0.2521170631169405,0.04130953329660539,0.9686513734511918,160.9578085140306,27.793380725089687,171.73204320790816,30.45062756475503,194.6681680484694,17.106002864039127,108.67067920918367,8.178574234896674,46.21817203443877,22.52942143094522,194.72957190688774,17.125563008167376,4990.0,416.13203036785126,0.11043243482494577,0.36211633713580493,Normal,Normal_0050.png
21514.0,1694.268236398697,0.09418173582981537,1.382716049382716,224,162,0.7295725452294962,0.5928681657848325,0.038461538461538464,0.0951638655049409,3.172720908673857,68.75384219127832,4.569359369187509,0.27731233743565026,0.036904569063179744,0.907494423598465,185.38315130739795,14.265638038778546,131.4222337372449,29.135679261750205,156.03864397321428,21.801771595111855,158.44425621811226,21.84366473071828,74.22419084821429,42.207316556415,186.11945950255102,13.291173483368778,21514.0,1694.268236398697,0.7506105645105017,0.09418173582981537,Normal,Normal_0078.png
9376.5,1015.9036699533463,0.11416830768119156,0.541871921182266,110,203,0.6231681786461968,0.41990595611285264,0.038461538461538464,0.09328488146305564,3.205312385248575,109.29671539812047,5.799506614638251,0.2589579827636523,0.042788670555191956,0.9113354444506649,105.46906887755102,19.035161474158727,155.1644212372449,36.310825312200926,198.61288265306123,29.97972138045991,108.10847815688776,13.394488407643214,122.73557079081633,26.601954324391357,198.82985889668367,29.476027998874297,9376.5,1015.9036699533463,0.2298189928798147,0.11416830768119156,Normal,Normal_0087.png
5616.5,452.3157958984375,0.34497857038904334,0.9509803921568627,97,102,0.8319508221004296,0.5676672730948049,0.03846153846153846,0.10547451878091918,2.76853604402865,78.37967095856,3.569527932024569,0.5023698358512179,0.20040098178766677,0.9524789475241597,227.44108737244898,27.823653409643534,238.16808832908163,33.666157533739806,246.79360650510205,21.29913315049485,100.23084741709184,20.85916807222127,28.201391103316325,22.756038574225027,248.53820551658163,17.968762067445322,5616.5,452.3157958984375,0.12604495113275507,0.34497857038904334,Normal,Normal_0093.png
11461.5,1462.4377205371857,0.06734363619364647,2.357894736842105,224,95,0.6255423659435121,0.5386043233082707,0.038461538461538464,0.07634880366331837,3.6242023293192105,313.6289240508181,10.260539173421936,0.2055984637242957,0.0474793643510702,0.895102319511976,156.46081792091837,45.0413962814944,156.5598692602041,38.682443001173404,179.65184550382654,33.31590729535,122.7846978635204,14.535483316749634,47.193917410714285,32.48452130406339,180.3434510522959,32.69432019149681,11461.5,1462.4377205371857,0.2960518668715856,0.06734363619364647,Normal,Normal_0085.png
10232.0,3409.2572519779205,0.011062437996072795,1.0,224,224,0.2350643831053218,0.20392219387755103,0.038461538461538464,0.10076808274721709,2.9285265679296133,1691.1539200306772,27.325677811515085,0.07951031338009532,0.014006684835140008,0.7107507931861466,148.15754544005102,58.68400202352273,94.67127710459184,56.174011890353036,127.50123565051021,61.94790076497713,159.7810905612245,19.966446612467962,115.09829400510205,61.49731171501536,148.65929926658163,58.75898737178809,10232.0,3409.2572519779205,0.25615862207089923,0.011062437996072795,Normal,synthetic_Normal_2.png
1984.5,259.8061294555664,0.369455538491742,1.702127659574468,80,47,0.7953907815631263,0.5277925531914893,0.038461538461538464,0.09169220737900836,3.222597698508781,71.3583142166279,3.981342564247605,0.4005316963156059,0.07388064129570758,0.9014656013958877,196.13195551658163,27.123389886014163,209.64630500637756,16.838727062713435,238.6505500637755,14.867727509119879,111.62141262755102,5.576996048994817,46.604611766581634,20.384041445797912,238.6505500637755,14.867727509119879,1984.5,259.8061294555664,0.041179461108286734,0.369455538491742,Normal,Normal_0091.png
3303.0,624.0975402593613,0.1065647317107409,0.8529411764705882,87,102,0.6096345514950167,0.372210953346856,0.038461538461538464,0.08304692804364645,3.400017021001814,379.24729572895956,8.769216405619968,0.42716743472943675,0.17226351102478984,0.8586164750706994,218.72658242984693,50.31573303410801,239.05558434311226,33.818112596977855,212.6516262755102,29.120725094136805,47.546795280612244,19.963259523464654,39.92498405612245,26.29513841092096,239.69485411352042,31.55702459052655,3303.0,624.0975402593613,0.07046700659228126,0.1065647317107409,Normal,Normal_0046.png
7218.5,665.369619011879,0.20489477842732287,0.7734375,99,128,0.7231878976105796,0.5696417297979798,0.038461538461538464,0.08614465084792215,3.397743708312767,60.40198264771499,5.291143621349726,0.21059537991715477,0.031510272074083495,0.9645088178580034,144.66224888392858,30.829931504548856,155.99890385841837,31.17181320313558,185.779296875,18.492076961430048,110.68610491071429,5.700314519872858,58.8503268494898,26.6114225175431,185.78260522959184,18.49331349030059,7218.5,665.369619011879,0.16803817726823023,0.20489477842732287,Normal,Normal_0052.png
4188.0,540.1564143896103,0.1803754641165884,0.7798165137614679,85,109,0.7230662983425414,0.45202374527792766,0.038461538461538464,0.10272818598236388,2.881076340445748,194.51270929885365,5.5183370210489375,0.4563164611119837,0.1938217028530817,0.8971549450707398,209.4551379145408,42.419343815530986,239.3575215242347,28.187111624751278,245.4715202487245,20.694575416250252,93.46012037627551,6.724909968162942,39.783322704081634,32.643724798846115,245.49836575255102,20.623818121861504,4188.0,540.1564143896103,0.09106723493085153,0.1803754641165884,Normal,Normal_0132.png
30205.0,2277.689587831497,0.07316436895263476,1.0,224,224,0.7717662088789524,0.6019810267857143,0.038461538461538464,0.06621502309554683,3.8378638312984417,335.58836991505655,12.003452026436488,0.12715283851023443,0.018302308564301536,0.8974578435110777,97.87081473214286,42.341019477886604,76.09064094387755,43.57060609334855,97.51036352040816,48.49518343819917,135.2655652104592,39.423546346421354,96.91059470663265,39.11233528392143,112.38871173469387,43.962392741666314,30205.0,2277.689587831497,1.5124430424114967,0.07316436895263476,Normal,Normal_0126.png
4228.5,585.7716392278671,0.15486009342131965,1.9047619047619047,120,63,0.6546172304357922,0.5593253968253968,0.03846153846153846,0.06867367359908014,3.744974319467701,237.24005212854712,9.33321942425137,0.18024264194655468,0.025703603101665598,0.9343101382373789,171.54011878188774,52.859867969555594,190.4382174744898,45.710487529279746,222.2066725127551,37.6896349929061,114.07403938137755,22.240641279326198,76.18985172193878,40.550133495964154,224.64421237244898,34.263400849019824,4228.5,585.7716392278671,0.09202894607976495,0.15486009342131965,Normal,Normal_0127.png
331.5,77.69848418235779,0.6900305268304032,1.368421052631579,26,19,0.9221140472878998,0.6710526315789473,0.038461538461538464,0.08976037652138862,3.299438090537059,87.38754860712831,4.509683765461268,0.35434690438056965,0.07326221857872955,0.8358251823455893,191.03178810586735,21.01084012934919,207.38034119897958,15.595645620486756,236.61714764030611,13.596240979671899,109.62892617984694,4.146559634553105,49.75765306122449,14.783757702739415,236.61714764030611,13.596240979671899,331.5,77.69848418235779,0.0066506836260771,0.6900305268304032,Normal,Normal_0133.png
15710.5,1505.6681687831879,0.08708459428207312,1.1546391752577319,224,194,0.5488671895470505,0.3615266016200295,0.038461538461538464,0.06938949096580158,3.756218914166893,289.6738012421443,10.358127126410613,0.17716004454305923,0.02711341708195127,0.9404915716222975,177.6084980867347,53.99569965730142,175.7899792729592,55.00244312784167,208.1906887755102,46.34827480632949,123.48788265306122,26.96016725608403,71.91649394132654,39.70889169935011,214.60090481505102,40.402662559279605,15710.5,1505.6681687831879,0.45583264423844133,0.08708459428207312,Normal,Normal_0053.png
26524.0,2004.434755206108,0.08295929150271794,1.0382775119617225,217,209,0.7025666834423755,0.5848345203183913,0.038461538461538464,0.07253225233559023,3.685534291560102,60.06262533228307,5.461080269816797,0.1963929719712431,0.020389518271368888,0.9729037829094951,122.08707350127551,33.41203152702292,128.63871173469389,35.91174447710445,171.19011080994898,25.235553055438853,115.38634008290816,5.979263361971783,77.77674585459184,27.533779226010004,171.1965880102041,25.2421013578578,26524.0,2004.434755206108,1.121427363436496,0.08295929150271794,Normal,Normal_0047.png
743.0,383.6467491388321,0.06343597696463957,1.2653061224489797,62,49,0.4463802943826975,0.2445687952600395,0.038461538461538464,0.09004703623241417,3.2266797273254744,1431.0955139763137,27.99772500717149,0.04598776098422919,0.009868294406155918,0.604785046214737,134.3767538265306,51.22010737033538,86.84763632015306,42.42749719144693,144.67867107780611,56.25383423259159,144.77863919005102,8.497247295732244,107.81899713010205,32.751523192719326,145.35698341836735,55.30909271778946,743.0,383.6467491388321,0.015030445249125078,0.06343597696463957,Normal,synthetic_Normal_3.png
21542.5,2502.466281414032,0.04322843337791927,0.9017857142857143,202,224,0.6341531623025861,0.4760983910891089,0.038461538461538464,0.07122893252103044,3.7053274314648936,259.5914959564397,9.834810357120865,0.17897287314135923,0.027284201817539582,0.9280069604953647,188.83508051658163,43.57675343708254,180.80616230867346,48.13624072246136,221.84761639030611,33.61759650630153,122.7153619260204,17.546230162104198,60.94800302933673,29.43560472983722,223.79633689413265,31.965281361289478,21542.5,2502.466281414032,0.7523530130790856,0.04322843337791927,Normal,Normal_0090.png
2393.0,288.0487699508667,0.3624269736666145,0.958904109589041,70,73,0.785233798195242,0.4682974559686888,0.038461538461538464,0.10994372297298138,2.717738405917849,126.40623873825855,5.053076828809883,0.3413166657083072,0.09164300937924007,0.8253265898079196,192.72648278061226,18.03706360409724,185.08472177933675,21.576822941750414,203.08456234056123,18.9753865363576,129.91398278061226,14.81564589058863,25.32326211734694,15.725956178025621,204.3279257015306,15.970327030905521,2393.0,288.0487699508667,0.05008057258857753,0.3624269736666145,Normal,Normal_0084.png
4494.5,356.9188277721405,0.44335573727897903,1.5,114,76,0.831698741672835,0.5187557710064635,0.038461538461538464,0.059801301512369204,3.8372606920484196,50.57714765038869,4.761464089334418,0.24041438455226444,0.03445334485841854,0.9727950985868027,154.9015664859694,31.382378046968594,165.53693000637756,32.95642559344942,191.30558434311226,18.34129576900254,109.62270806760205,7.974317141006461,51.36758609693877,27.015732703316633,191.36385921556123,18.370118584865384,4494.5,356.9188277721405,0.09838774996442762,0.44335573727897903,Normal,Normal_0020.png
9564.0,891.5188933610916,0.15121272115320997,1.384,173,125,0.6469812278031456,0.4422658959537572,0.03846153846153846,0.08043894049607464,3.520420082432036,119.39311675108024,6.4523404320246565,0.23080578349616965,0.03045990707375253,0.9288293862111567,218.6476203762755,24.117763275610486,149.73913823341837,39.04754932777225,187.90603077168367,40.86248626921435,155.79753268494898,19.302725908279445,87.9637675382653,37.867102518579294,225.2556600765306,19.112855033454846,9564.0,891.5188933610916,0.23549689746872846,0.15121272115320997,Normal,Normal_0034.png
2056.0,519.0437173843384,0.09590143310558047,3.297872340425532,155,47,0.4673789497613094,0.28222374742621825,0.038461538461538464,0.08900054776887154,3.3066847106958157,133.954747417306,5.725944436263804,0.3464734964201336,0.06197532172709024,0.8854430391582199,183.59137834821428,35.201696824282514,206.22195870535714,20.71972538927195,234.85821906887756,19.334000074528184,108.2377630739796,5.537876677540931,57.646484375,27.500375164070316,234.85821906887756,19.334000074528184,2056.0,519.0437173843384,0.04272651704073151,0.09590143310558047,Normal,Normal_0008.png
12982.0,1343.3321642875671,0.09040337452476042,0.9647887323943662,137,142,0.8443302656824169,0.667317775264727,0.038461538461538464,0.09166951556459077,3.1387552292118652,1126.1966434441958,23.77865095964833,0.0667804265325076,0.011069874827610614,0.6321104313322969,125.5628587372449,77.19560316255837,103.87840800382654,69.93833169371055,148.91264748086735,56.49620617051313,140.9345105229592,32.91014831260228,175.18303571428572,50.838325852434565,179.18614477040816,46.31873929641926,12982.0,1343.3321642875671,0.3490347905576168,0.09040337452476042,Normal,synthetic_Normal_20.png
1083.0,142.02438473701477,0.6747027612841484,1.0769230769230769,42,39,0.9525065963060686,0.6611721611721612,0.038461538461538464,0.05932836151045209,3.5737855653632837,1003.8515660119346,21.489479475056953,0.07820494457840846,0.013680093759512013,0.8830688762750876,120.68243781887755,90.6583376801717,118.72221779336735,60.948103190481795,153.00053810586735,41.94227172050309,121.93098294005102,46.538183195046315,118.42751514668367,83.66230968955763,161.72664221938774,50.3799958878927,1083.0,142.02438473701477,0.022060171511213412,0.6747027612841484,Normal,synthetic_Normal_34.png
11161.0,1404.2194652557373,0.071128392590584,0.8285714285714286,145,175,0.5726967185776227,0.4398423645320197,0.038461538461538464,0.08451590366657456,3.4411826391655893,289.03584491153094,9.247507522358513,0.24220325568722614,0.05042101271946491,0.882526833283525,165.94509327168367,39.57864806196866,164.0468152104592,35.511309097266896,185.7364875637755,29.238940025431,124.47016501913265,12.842103785763639,37.934650031887756,25.960983620594188,185.8351203762755,29.159983995041184,11161.0,1404.2194652557373,0.2860694604639241,0.071128392590584,Normal,Normal_0154.png
7385.5,826.8843371868134,0.13573762162107705,0.2857142857142857,64,224,0.7112041985651693,0.5151715959821429,0.038461538461538464,0.10092185108888052,3.0061337658803895,34.679086147235004,3.6645611650598457,0.2987004967658977,0.03625958090138961,0.9516690865756512,80.49750876913265,16.19531103934456,108.42225366709184,26.796405125274198,137.6552734375,25.328370506845797,111.47899394132654,16.743579490469244,111.80472735969387,27.27371852592074,137.96167490433675,24.89627289604487,7385.5,826.8843371868134,0.17259672123485353,0.13573762162107705,Normal,Normal_0140.png
5977.0,490.55843591690063,0.31211283096539116,1.2765957446808511,120,94,0.8164742845434055,0.5298758865248226,0.038461538461538464,0.09904399613923764,2.975213464709051,45.271947801707455,3.111061112747186,0.4619182450212078,0.12574763337376027,0.9689945429965187,199.32497608418367,38.89440181549943,211.74525669642858,22.875912124555995,241.61001275510205,19.039945008611756,113.26371173469387,6.106895760336622,47.26028380102041,31.170155872867316,241.61001275510205,19.039945008611756,5977.0,490.55843591690063,0.1352293038304034,0.31211283096539116,Normal,Normal_0141.png
22312.0,1756.8712664842606,0.09083819274548789,1.103448275862069,224,203,0.6680539545189155,0.4906755805770584,0.038461538461538464,0.07507654220910709,3.644931554836476,118.69229338458997,6.459955912099379,0.23556306485596645,0.02714656218315986,0.9523810079335189,179.81606744260205,38.61473766442206,149.57573341836735,43.72151364262099,194.89630500637756,42.76847446685493,136.55795599489795,23.129675592535246,84.83838887117346,32.51053734670277,209.40090880102042,31.161675345443076,22312.0,1756.8712664842606,0.8007464829170255,0.09083819274548789,Normal,Normal_0155.png
11185.0,645.5634890794754,0.3372624046256494,2.4347826086956523,224,92,0.9307260245475348,0.5427503881987578,0.038461538461538464,0.09031826719014058,3.1966800396573847,566.406622243001,14.773542125210927,0.21027847537920266,0.025190155223673863,0.8514396940263683,127.46462452168367,53.19533819116073,89.27134486607143,43.89640105774134,116.00520169005102,50.65747801627324,140.21625876913265,42.155633839939696,80.06861846301021,41.79129206386784,129.1163105867347,53.352789554893384,11185.0,645.5634890794754,0.2868610705034495,0.3372624046256494,Normal,synthetic_Normal_35.png
36995.0,1378.798112154007,0.2445409164646136,1.0,224,224,0.7726930949496638,0.7373046875,0.038461538461538464,0.07349635558906338,3.2510539092524895,571.095870234793,15.418602677051084,0.1624192057923509,0.06054379549166981,0.950176229453398,140.1476602359694,100.17245085164062,84.19015066964286,65.89768371376118,109.22437021683673,78.52502282701252,150.9903938137755,27.7627512279339,114.81118463010205,36.61431962620313,142.3014987244898,97.42651425639627,36995.0,1378.798112154007,2.806691449814126,0.2445409164646136,Normal,synthetic_Normal_21.png
4982.5,498.31579625606537,0.25214354992401145,2.0,136,68,0.7612099915972805,0.5387651384083045,0.038461538461538464,0.06767135065240185,3.749818750583835,66.41851064561473,5.346773111514958,0.2232702578460704,0.032500522018297014,0.9616723683265384,151.63572225765307,29.580136060652876,162.59805484693877,32.197483829740165,189.38390864158163,18.02490712713685,109.7061543367347,7.780085227987647,53.40224410076531,25.10774871441292,189.4043965242347,18.0354984683244,4982.5,498.31579625606537,0.11024815515505548,0.25214354992401145,Normal,Normal_0009.png
4961.5,719.0508573055267,0.12058787522006674,2.0,150,75,0.6630805212161711,0.4410222222222222,0.038461538461538464,0.11653257617329911,2.396351148893428,16.325026568021887,1.799762244055738,0.5306337576766028,0.20474591324348151,0.9257342554525831,142.6765983737245,6.374088885800993,139.29639668367346,14.105542114002105,133.16517857142858,11.089931794786215,45.99605389030612,46.12851685602282,21.502192283163264,17.699327055840534,144.60662468112244,6.1348927650448815,4961.5,719.0508573055267,0.10973249731833815,0.12058787522006674,Normal,Normal_0035.png
4308.0,714.6072068214417,0.10601096190100959,1.0638297872340425,100,94,0.6489906598373004,0.4582978723404255,0.038461538461538464,0.08255131395861388,3.4730057815596576,242.63394291241462,8.416860376689304,0.2510376558530784,0.053191301250025164,0.9188898775795273,194.61654974489795,44.850356260061226,215.92422672193877,43.43767387050358,235.09512515943877,31.01678184292403,107.87569754464286,22.647942145679174,56.339524872448976,34.5525516225111,236.68265704719389,28.96656041116412,4308.0,714.6072068214417,0.09392168832301387,0.10601096190100959,Normal,Normal_0021.png
1066.5,184.89444184303284,0.39203334841584775,1.2666666666666666,57,45,0.8420844848006317,0.41578947368421054,0.038461538461538464,0.08943626024218852,3.2510761141200697,48.565987991350696,3.4870727319579418,0.403698913706742,0.0932008447375766,0.9303737499957995,204.18185985331633,24.902877162939955,213.36912069515307,16.761299990387585,242.83242984693877,15.174974015760526,113.69009088010205,5.332201824681692,41.79203204719388,16.725151272164297,242.83242984693877,15.174974015760526,1066.5,184.89444184303284,0.021716775776580904,0.39203334841584775,Normal,Normal_0037.png
8924.0,1206.5971012115479,0.07702733465548865,0.8387096774193549,130,155,0.6161706828695712,0.44287841191066996,0.038461538461538464,0.09003114465870216,3.3105723218479994,89.06684787978878,5.078288355795422,0.3082739189877638,0.04525139595553718,0.9468175798926584,152.7409518494898,32.48267569930669,147.30251514668367,32.445235428774886,164.81658561862244,23.51407856780742,125.45844626913265,26.908264801246133,42.771125637755105,36.758259954476884,168.38729671556123,21.17416816452237,8924.0,1206.5971012115479,0.21632890526519927,0.07702733465548865,Normal,Normal_0023.png
6719.0,626.3818109035492,0.21519700811554546,0.7723577235772358,95,123,0.8930090377458798,0.5750106974753958,0.038461538461538464,0.0856391639307698,3.3869546059025066,872.8046554102613,21.076713407337177,0.06610496868308106,0.01093163946296005,0.8258288955494701,122.58725286989795,47.563895751173824,68.07595264668367,54.296613527938824,109.23754384566327,62.27797069323599,154.11828364158163,19.546913100394367,140.57595264668367,58.638073974142365,126.9854512117347,52.952831644897536,6719.0,626.3818109035492,0.15461260556412085,0.21519700811554546,Normal,synthetic_Normal_37.png
11265.5,1026.1391699314117,0.1344459747485269,0.2544642857142857,57,224,0.9034806319672789,0.8823229949874687,0.038461538461538464,0.0776396959684625,3.491095509820272,997.1548546340649,21.880412538171825,0.08548504867399125,0.013036259418192857,0.6594090906999851,159.26628268494898,43.45050898949559,111.86393893494898,41.34393248314698,147.04063695790816,39.039410048499015,154.52096619897958,15.71888879896135,83.44712611607143,26.645947750469784,163.08374521683675,39.9796913384692,11265.5,1026.1391699314117,0.289523393428509,0.1344459747485269,Normal,synthetic_Normal_23.png
4658.5,723.7371492385864,0.11176201751389632,0.6782608695652174,78,115,0.6721737248394777,0.5193422519509476,0.038461538461538464,0.10044044422123061,3.000950160045374,182.87475042527984,6.317397646513939,0.3468499028338064,0.095075095006174,0.8733050015423157,180.27712452168367,30.37154122288344,176.60385443239795,27.41535152090019,195.63566246811226,22.08994278167798,126.81582828443878,12.27273558937816,29.674067283163264,20.794604375093225,195.80578364158163,21.792290961349906,4658.5,723.7371492385864,0.10234525182622069,0.11176201751389632,Normal,Normal_0143.png
7690.5,833.9036695957184,0.1389737161260057,2.082474226804124,202,97,0.6097038886906886,0.3924925997754415,0.038461538461538464,0.0641927732319894,3.742601370265346,44.93045148199642,4.54821684252742,0.2512606866784364,0.04206589787004945,0.9710706025049679,155.90593112244898,28.448140808487672,166.66569674744898,30.40717856421151,192.9619738520408,16.551966137892155,109.69234295280613,7.9129558081780855,51.3068997130102,25.112475402179744,193.0107421875,16.565400454760557,7690.5,833.9036695957184,0.18101469913264526,0.1389737161260057,Normal,Normal_0157.png
22324.0,1996.0916090011597,0.07040782683634837,1.0841584158415842,219,202,0.6620206992675187,0.5046340250463403,0.038461538461538464,0.07496002291158461,3.6467066083610007,225.31414288220026,9.062781059156055,0.1905569240610634,0.02682567952344513,0.9228963189515685,177.2852558992347,49.99145337755513,182.25007971938774,42.40261341798129,218.27339764030611,32.64131595444534,120.5040058992347,24.074575883663694,74.66240832270408,36.24046225428234,223.3464205994898,28.53938162180435,22324.0,1996.0916090011597,0.8015223323280195,0.07040782683634837,Normal,Normal_0156.png
22138.0,1292.6214867830276,0.16649665226151814,1.3414634146341464,220,164,0.8467879205156157,0.613580931263858,0.038461538461538464,0.06974177037892089,3.7376006549733995,31.19832967790959,3.89672959033419,0.26033152418279865,0.02537213887517536,0.9858450840618396,119.92199457908163,34.098143179347865,131.0641940369898,35.00820052180417,169.0851602359694,23.967516910080086,112.63510443239795,4.746541703639318,78.01249601403062,29.415141362813067,169.0859972895408,23.968492618991515,22138.0,1292.6214867830276,0.7895712960981525,0.16649665226151814,Normal,Normal_0142.png
18470.0,4220.364021539688,0.013030975714221456,0.96875,217,224,0.5278952783811592,0.3799786043449638,0.038461538461538464,0.09388097900597751,3.0947959733793633,638.9225142552549,17.471048242879803,0.10359169970880013,0.013375546825537536,0.7713014632945334,125.47710060586735,46.59986766062374,93.37958386479592,40.84818463253,136.54133450255102,46.43430773978088,135.2304089604592,21.999145374355148,98.30448820153062,35.60209667831041,140.5419921875,45.47840614786953,18470.0,4220.364021539688,0.5825395824134233,0.013030975714221456,Normal,synthetic_Normal_22.png
48203.0,1561.626538515091,0.2483874051357294,1.0,224,224,0.9696841681754175,0.9606784119897959,0.038461538461538464,0.09806945821891533,2.971328840740433,1573.7658843836127,29.072183159996445,0.04223873231675999,0.011110093029156148,0.4809073417800256,137.63438695790816,45.36073871185113,52.77969547193877,52.033851085959746,109.62095424107143,51.497896667174615,140.32184709821428,42.767827666261404,188.36276307397958,39.41846002778851,139.6399473852041,46.79128223271858,48203.0,1561.626538515091,24.431322858590978,0.2483874051357294,Normal,synthetic_Normal_36.png
2948.5,516.943212389946,0.13865173918881166,1.1095890410958904,81,73,0.6882586367880486,0.4986470488753594,0.038461538461538464,0.09803017296667463,3.065993804141966,161.21631625294387,5.6920693607011765,0.3536167622641282,0.08717568558288621,0.8215985498355176,186.77309869260205,22.61478732775547,180.16131218112244,22.292404496025213,198.50544084821428,19.060714471124154,130.42749521683675,12.181232221703661,25.301000478316325,13.13045849639584,198.65931919642858,18.79993160357935,2948.5,516.943212389946,0.062431845852522365,0.13865173918881166,Normal,Normal_0022.png
15205.0,1519.0478918552399,0.08280438879702122,1.4640522875816993,224,153,0.6005845874313702,0.443656629318394,0.038461538461538464,0.08043487878745713,3.515351347563226,112.02138749980827,6.103404460715188,0.25113442217168636,0.03557577622091554,0.9460640809038224,159.98547114158163,35.922825422415826,176.18696189413265,38.010099185824465,217.2479472257653,34.61085837176872,116.04988440688776,19.17275229046713,83.94401705994898,26.544675796403858,220.2731385522959,30.134487308358626,15205.0,1519.0478918552399,0.4347888250264505,0.08280438879702122,Normal,Normal_0036.png
15625.0,1605.8763197660446,0.0761387428800921,1.5886524822695036,224,141,0.6522238223446664,0.49471251266464034,0.038461538461538464,0.08779881574573342,3.352498474043836,228.14375685391678,8.132826667996843,0.27638564902401164,0.0671236197716315,0.9074389552402214,165.00896843112244,41.63007874024842,166.52810108418367,34.79818889603112,188.06509088010205,27.342885705431435,121.95272640306122,12.802937779315029,40.54635682397959,29.792212676892206,188.10514987244898,27.325258408215515,15625.0,1605.8763197660446,0.45223003675725737,0.0761387428800921,Normal,Normal_0032.png
20603.5,2668.6571872234344,0.036355095454026674,0.6696428571428571,150,224,0.6785837793330589,0.6131994047619047,0.038461538461538464,0.08960882960670846,3.299161279836026,203.84552317933498,10.397175821695715,0.10600986610536717,0.01863895299976844,0.8003297880876735,106.45027503188776,28.66025392383268,101.80883290816327,25.22975907711818,130.26223692602042,24.770619199863198,125.33968431122449,20.257265178260894,75.26199776785714,30.674485535142367,133.8025350765306,21.656700251129315,20603.5,2668.6571872234344,0.6967114718065771,0.036355095454026674,Normal,Normal_0026.png
30790.0,1209.8864251375198,0.2643201943313393,1.0,224,224,0.9197908887229276,0.613639987244898,0.038461538461538464,0.08107845212230008,3.4720711889470324,344.43793848138006,12.139382454547288,0.12389553035067208,0.016015269671468615,0.9538703320778389,130.77527104591837,44.76066508439868,82.71364795918367,73.64103602056527,119.2387994260204,57.9352049830543,143.29637675382654,27.261678063284528,133.23190369897958,81.39031760838502,135.53166852678572,49.384355884840026,30790.0,1209.8864251375198,1.5882595687609615,0.2643201943313393,Normal,synthetic_Normal_32.png
137.5,147.43859815597534,0.07948591468703109,1.4583333333333333,35,24,0.38787023977433005,0.1636904761904762,0.038461538461538464,0.08540756919897578,3.2311542849082797,2890.447957919814,39.782670432534346,0.036139267051195675,0.009810926392970269,0.44429432316511996,126.40473533163265,58.66501306460267,94.46267139668367,52.179737538977705,135.30339205994898,61.81635647035046,144.01606345663265,16.049509515156394,95.9770208864796,44.56835669920117,136.49693080357142,61.171921145977805,137.5,147.43859815597534,0.0027478841292205,0.07948591468703109,Normal,synthetic_Normal_26.png
8794.5,868.1046800613403,0.14664822884893006,0.696551724137931,101,145,0.7788946948897352,0.600512120177535,0.038461538461538464,0.08133733220795149,3.5078003671309244,39.63260240192376,4.328532481283727,0.24293664656898928,0.026448229982208856,0.9712072334010219,126.0073541135204,27.519829312473533,135.26042330994898,28.00957894093304,176.16968271683675,18.207447574794006,114.15609056122449,5.037351515456118,75.42065927933673,24.866021794237074,176.17211415816325,18.210124930780154,8794.5,868.1046800613403,0.21252250401749573,0.14664822884893006,Normal,Normal_0146.png
8861.5,857.5361380577087,0.15143011208229298,0.6455696202531646,102,158,0.723535415390896,0.5498572846860263,0.038461538461538464,0.07555491589390136,3.6363178105915988,532.0230783352414,14.187817024071977,0.15420115446016974,0.029605549254698972,0.8884078921459677,167.94441565688774,54.70375559703686,186.75890864158163,51.921701170245306,213.44903938137756,42.59531480930884,110.4623724489796,18.791035537334377,68.10010762117346,36.83142535231722,214.3115234375,41.684190516568904,8861.5,857.5361380577087,0.21448885984339638,0.15143011208229298,Normal,Normal_0152.png
5580.5,1051.0996271371841,0.06347390425764533,1.2843137254901962,131,102,0.5640287042652112,0.41763957491393505,0.038461538461538464,0.07068399168288338,3.749913674180905,168.16867751314263,8.418746536711982,0.15144228621686276,0.019993199527571018,0.8807612175820505,116.40190529336735,30.783901968613797,135.3923788265306,33.97462770597423,225.8932955994898,28.73613404557401,116.66629464285714,9.609866719935313,133.1261360012755,25.292037381746088,225.90437659438774,28.683185171546366,5580.5,1051.0996271371841,0.12513594420961757,0.06347390425764533,Normal,Normal_0153.png
10150.5,1091.8691798448563,0.10699317735469563,1.064748201438849,148,139,0.6647565408166607,0.4934133774061832,0.03846153846153846,0.08413270770532569,3.4453917198652926,260.4071092829672,8.92044851277188,0.22232857825453323,0.045921283336228455,0.8536887199805244,169.14327566964286,35.020226079769266,168.29105548469389,30.214016400070136,189.33298788265307,24.411180646628978,122.91418207908163,14.31857859570167,37.27060746173469,24.71913647652403,189.9031210140306,23.910599290592696,10150.5,1091.8691798448563,0.2536008294712121,0.10699317735469563,Normal,Normal_0147.png
31438.0,3201.576014995575,0.03854225657484262,1.0,224,224,0.6600461893764434,0.6265545280612245,0.038461538461538464,0.10137956893390183,2.928406644750418,928.3620360405794,20.68579584425014,0.07692446423684557,0.012541800935405262,0.7835978427229127,143.0450215242347,62.37956433451288,72.97793765943878,43.19478570911002,107.09644052933673,57.05077652238583,137.0471739477041,55.44418512169431,135.29089604591837,37.83393832758722,143.42482461734693,61.597263771587585,31438.0,3201.576014995575,1.6777671042800726,0.03854225657484262,Normal,synthetic_Normal_27.png
33799.5,3943.1020469665527,0.027317698429217663,1.0,224,224,0.6857134162423161,0.6736188616071429,0.03846153846153846,0.10870655660180112,2.7194200527472714,554.9476565164558,14.666825017245037,0.12299588006167994,0.01897900948091818,0.7233004346162241,85.11260363520408,79.16138697073544,119.20426100127551,43.06131877827507,148.96841119260205,35.6926036114177,120.33045679209184,32.383021945615944,175.48726482780611,66.78895347948092,162.3192761479592,34.62127146338425,33799.5,3943.1020469665527,2.0639025432784783,0.027317698429217663,Normal,synthetic_Normal_33.png
2635.5,289.03657734394073,0.39643069411346166,0.8529411764705882,58,68,0.8387969446212603,0.6682302231237323,0.038461538461538464,0.0721649312099478,3.6517268553664572,93.66458829011256,5.567406486375363,0.3108510766445259,0.06325355552358278,0.9544556316087012,183.30759725765307,44.46025838400506,200.8258729272959,27.95097223581127,231.64799904336735,25.666945106339316,111.01939174107143,5.912396805193466,57.020826690051024,35.812343409106695,231.64819834183675,25.66591044182145,2635.5,289.03657734394073,0.05543694323787087,0.39643069411346166,Normal,Normal_0027.png
4055.0,780.1219253540039,0.08372897115185729,1.0571428571428572,111,105,0.5487887400189471,0.3479193479193479,0.038461538461538464,0.08999694948181114,3.3030172022148854,300.462719155904,9.247675843007706,0.23673223653908237,0.052493904564099726,0.8451820847172389,168.07073102678572,36.30278637543645,165.0700534119898,31.938943578546883,187.1221301020408,24.609533461076598,126.42057955994898,13.478549891943883,38.05966996173469,26.62073049663059,187.4494778380102,24.50099725554554,4055.0,780.1219253540039,0.08792090370980682,0.08372897115185729,Normal,Normal_0033.png
19363.5,1471.9768245220184,0.1123031089464989,1.0053763440860215,187,186,0.6904316200459967,0.5567103674314301,0.038461538461538464,0.08101344609199541,3.50475075975608,227.71933633711546,8.459680059985038,0.25749713135132035,0.06426607858612847,0.9645384436669981,167.39764030612244,64.64059787275842,190.22598453443877,59.353750655404404,217.2801737882653,43.45897816265054,109.0145487882653,20.847269489233827,74.84307238520408,49.62695827755191,219.10214046556123,41.98462024664677,19363.5,1471.9768245220184,0.6284300202839757,0.1123031089464989,Normal,Normal_0019.png
10051.5,889.2762531042099,0.15972296020682805,1.2269503546099292,173,141,0.6357886081153736,0.41206493666215716,0.038461538461538464,0.08724263923852713,3.351980333362099,106.26983931311622,5.8014215950306705,0.25887314978988435,0.043408816364820864,0.9369549398501975,205.56554926658163,30.80568264260368,163.52784199617346,39.913390546438606,201.85805963010205,38.56562123028516,142.70663265306123,23.901338628088304,76.38630022321429,34.9259738248751,224.74318399234693,21.419324953037744,10051.5,889.2762531042099,0.25050779448965094,0.15972296020682805,Normal,Normal_0025.png
24602.5,1616.0255951881409,0.1183838976472628,1.0566037735849056,224,212,0.7144827786490097,0.5180782513477089,0.038461538461538464,0.07313140446010316,3.685237554707509,41.90528681838663,4.562936907123831,0.2288196005090079,0.02345979630579318,0.9784890038998992,106.0469746492347,33.34313234632009,119.44278140943878,32.6410302651845,164.22016501913265,21.810354934542627,112.994140625,4.161596217611566,94.51430963010205,32.265283258951946,164.22024473852042,21.81041261145556,24602.5,1616.0255951881409,0.9620310086613095,0.1183838976472628,Normal,Normal_0031.png
719.0,133.53910410404205,0.5066660887264399,0.8157894736842105,31,38,0.867833433916717,0.6103565365025467,0.038461538461538464,0.06368591979148293,3.680429761092131,1588.7268033563525,28.491856307938974,0.057344961698160335,0.011957718528886153,0.7322172570594452,142.41727120535714,54.883185715789885,80.5504225127551,55.88720169625202,115.17689732142857,64.82616660716974,160.66890545280611,21.77378210186372,126.74778778698979,42.998674703720745,142.59616151147958,54.93121532594786,719.0,133.53910410404205,0.01453788139191621,0.5066660887264399,Normal,synthetic_Normal_19.png
6266.5,1511.4225639104843,0.034471732031161766,0.8851674641148325,185,209,0.4262345259148415,0.16207164101900945,0.03846153846153846,0.10878738554257193,2.6473118680294494,297.11196701691773,8.844999568905573,0.3313593690963175,0.039749287673944006,0.8869485891685858,147.5192721619898,51.97908274608727,111.68865593112245,45.7161512120578,132.69764429209184,42.77370364376601,98.1904296875,48.62957912922334,72.7801737882653,76.4164101479078,153.58575813137756,50.04616829401429,6266.5,1511.4225639104843,0.14271399127751397,0.034471732031161766,Normal,synthetic_Normal_25.png
12745.0,3472.536469936371,0.013281773590230106,2.0,224,112,0.6062263657335838,0.5080117984693877,0.038461538461538464,0.08883296692873248,3.163575494802077,1711.2466380676974,32.12655932734144,0.03364148910720759,0.010434354269657047,0.37100483550790564,133.84030213647958,42.317053378478874,100.78950095663265,38.96666169477294,132.68953284438774,46.579353275881445,147.01225685586735,25.785129756786784,74.16101323341837,23.3473163640536,138.1151347257653,43.392869053746445,12745.0,3472.536469936371,0.34049317410702357,0.013281773590230106,Normal,synthetic_Normal_31.png
7907.0,826.4061951637268,0.14549044572451073,0.7455621301775148,126,169,0.5640604936510201,0.37132525594064053,0.038461538461538464,0.09869364482490722,3.0507060797396264,33.24208481229446,2.857021901543807,0.3953930711853355,0.08178702176627049,0.9589687382539418,165.81150350765307,24.684163750358564,173.54390545280611,20.439024741600186,185.36931999362244,15.75299560210739,109.5224609375,15.743797550864695,32.607063137755105,21.783626975178347,186.24471859056123,15.096116704810553,7907.0,826.4061951637268,0.18706380562587238,0.14549044572451073,Normal,Normal_0151.png
1147.0,179.8233743906021,0.445739371136294,0.5818181818181818,32,55,0.8799386267740699,0.6517045454545455,0.038461538461538464,0.10183917018416393,2.9569411521322895,68.34200334025704,5.032993511299524,0.21092882955711256,0.04178622944062001,0.9101545715187966,142.72169961734693,21.109197298048393,211.6209343112245,25.50226649755403,252.93068399234693,12.270414677171937,101.66715162627551,7.6597075430500565,112.71067841198979,18.811703805501114,253.01590401785714,11.47227215124432,1147.0,179.8233743906021,0.0233943176487385,0.445739371136294,Normal,Normal_0145.png
8001.5,733.0264724493027,0.18712937005743185,1.0,115,115,0.7483982603002385,0.6050283553875236,0.038461538461538464,0.0803516455150227,3.513669092575329,233.55634648769808,8.4193874872125,0.25129343054680187,0.06152508997233229,0.9249634716014941,195.23644770408163,48.424738440772344,206.5286192602041,43.75912006407731,230.23790258290816,30.82303446871787,114.01048309948979,25.42329951600786,57.41757015306123,37.90088208532677,233.0759725765306,27.75945210146875,8001.5,733.0264724493027,0.18972364817603055,0.18712937005743185,Normal,Normal_0144.png
5468.0,438.5584363937378,0.35725920735387434,0.8389830508474576,99,118,0.8736917791803148,0.46807053586714603,0.038461538461538464,0.07573441398420573,3.592081888265851,50.744889712435125,4.586455661192544,0.27003406119317896,0.0408472413616114,0.9801020837480798,156.87384406887756,35.02309205225076,167.24611367984693,38.99511783808105,191.22863520408163,22.57784025795786,108.1821588010204,10.014475600415274,50.07461734693877,29.900079610185212,191.38339046556123,22.64957973485286,5468.0,438.5584363937378,0.12230473293370314,0.35725920735387434,Normal,Normal_0150.png
2459.0,312.24978053569794,0.3169305535343188,0.8666666666666667,65,75,0.7677177645956915,0.5044102564102564,0.038461538461538464,0.06662609733890557,3.643898432558043,1622.3756456735614,27.727458353361,0.07607098937159736,0.01121356025162709,0.8164037434986701,146.95545679209184,60.19978255999976,87.51349250637755,72.2614561836132,120.93317522321429,73.20567743063398,154.05624202806123,34.61967113598671,133.7995455994898,73.84264705458638,148.0109414859694,60.650696905303036,2459.0,312.24978053569794,0.05153299662594044,0.3169305535343188,Normal,synthetic_Normal_30.png
3248.5,886.305691242218,0.05196676221940111,1.9859154929577465,141,71,0.46882667051522586,0.32449305763659975,0.038461538461538464,0.055059561335533996,3.8160708631601743,1299.7112501649203,25.679586265426728,0.0505237095822184,0.009923581462852696,0.8427087525574302,139.17950813137756,82.53221968756526,94.03972018494898,64.07342954266771,160.27315848214286,74.45255882655199,142.50926737882654,20.353676715150836,150.14875637755102,66.65005255652532,175.0721659757653,68.18377006633192,3248.5,886.305691242218,0.06922380267433807,0.05196676221940111,Normal,synthetic_Normal_24.png
22708.5,3486.1273118257523,0.023480742475250067,1.0,224,224,0.4826461211477152,0.4525769292091837,0.038461538461538464,0.09099335183665416,3.2252536464988877,993.833675343162,20.280396650637726,0.07888747821047198,0.014471808839490775,0.7723913154841371,136.57659040178572,52.23844201620347,96.27812101403062,46.6883024847982,130.1256178252551,51.335368878312714,153.31686463647958,15.917627897796516,92.03832509566327,45.497404950605016,138.37593670280611,51.01257686067875,22708.5,3486.1273118257523,0.826740693546919,0.023480742475250067,Normal,synthetic_Normal_18.png
1849.5,268.3502856492996,0.3227454109542267,0.5,41,82,0.7669500311009745,0.550118976799524,0.03846153846153846,0.10282513591328597,2.875869097916942,30.061836283828743,2.4775512324462046,0.4750840479633972,0.11507419014244824,0.9389434210368691,207.99770806760205,23.12489775919715,216.41749043367346,13.273684377542953,245.87109375,12.011558921286081,114.3487324617347,5.389389331506959,40.33743223852041,17.603427472412836,245.87111367984693,12.011521802593604,1849.5,268.3502856492996,0.03827092795878038,0.3227454109542267,Normal,Normal_0030.png
8366.0,974.7148509025574,0.11065538615662696,1.0289855072463767,142,138,0.659935315926481,0.42692386201265564,0.038461538461538464,0.09643726398453027,3.1317718680889444,270.4368452447817,8.531009144049339,0.25856884235261884,0.061572000084165725,0.8476638361751502,177.16125239158163,32.48357865740741,172.58268893494898,32.17870363619164,192.6025988520408,25.932352045185908,125.09843351403062,16.822033298811583,35.35748166454081,26.999888854477902,194.38161670918367,23.482467408154257,8366.0,974.7148509025574,0.20009567089213107,0.11065538615662696,Normal,Normal_0024.png
15710.0,2187.9393680095673,0.04123969870294905,1.0406091370558375,205,197,0.5329036635006784,0.38900581899220005,0.03846153846153845,0.06753459110035095,3.7976090429889147,295.9006980826601,11.13121236398764,0.1371559575561822,0.01658705273493547,0.9099122555109053,166.15104830994898,50.662863809588664,166.0499641262755,45.076194559064625,204.0284797512755,39.798559632489955,125.54073660714286,25.075975408689608,79.74320392219387,37.14843444736931,210.35066565688774,34.90973950438719,15710.0,2187.9393680095673,0.4558115244008588,0.04123969870294905,Normal,Normal_0018.png
8547.0,1058.5483317375183,0.09585222176885325,1.5192307692307692,158,104,0.5841905608147363,0.5201436222005842,0.038461538461538464,0.0814667931396249,3.5072466706720133,171.6447266957045,8.442427072354086,0.17637144847297975,0.02411543919308795,0.8930355348635681,74.75998485331633,29.76150031266468,109.4619140625,30.09191158588113,113.55086096938776,22.767461569920645,92.31821986607143,7.971204333171634,96.33914620535714,36.42437326699642,115.54127471301021,24.471932671557212,8547.0,1058.5483317375183,0.2053136034975618,0.09585222176885325,CIN1,CIN1_0018.png
21897.0,2814.747586250305,0.03473086273939622,1.4,224,160,0.7110569897710667,0.6109654017857142,0.038461538461538464,0.11196195522987373,2.572546922879131,580.8118072212895,15.459667345116332,0.10800180715433151,0.022672712526650672,0.8307384976208791,166.4435188137755,27.355915272076928,148.66481983418367,50.757450062485695,194.6540975765306,54.726513146570966,133.82583306760205,19.781597566010376,75.642578125,20.569257347253867,199.02481265943877,49.72076045289663,21897.0,2814.747586250305,0.7743201669083065,0.03473086273939622,CIN1,CIN1_0024.png
3114.0,468.617311835289,0.17819348246337083,0.6808510638297872,64,94,0.6951668713026007,0.5176196808510638,0.038461538461538464,0.07626889243926101,3.609563691187843,294.38920674716496,10.183022186356737,0.18118888244766718,0.030521307070379203,0.8457311988444614,115.1772161989796,35.46830137537649,159.3395448022959,31.552830585683044,169.5540696747449,25.088776251886255,95.18319515306122,4.93130033744019,86.67173549107143,33.90388909397588,169.96384725765307,25.232620093194566,3114.0,468.617311835289,0.06616803365772811,0.17819348246337083,CIN1,CIN1_0030.png
15351.5,2630.7160614728928,0.02787486214772148,0.8260869565217391,171,207,0.5718143554214623,0.43369494589937,0.038461538461538464,0.07114339413877828,3.7413558335844885,402.7366797819783,13.728638172120863,0.10861285258094178,0.014473255809394755,0.8213413683243482,73.37523915816327,32.620054884238186,120.69644850127551,38.36519549785179,138.91647401147958,31.021660979192685,99.78981983418367,12.53270072138791,126.73317920918367,35.4330151289708,139.36120854591837,30.88925823390629,15351.5,2630.7160614728928,0.4408247067438154,0.02787486214772148,CIN1,CIN1_0226.png
5803.5,710.364565372467,0.14452310161492576,0.8455284552845529,104,123,0.677148357738755,0.45368198874296434,0.038461538461538464,0.0824617176151661,3.4879951120988415,145.85549466411285,6.6455261582397025,0.2650713890529274,0.04504235344744541,0.894722446962106,136.8268494897959,33.43772281669495,174.0603874362245,25.51461143589871,180.32702885841837,19.67474825097597,93.56457270408163,7.873902560141437,65.83956473214286,33.62664783822574,181.26486766581633,19.586817336142207,5803.5,710.364565372467,0.13079046706856726,0.14452310161492576,CIN1,CIN1_0232.png
5265.5,879.5605237483978,0.08552991150949923,1.2352941176470589,126,102,0.6355461677730839,0.40970276999688765,0.038461538461538464,0.10960287418008259,2.691087219875212,86.65594302672929,3.804535284851784,0.43035442864506646,0.09931711901122334,0.9238592172369007,209.79089604591837,18.50019395480677,226.12539859693877,27.634715036130014,228.32013313137756,32.67019332416237,86.86094945790816,28.815225494033513,32.90118781887755,14.971361432077666,234.37234933035714,22.41947946718431,5265.5,879.5605237483978,0.11724429699068147,0.08552991150949923,CIN1,CIN1_0352.png
6681.5,541.8893899917603,0.2859318546454562,1.1666666666666667,112,96,0.8380158033362599,0.6214192708333334,0.038461538461538464,0.07089016659614733,3.747635438431959,304.8073361889012,11.958124607655622,0.10919965895785655,0.014292903672831776,0.9197404883142233,174.63689811862244,46.104237532006415,162.93710140306123,46.0451954773472,193.01319355867346,41.566278710828016,130.2067721619898,17.94269336285908,51.30279416454081,25.08824375388559,196.47325414540816,40.23993778590933,6681.5,541.8893899917603,0.15361712400418442,0.2859318546454562,CIN1,CIN1_0346.png
13508.5,1665.6336779594421,0.061186837149498574,0.9281767955801105,168,181,0.608490990990991,0.4442416469350171,0.038461538461538464,0.05248066457995433,3.959038714986871,629.8840544399926,14.56219242125974,0.31434386377749735,0.25089647136917076,0.8779353566154549,202.4470663265306,56.09147826822252,198.57389987244898,56.55822546624394,237.1416015625,32.48111295074695,84.70061383928571,58.318130603483304,53.70364317602041,48.72721315750744,239.26664142219389,30.153633638092224,13508.5,1665.6336779594421,0.36840526351673825,0.061186837149498574,CIN1,CIN1_0193.png
4397.5,898.5899604558945,0.06843725597022046,0.8916666666666667,107,120,0.572814901654292,0.34248442367601245,0.038461538461538464,0.08043607114982113,3.5392192985775672,126.04502698458528,6.826733266747757,0.22365044396720457,0.03940593091819272,0.864886648457469,105.03326291454081,27.058209720032497,136.6083386479592,21.565351718733098,133.25368702168367,17.26835562711957,86.15638950892857,12.64012484625429,65.07152822066327,31.116321954443418,138.29049744897958,18.879382320228615,4397.5,898.5899604558945,0.09606037768821608,0.06843725597022046,CIN1,CIN1_0187.png
21734.5,1494.437720298767,0.12229364124225922,1.3099415204678362,224,171,0.7637932246274951,0.567421157059315,0.038461538461538464,0.04716084834445646,4.161567116409156,547.1780342037997,15.98090214539986,0.09782346773039483,0.011713987385377734,0.9263972709897736,153.21265146683675,70.19776821470602,121.71775350765306,62.984134290920764,170.9590441645408,60.70610974948679,132.81150350765307,25.610982353188486,97.24822624362245,37.51796161627648,183.84610172193877,61.54729455812499,21734.5,1494.437720298767,0.7641826204665717,0.12229364124225922,CIN1,CIN1_0178.png
6938.5,1117.7026590108871,0.06979477128325344,3.072463768115942,212,69,0.5389963489474093,0.4743300519551545,0.038461538461538464,0.09579485211786075,3.1543345364562194,146.9944526842178,6.265859680156789,0.2830900908275763,0.04385781134661505,0.9402947004889947,197.51030373086735,38.46416827089734,213.55773676658163,38.892759457426436,221.72140066964286,36.53267754515787,100.80470742984694,30.909754013549097,44.7702487244898,27.09646728427206,228.26707987882654,29.890860902629015,6938.5,1117.7026590108871,0.16047412546978895,0.06979477128325344,CIN1,CIN1_0150.png
5969.5,1186.6387306451797,0.05327344503906555,1.5342465753424657,224,146,0.4741649787521347,0.18253118884540118,0.038461538461538464,0.09736368708986073,3.0740557495284144,183.97705171972515,6.766717025621395,0.31641490985322696,0.07643439450554317,0.8869313422102978,217.8962850765306,29.06776006667406,223.1897122130102,33.46230696043303,240.58262914540816,22.817478061288682,112.02331792091837,17.50036369772426,34.05357142857143,22.523612893030773,243.08155293367346,19.877190049383625,5969.5,1186.6387306451797,0.13503670274733354,0.05327344503906555,CIN1,CIN1_0144.png
17709.0,1201.9696840047836,0.15403409944861798,0.9248554913294798,160,173,0.7613663234377351,0.6397760115606936,0.038461538461538464,0.0759218517562831,3.6298104953404478,251.2827189912206,9.205799360817334,0.2335568320844622,0.04813730648944989,0.9211485675011777,153.0870735012755,45.82834207668293,154.0470742984694,39.62780562339693,177.50261080994898,32.26002258644682,122.73333864795919,13.147736070885143,46.70059390943877,31.52209951665796,177.56150350765307,32.25588516401239,17709.0,1201.9696840047836,0.5454461453167831,0.15403409944861798,CIN1,CIN1_0145.png
5876.5,662.2813062667847,0.16836181971040518,1.2551020408163265,123,98,0.7633305189322596,0.48751451800232287,0.038461538461538464,0.10350972703121955,2.8656535525157474,103.05278039071607,4.3561336771110355,0.4426899250042414,0.12205667785754763,0.9225129927421405,219.84727758290816,24.166982069008466,237.2559191645408,30.814145035026353,246.75773278061226,20.804231001807132,100.6703802614796,15.639313226826946,33.74982063137755,19.434457864088095,248.43084343112244,17.020226156771674,5876.5,662.2813062667847,0.13265386742514024,0.16836181971040518,CIN1,CIN1_0151.png
19068.0,3456.727376937866,0.020053249109858177,1.1554404145077721,223,193,0.6051604303532324,0.44304003345802645,0.038461538461538464,0.10527364875587357,2.807111747130885,783.1731260220696,18.702770315697464,0.08191670829660472,0.013944723133489744,0.7410630004031065,159.34765625,30.931510798203615,135.45089285714286,47.16487982462346,192.41256776147958,48.003121501038486,133.11326132015307,13.893150743946473,84.61722735969387,22.149965767726265,193.3889708227041,46.85031523859218,19068.0,3456.727376937866,0.6129612961296129,0.020053249109858177,CIN1,CIN1_0179.png
6618.0,989.4011417627335,0.08495556107179172,1.21875,156,128,0.6069610675471179,0.33143028846153844,0.038461538461538464,0.0908451792160642,3.2694565322770255,169.8194122872602,7.41593582405903,0.24238450830138872,0.04654210456178733,0.8726342507704943,111.39865672831633,30.829194399288827,137.60692362882654,26.27924844759172,137.79103555484693,17.56930178664197,87.77828045280613,10.192131836857888,59.04603794642857,34.73260467592109,141.75121572066325,19.628397389823096,6618.0,989.4011417627335,0.15193535056706,0.08495556107179172,CIN1,CIN1_0186.png
14472.5,2275.412457346916,0.03512636092625382,0.9791666666666666,188,192,0.5453295150533177,0.4009447030141844,0.038461538461538464,0.058625262360443325,3.9593783327468377,386.8126542737589,13.008337805738314,0.15360379707089047,0.028541596143317558,0.8826791166086031,177.37788982780611,46.526646463439725,195.05446827168367,45.90340131663117,219.10885682397958,35.40745693631463,109.10959422831633,21.096942946805896,65.79159359056122,32.17271111555385,223.6991191007653,31.867495052689662,14472.5,2275.412457346916,0.4053524164297618,0.03512636092625382,CIN1,CIN1_0192.png
23477.5,2009.2804272174835,0.07307698244473837,1.2307692307692308,224,182,0.6550367590642133,0.575880592621664,0.038461538461538464,0.06369863927313982,3.892100767858981,327.06842331265227,12.14518309896077,0.11176574192928199,0.012760700824890663,0.9291575347036736,150.1428372130102,43.34762470305208,113.87657445790816,51.6485472935323,130.1834941007653,53.258557650826056,152.13827327806123,37.6162798231393,72.9975286989796,32.3892139225819,152.59701849489795,45.86313563744178,23477.5,2009.2804272174835,0.8793565181564508,0.07307698244473837,CIN1,CIN1_0347.png
23320.5,1470.1778357028961,0.13558385551044816,1.3254437869822486,224,169,0.8286282800646686,0.6160318047337278,0.038461538461538464,0.0586148601785341,3.957167172048456,119.00008730877333,7.153781741157382,0.1919766605184453,0.02251094977016204,0.9589328018148866,78.64437181122449,37.58564151686393,126.98899872448979,40.619657205406014,139.1318957270408,34.634461747957914,95.65463568239795,12.519084746698338,120.27020886479592,38.2029972552774,140.06114477040816,33.94782184377887,23320.5,1470.1778357028961,0.8683696077153655,0.13558385551044816,CIN1,CIN1_0353.png
3756.0,544.2985506057739,0.1593166228996708,1.6865671641791045,113,67,0.6976225854383358,0.49610355303130366,0.038461538461538464,0.08920064985009032,3.3157082816195436,138.14763246713827,6.0829958847416785,0.2816749060544927,0.047634906461856606,0.9174067885964147,214.08221061862244,32.828674305984705,215.40925940688774,31.706998004518454,235.9103156887755,24.18513031085199,118.81859853316327,17.35244535420252,34.420041454081634,26.670642410334146,238.18684231505102,20.386432051548855,3756.0,544.2985506057739,0.08091339939681172,0.1593166228996708,CIN1,CIN1_0233.png
4307.5,534.2325352430344,0.18965944847597738,0.6031746031746031,76,126,0.6601532567049808,0.4498224728487886,0.038461538461538464,0.08513747799594494,3.4148978297105503,130.47271921887383,6.456773319796538,0.26451090122816023,0.04842626404568959,0.9253115398196652,131.76530612244898,36.27975892015061,163.30636160714286,28.379428333119193,170.2517936862245,23.941649560479796,94.76955117984694,5.3384874587908895,62.75575972576531,35.752442740306584,170.82083067602042,24.08607514766906,4307.5,534.2325352430344,0.09390976378124422,0.18965944847597738,CIN1,CIN1_0227.png
2707.5,439.5462440252304,0.17610398464113922,1.1388888888888888,82,72,0.6653151492812385,0.4585873983739837,0.038461538461538464,0.1002007300760361,3.021658424578273,105.93988046569768,4.668643485724428,0.3663580352444161,0.07523384533653442,0.8934599881415501,161.14787946428572,30.304508839878718,189.64680325255102,20.465919168265547,192.47323421556123,17.41037090638466,91.86254384566327,8.22322514941254,45.521484375,29.348366005791465,193.9637675382653,17.154703246011476,2707.5,439.5462440252304,0.057037825084003076,0.17610398464113922,CIN1,CIN1_0031.png
570.0,189.8233743906021,0.19878579224894857,0.6341463414634146,26,41,0.6859205776173285,0.5347091932457786,0.038461538461538464,0.12124890772036993,2.236502395627328,90.40096279411327,4.923516550158103,0.28754512401970966,0.08763791161088337,0.8308351257411242,181.84952965561226,11.679236913190836,197.26873405612244,19.93009566282934,243.50635762117346,22.813055614179635,113.6158522002551,7.931010010430777,66.15359933035714,8.127071471075478,243.61198580994898,22.363954469128387,570.0,189.8233743906021,0.011490545498528404,0.19878579224894857,CIN1,CIN1_0025.png
6445.0,1028.9747371673584,0.07649329362636897,0.6571428571428571,115,175,0.5581294652522191,0.3202484472049689,0.038461538461538464,0.0787404256460921,3.56474928378893,136.68942018743428,7.497227553048839,0.20240459822170137,0.03087093460799619,0.8487756617231925,87.95292570153062,23.868224481049495,125.09510522959184,22.701681734890105,132.2391980229592,16.61081657314687,95.28208705357143,10.810246738500865,89.9321588010204,29.221781760668694,133.07860331632654,16.77003802836309,6445.0,1028.9747371673584,0.14737829000022867,0.07649329362636897,CIN1,CIN1_0019.png
4241.5,1757.7312190532684,0.01725140229191871,0.8699186991869918,107,123,0.4349364232977851,0.32227794240559227,0.038461538461538464,0.11798081631039807,2.3117964778272606,478.9241072466523,13.1196873643746,0.13214728570157078,0.032734358180650014,0.7235200525153868,171.82274394132654,22.0477053924048,180.7902383609694,35.94853569986169,218.68393255739795,43.707519574410675,116.02680564413265,21.675490037172757,60.65800382653061,17.813863482580242,220.2595663265306,40.619600163147446,4241.5,1757.7312190532684,0.09233800302604796,0.01725140229191871,CIN1,CIN1_0033.png
8797.0,1094.739236831665,0.09224080574032445,1.8645833333333333,179,96,0.6600637779028324,0.5119297020484171,0.038461538461538464,0.09344049380316796,3.2130019376213537,51.33411334010156,4.12642987785976,0.32054251510498966,0.05464901132584549,0.9138687108736412,118.29217155612245,23.919813981228803,143.27106584821428,15.715275076276066,139.4346699617347,12.351191608685681,83.64106345663265,8.832089820860851,48.23090720663265,27.020048149753293,144.3049465880102,13.793808496103802,8797.0,1094.739236831665,0.2125957611348752,0.09224080574032445,CIN1,CIN1_0027.png
4108.5,695.8792847394943,0.10661672513992212,1.3103448275862069,114,87,0.7127862595419847,0.41424682395644286,0.038461538461538464,0.11028191739379588,2.693387601782578,179.48787231558572,6.060122077275279,0.3281515882071232,0.0789385566840852,0.8802598671706161,199.57752710459184,23.701806643059772,222.13653938137756,29.998791419339838,228.1836535395408,28.942180383272326,95.96851084183673,10.536100408263971,32.659299266581634,7.988637799022602,228.94001116071428,28.52456027312929,4108.5,695.8792847394943,0.08918434905302003,0.10661672513992212,CIN1,CIN1_0219.png
5900.5,1680.8195312023163,0.026245600073115456,1.3515625,173,128,0.4194867055310678,0.2664604407514451,0.038461538461538464,0.11037779117317716,2.7050432071024515,250.97917134896787,8.669111877286122,0.20292779075531142,0.032510453482493,0.8759115892257825,178.50476323341837,31.231385036593466,199.09376992984693,37.31220564133712,241.18319515306123,30.321327372289087,110.93648357780613,11.998616932715214,71.78061224489795,20.63145335206717,241.6726921237245,29.010826628654556,5900.5,1680.8195312023163,0.13326783435534326,0.026245600073115456,CIN1,CIN1_0231.png
5761.5,1267.266148686409,0.04508268380510056,0.9541284403669725,104,109,0.587249006217511,0.5082480592801694,0.03846153846153846,0.12013626519218489,2.198273337472119,410.05996816681073,11.89718005998499,0.14414055000081394,0.042313440381139565,0.7558842053494992,178.83561862244898,17.217550366557937,184.01476801658163,37.17453310439031,225.07244499362244,45.66348226463734,115.09191645408163,27.23538698523241,66.34398915816327,15.19591888619444,229.0451211734694,36.4383313271723,5761.5,1267.266148686409,0.12972114962455955,0.04508268380510056,CIN1,CIN1_0225.png
4682.0,725.2102384567261,0.11186994376879601,1.7586206896551724,153,87,0.5829909102228863,0.3517391630981895,0.038461538461538464,0.09772060559384377,3.0694768795245464,80.28705246082322,4.368211107515944,0.3815833268315775,0.07707423905123272,0.906322230894473,132.80245535714286,27.550350306428694,151.7517538265306,19.48196887078551,145.92617984693877,15.437934138679505,76.71974649234694,15.744405410222646,37.046018016581634,28.371577389132018,152.85327646683675,16.776058571962547,4682.0,725.2102384567261,0.10291467006638239,0.11186994376879601,CIN1,CIN1_0345.png
5116.0,690.5239465236664,0.1348288753277243,0.788135593220339,93,118,0.6756917387571816,0.4661928193912885,0.038461538461538464,0.09033013497180285,3.295799590160371,145.7451541817141,7.235011591116891,0.230426990469154,0.037963674279118384,0.8355480799327032,110.75627790178571,23.08090827370312,133.26335299744898,24.40096163434707,139.56387515943877,16.48395367129731,99.7074896364796,20.140599062000707,61.773756377551024,25.972987035234986,141.50436463647958,15.963979256197225,5116.0,690.5239465236664,0.11353750554815802,0.1348288753277243,CIN1,CIN1_0351.png
1024.5,322.23253548145294,0.12398896925721117,1.0833333333333333,52,48,0.6648280337443219,0.4104567307692308,0.038461538461538464,0.11596842555243177,2.4060428015312696,445.02516381595024,11.239634596456504,0.18946062303227307,0.056866265864676524,0.6983528354248687,177.34705835459184,19.848588979845772,187.1861647002551,33.20329060148827,231.75727439413265,38.05655837225991,117.71291055484694,14.238572802344889,65.14795918367346,13.022112178626084,232.43335459183675,36.47403422364647,1024.5,322.23253548145294,0.02084371789263807,0.12398896925721117,CIN1,CIN1_0184.png
8297.0,815.7199041843414,0.15669272561084813,1.5463917525773196,150,97,0.7692022435451722,0.5702405498281787,0.038461538461538464,0.10222980578658362,2.943401745251772,209.94480729586346,7.953925431288229,0.2209089192641038,0.038815753206407934,0.9106357350822037,136.55795599489795,37.47139998457738,166.98078762755102,37.26150817152169,177.3187181122449,30.193198015322558,100.38536352040816,17.51678689378102,68.61411830357143,34.73663283460645,178.92101801658163,28.01214460594014,8297.0,815.7199041843414,0.1981183886912295,0.15669272561084813,CIN1,CIN1_0190.png
4561.5,463.46298372745514,0.26686243025320755,0.6339285714285714,71,112,0.7394229210568974,0.5736292756539235,0.038461538461538464,0.08329442191051487,3.457232412571127,136.52471661583945,6.914034042911771,0.24208502117654962,0.03657571206092992,0.9391382424326951,96.15284199617346,37.52383565790008,120.38845264668367,34.04528552717312,119.9663384885204,27.04594060289357,85.716796875,14.890332843458195,64.86531409438776,40.53794631614691,124.03766741071429,29.83930067825301,4561.5,463.46298372745514,0.10000109614267393,0.26686243025320755,CIN1,CIN1_0147.png
18784.5,2879.960788965225,0.028460095562367598,0.84375,189,224,0.5299170616113744,0.4437003968253968,0.038461538461538464,0.09044904417054336,3.2793078138357963,510.5917794374815,13.621727192673397,0.1351954856497038,0.019579099744933118,0.875868454142336,144.3964245854592,48.70818329305696,174.2842793367347,47.253413688541485,214.28768734056123,49.363022522238964,108.1098931760204,10.661482654533813,88.41715162627551,33.044901473285016,214.34937021683675,49.25807113710418,18784.5,2879.960788965225,0.5983944698405619,0.028460095562367598,CIN1,CIN1_0153.png
1601.5,246.89444255828857,0.33015218689386594,2.138888888888889,77,36,0.7241691159846259,0.5777417027417028,0.038461538461538464,0.10785589164243803,2.7107470149286508,45.12847479210546,2.8365675520413323,0.4698126342789749,0.12539373341868218,0.9408104748673246,222.06030771683675,19.331834274666424,239.57565369897958,23.074296670190257,248.7571348852041,17.14551484101793,100.43070392219387,13.491143118086113,31.386280293367346,15.389555907493042,250.29011878188774,12.420119237112003,1601.5,246.89444255828857,0.03296997395752915,0.33015218689386594,CIN1,CIN1_0152.png
35321.0,1491.6854141950607,0.1994749516014492,1.0,224,224,0.86723056336472,0.7039421237244898,0.038461538461538464,0.0791017061290909,3.569142273261938,176.46043229587434,8.86345635191296,0.1490611441086872,0.01743036652003847,0.9354223880362762,109.7005540497449,31.98416861673511,110.81724330357143,44.746996420294735,143.00197305484693,55.45198471210379,127.16047512755102,31.92108820849565,95.43397241709184,30.84319696722951,150.6769172512755,50.72500820091239,35321.0,1491.6854141950607,2.377717940087513,0.1994749516014492,CIN1,CIN1_0146.png
7422.0,1182.7636213302612,0.06667068195298531,1.3166666666666667,158,120,0.5170504023128636,0.3914556962025316,0.038461538461538464,0.10331091048887152,2.902041789040498,95.26756080855839,4.694977554017558,0.36636350645662186,0.10209059794787273,0.9130670440000415,217.6494738520408,24.532181814044833,235.9820631377551,27.470870274972746,248.21976642219389,16.114603239701324,101.20184948979592,13.148044993101143,35.59388950892857,20.100181413599305,249.40569196428572,12.861300895080072,7422.0,1182.7636213302612,0.17359779201946016,0.06667068195298531,CIN1,CIN1_0191.png
4079.5,632.1391705274582,0.12828958404440896,1.4594594594594594,108,74,0.7205051218650653,0.5104479479479479,0.038461538461538464,0.11329237950792387,2.558409577703732,363.8918201977024,10.995301795290931,0.17709769121501867,0.03808269335325491,0.8316769416653209,140.05500637755102,36.18557792206075,167.26735889668367,33.80900878263805,226.13797433035714,36.82140686803059,110.98654735331633,4.526384878226555,100.02570950255102,24.343351229812402,226.14548788265307,36.80366401160437,4079.5,632.1391705274582,0.08849912683175512,0.12828958404440896,CIN1,CIN1_0185.png
2276.5,320.6345567703247,0.27826389788468353,1.2758620689655173,74,58,0.7635418413550227,0.5304054054054054,0.038461538461538464,0.09360424464126123,3.1737911449414793,351.9033508887311,10.372124865343297,0.19506915439953612,0.0465818339029775,0.7779622727855768,130.44945790816325,33.13035064159008,167.7931281887755,29.162069761780725,177.50659677933675,22.267211752655616,95.69421635841837,5.605275368583896,71.54272959183673,32.23156236732272,177.89401307397958,22.303703838359848,2276.5,320.6345567703247,0.04752659213561728,0.27826389788468353,CIN1,CIN1_0350.png
24724.5,2266.8338116407394,0.06046415918798737,1.0259067357512954,198,193,0.7266141593440503,0.6470010990736379,0.038461538461538464,0.10184970347989505,2.9774508294365782,575.0382908891238,15.718705195223865,0.09041128137351324,0.011795023949394232,0.8667656341356146,127.17257254464286,52.52900276517559,148.41964285714286,49.29169339702612,199.5402383609694,52.13997682670278,114.10323660714286,14.242920862315795,105.45834661989795,36.288792948114576,200.15690768494898,51.37496851292631,24724.5,2266.8338116407394,0.9714358682199478,0.06046415918798737,CIN1,CIN1_0344.png
5818.5,1087.5849081277847,0.06181509737921929,0.5628140703517588,112,199,0.6564932866975065,0.26105976310122037,0.038461538461538464,0.08989022520310894,3.2949854003903734,156.56339621663489,7.618782913346994,0.2249444020612987,0.04878519726923136,0.8634312429031934,104.47518734056122,26.848922114433787,133.6126036352041,25.08942305403004,139.25721460459184,17.464630568001617,93.64999202806122,7.230692039217814,68.80550462372449,30.713195877033144,140.3928372130102,17.96384404283359,5818.5,1087.5849081277847,0.1311728569013132,0.06181509737921929,CIN1,CIN1_0224.png
3160.0,333.2792181968689,0.35750364900251114,0.7682926829268293,63,82,0.7105914099392849,0.6116918312040264,0.038461538461538464,0.07486917787652872,3.5961726714605957,111.81367800235421,5.82156291656321,0.305169414716928,0.05622289791442141,0.9663264173059181,195.94088807397958,34.65498414917675,198.33248963647958,46.25173528085025,199.8231425382653,49.01584828836511,85.46548150510205,46.30666004440838,40.640904017857146,27.64300415264705,213.63741629464286,36.106003175304934,3160.0,333.2792181968689,0.06721116215756338,0.35750364900251114,CIN1,CIN1_0230.png
5264.5,674.1391695737839,0.14556865543174555,1.107843137254902,113,102,0.711803677663602,0.45674995661981604,0.038461538461538464,0.070104051282667,3.6452106467480534,299.1982456386728,8.429373139995969,0.42863592135813433,0.2493422770646821,0.8916406681984441,217.3551698022959,52.172299646704936,236.57888233418367,35.56123281287843,249.39881616709184,18.586966740777644,67.2817681760204,45.22377581302582,35.555444834183675,46.83644752896101,249.39881616709184,18.586966740777644,5264.5,674.1391695737839,0.11721942041570645,0.14556865543174555,CIN1,CIN1_0218.png
36942.5,1878.996158003807,0.1314874678179495,0.9508928571428571,213,224,0.8757467286174853,0.774281103286385,0.038461538461538464,0.09975055737419165,3.0099516734018077,432.24698524399844,14.454291861709594,0.10295731400817472,0.016220329968712283,0.8085339946096752,88.73604910714286,31.77686481269225,101.03834502551021,38.0609511933583,131.4846739477041,39.005334245647376,115.0438456632653,16.088470341846232,93.78302375637755,28.750375988708416,132.0906608737245,38.391171729950855,36942.5,1878.996158003807,2.7915895265802697,0.1314874678179495,CIN1,CIN1_0026.png
4488.5,996.1290649175644,0.05684337679641611,1.8863636363636365,166,88,0.5456811136101148,0.307263143483023,0.038461538461538464,0.08644826795418807,3.3799180746231516,172.85970812957095,7.167636589179322,0.26639963491819013,0.049385753684740415,0.8965732810677687,207.57186702806123,33.34146423829864,222.70962213010205,31.599372025233382,240.96043925382654,22.01854527292579,106.88175621811224,13.73697598891527,40.98387675382653,24.45531311781077,242.38468590561226,19.25073029475958,4488.5,996.1290649175644,0.09824350205198358,0.05684337679641611,CIN1,CIN1_0032.png
3509.0,784.1463108062744,0.07171318728701075,1.0526315789473684,100,95,0.5538631520795517,0.36936842105263157,0.038461538461538464,0.12361412293721788,2.104065571677398,258.89095086393297,8.897237337443363,0.19161264925962965,0.055650602757628065,0.7729293622411467,176.09568319515307,17.174214267381508,192.24065290178572,28.826737759820556,231.31375558035714,37.60860854565935,112.27305883290816,18.132739276680365,62.58721301020408,16.396483582321576,232.20894451530611,35.28436871217288,3509.0,784.1463108062744,0.07519232005485675,0.07171318728701075,CIN1,CIN1_0036.png
1494.0,266.10764503479004,0.26512199449489854,1.2115384615384615,63,52,0.7155172413793104,0.45604395604395603,0.038461538461538464,0.10898014267402394,2.735490306198966,35.945087022986506,2.6096140395405842,0.45831083025653685,0.10201967799004788,0.9073723154697432,143.43799824617346,18.92723899904342,157.99950175382654,13.027280622165108,151.5872130102041,9.92561054324404,74.0174784757653,13.635900134147587,26.286212531887756,21.413711691954088,158.65969786352042,10.607577196400273,1494.0,266.10764503479004,0.0306889610122838,0.26512199449489854,CIN1,CIN1_0022.png
7824.5,1162.5310863256454,0.07275407261857933,0.7677419354838709,119,155,0.597951931527263,0.424207102195717,0.038461538461538464,0.09376001827560539,3.197236871371411,161.52552540261075,6.633411673073191,0.26349909880970684,0.053497533857728534,0.9416608249252487,205.2575534119898,28.902871299112906,185.19080835459184,41.815993493858905,206.15515385841837,47.95845052611351,133.77650669642858,33.00174645642835,39.46934789540816,27.35428509042373,216.07278380102042,34.223172412936144,7824.5,1162.5310863256454,0.1847514255693423,0.07275407261857933,CIN1,CIN1_0234.png
7893.5,632.624450802803,0.2478492053043757,1.422680412371134,138,97,0.8229682531408018,0.5896832511579262,0.038461538461538464,0.09407504902264052,3.180595420759795,80.94398288796464,4.275508933830273,0.38828817612464445,0.07612817417121605,0.9784351041873788,198.1568678252551,31.607835915193206,203.49083227040816,49.432902826284,202.26321348852042,54.391524278459094,79.93201929209184,36.18355184862703,36.58597735969388,34.780408844617135,215.07680963010205,37.08156536540887,7893.5,632.624450802803,0.186684798675575,0.2478492053043757,CIN1,CIN1_0220.png
3573.0,523.3868633508682,0.1639069029615301,1.1428571428571428,96,84,0.6465213064326427,0.44308035714285715,0.038461538461538464,0.09281288136792144,3.1636292085312467,150.49587202689736,5.6758230274271515,0.37853902615079305,0.09803298941992487,0.9395179842851537,207.46586017219389,26.796383856566987,215.73594945790816,42.75974717002708,222.51887356505102,40.95371527245878,98.10851801658163,36.77943669330128,39.48842075892857,21.98947147425546,231.65160634566325,29.992392055398483,3573.0,523.3868633508682,0.07666888397742634,0.1639069029615301,CIN1,CIN1_0208.png
11384.0,2434.87544298172,0.02412966274281604,0.7232142857142857,162,224,0.4133398689250767,0.31371252204585537,0.03846153846153846,0.11145784478212997,2.5732740431317485,554.8218195147291,14.4035867798295,0.12193103628836008,0.030721343024468998,0.8397064038276745,173.5489277742347,28.215058435647265,159.04051737882654,51.10403449748189,210.5488879145408,54.32148508635527,129.2181321747449,18.318475826000356,76.76030373086735,23.87223602850935,214.31351642219389,48.57103242049798,11384.0,2434.87544298172,0.2934625696019798,0.02412966274281604,CIN1,CIN1_0340.png
23807.5,1832.309864640236,0.08910987153529047,1.1666666666666667,224,192,0.6397371992099854,0.5535598028273809,0.038461538461538464,0.06653387482009276,3.8262182086174263,353.73344172861687,11.737368322393136,0.14296682904264843,0.016368215878235844,0.9098233727195929,127.40836256377551,41.67233661091547,136.5887675382653,46.62615765420263,192.30538504464286,56.75945168206563,118.38227439413265,11.94499593932106,94.53800621811224,25.60311546914485,192.58029735331633,56.43960929885136,23807.5,1832.309864640236,0.9028765382937975,0.08910987153529047,CIN1,CIN1_0354.png
17305.0,1093.116872549057,0.18199031304852933,1.0108695652173914,186,184,0.6985850675171064,0.5056393174380551,0.038461538461538464,0.06316606610664485,3.8748242782872975,353.08052629388095,11.81278844588972,0.1559318053270521,0.02120605752895169,0.9475960983228586,174.21239237882654,62.116814434510786,180.24178890306123,60.7338234413908,138.7023078762755,51.58524513269998,41.72572544642857,22.546487474745486,70.66125239158163,32.83661750541339,188.20740991709184,58.95915306388161,17305.0,1093.116872549057,0.5264518876821515,0.18199031304852933,CIN1,CIN1_0181.png
2886.5,437.00208735466003,0.18993911191076243,1.5555555555555556,98,63,0.6591687599908655,0.4675251052802073,0.038461538461538464,0.09251884812613397,3.237379334152227,96.15911956433287,5.266362825694391,0.3019466931138228,0.06580079045404644,0.8433818726445724,123.02337771045919,24.29307660608329,146.35403380102042,17.116313005713927,141.54151387117346,13.163501539179064,82.30767697704081,14.926809161800087,46.38243383290816,28.972968878686473,147.9333944515306,13.776391795660638,2886.5,437.00208735466003,0.06103891984478584,0.18993911191076243,CIN1,CIN1_0195.png
2919.5,826.9919819831848,0.05364333200127969,1.255813953488372,108,86,0.5225523536781815,0.3143303186907838,0.038461538461538464,0.08157132476475426,3.1503806302945407,225.64893664943213,5.3619828802156055,0.6508504682440038,0.5354566154757382,0.8868598000507499,233.46193399234693,43.69411502088872,245.7961973852041,26.82394812717558,233.1025988520408,37.19562535061091,22.977140465561224,27.822532722434165,18.92448580994898,30.90907039861998,245.91262755102042,26.27647055748204,2919.5,826.9919819831848,0.06177986097150657,0.05364333200127969,CIN1,CIN1_0142.png
3587.0,627.2691128253937,0.11456011330624824,1.4,112,80,0.5884186351706037,0.4003348214285714,0.038461538461538464,0.08730032453035882,3.373354135106429,73.74024660549321,4.378948148521319,0.3441332761049242,0.06485250886647316,0.8665023399567744,117.92970742984694,20.50129640921295,139.7179328762755,17.309769700162473,135.69668765943877,13.497729939445222,84.51921237244898,16.71086410390051,45.59713807397959,24.62259881146379,141.45386240433675,13.889585428508578,3587.0,627.2691128253937,0.07699242310416622,0.11456011330624824,CIN1,CIN1_0156.png
1599.5,264.1492747068405,0.2880681631259365,1.5434782608695652,71,46,0.7100998890122087,0.48974280465401104,0.038461538461538464,0.0974142718236161,3.1059469982733514,77.42291241223086,4.3907353166268805,0.33098091445881933,0.06391371525424162,0.8483812278485167,124.49730947066327,21.19992394530136,146.7801737882653,15.528971056114257,142.4607780612245,11.75057906331395,83.1446308992347,10.41175316961444,42.32579320790816,24.151188787526216,147.92137675382654,12.724853302398387,1599.5,264.1492747068405,0.03292744434037034,0.2880681631259365,CIN1,CIN1_0157.png
14304.5,1177.9036685228348,0.12955763074077506,1.1751824817518248,161,137,0.8138423463146816,0.6485242780069819,0.038461538461538464,0.08766586135478502,3.3421629339787047,68.227921537873,4.507444010981656,0.36777006882868624,0.08611374766234937,0.9780489342469365,166.76112085459184,31.873128194641524,167.1911073022959,45.27499249732614,169.20657286352042,34.96096295597341,97.45280612244898,39.77694109840631,28.942661830357142,22.881858340811068,176.36766581632654,34.92015289064724,14304.5,1177.9036685228348,0.3987706117670017,0.12955763074077506,CIN1,CIN1_0143.png
4889.5,821.8204089403152,0.0909746660359078,0.84251968503937,107,127,0.5623993558776168,0.3598130841121495,0.038461538461538464,0.10586489546249442,2.834327780664036,206.05036262806698,6.954506076980803,0.3032768159753382,0.07614059864023393,0.8352141912496296,183.1692442602041,26.8096978853617,174.01863440688774,27.157994624989744,195.0187141262755,19.534886614214123,132.95665258290816,12.366782727873133,30.90170599489796,21.63003473649144,195.33952487244898,19.232354181191248,4889.5,821.8204089403152,0.10796815828116547,0.0909746660359078,CIN1,CIN1_0194.png
2932.0,428.47517561912537,0.20068850560960652,1.6363636363636365,90,55,0.7490100906884659,0.5923232323232324,0.038461538461538464,0.11573186132985991,2.4717175351922034,339.25452721998903,10.05896744605965,0.2040942295668218,0.05028543676229472,0.8409108864188881,175.74772799744898,20.287505590176007,177.20454001913265,39.339303903201966,216.38205516581633,52.114372341776445,118.24105149872449,31.40805929468392,66.18193957270408,15.397543459263055,221.93289620535714,42.01255228163631,2932.0,428.47517561912537,0.06206079078824824,0.20068850560960652,CIN1,CIN1_0180.png
2260.5,425.54624366760254,0.15686312141102227,0.9,72,80,0.6932985738383683,0.3924479166666667,0.038461538461538464,0.10349882776210789,2.8991402842642127,49.10830416582687,3.3665942605322674,0.37512661431872096,0.092931214885375,0.8952387987203505,223.0730428890306,14.867467824949307,238.00003985969389,19.112635850905797,250.12107382015307,11.737665411506308,103.81680484693878,12.643564969397858,30.265804368622447,11.56295845679602,250.77648676658163,9.653146687661877,2260.5,425.54624366760254,0.0471768008264549,0.15686312141102227,CIN1,CIN1_0355.png
5759.0,731.0092271566391,0.1354288606527867,1.218487394957983,145,119,0.6221237982067624,0.3337583309185743,0.038461538461538464,0.09020211171637123,3.2993623358622566,342.5906945563952,10.892243784487565,0.16856116818552327,0.02438643768054118,0.8675547938270292,179.0300143494898,31.790457485683163,191.78687021683675,39.30058433828603,195.09285315688774,38.86585257158925,91.18891501913265,27.618598720198165,25.20770886479592,13.644193191851501,197.3710339604592,37.734451903088,5759.0,731.0092271566391,0.12965756354548935,0.1354288606527867,CIN1,CIN1_0341.png
32764.0,2083.464192509651,0.09484942437769717,1.0,224,224,0.750125921516553,0.6529815051020408,0.038461538461538464,0.0533875357250494,4.03554242227125,151.5084309270252,8.46677071869788,0.15989104458862263,0.017501648258487847,0.9464119903184287,69.28533561862245,35.41297051571267,110.35108418367346,40.3886431122289,126.35233976403062,36.878075684953004,98.86674904336735,9.639918827401141,120.91942362882654,39.29033435438385,126.47090242346938,36.82340559871076,32764.0,2083.464192509651,1.8816907879623248,0.09484942437769717,CIN1,CIN1_0209.png
13513.5,1668.1332408189774,0.06102618717977546,0.8895348837209303,153,172,0.7030591540502575,0.5135088919288646,0.038461538461538464,0.11285791176858438,2.5298902304687023,476.905964097086,13.119344789470617,0.1508737165256021,0.03153621183503046,0.8457117115378541,169.00460379464286,25.023099953052018,160.95964205994898,47.44179084644194,202.3063416772959,55.22051403457154,129.48439492984693,22.771148125785828,68.58065609056122,17.674151450077016,206.73654735331633,48.83903402003722,13513.5,1668.1332408189774,0.36859188544152743,0.06102618717977546,CIN1,CIN1_0221.png
11932.5,1143.4772634506226,0.11467961856104272,0.9,162,180,0.6198057344691461,0.40920781893004116,0.038461538461538464,0.06176687382361029,3.908288189785565,280.1507352585133,10.917456643507208,0.13682256100380766,0.019900795958498883,0.9465167915294017,175.12067522321428,43.44025517789173,138.2278977997449,55.132806702846466,153.7511758609694,64.26719233896324,129.2272799744898,57.99883514014929,66.51034359056122,41.15672398724387,179.2497010522959,47.11994219856888,11932.5,1143.4772634506226,0.3120138062677318,0.11467961856104272,CIN1,CIN1_0235.png
4515.5,577.7127639055252,0.1700167792852684,0.7096774193548387,88,124,0.6005852231163131,0.41381048387096775,0.038461538461538464,0.07930256425473163,3.511816113797827,105.17885352567434,5.028030474029589,0.3472956650387696,0.06260123440696105,0.9556587361664758,204.62163185586735,27.428280667456363,200.96143574617346,38.38517582476433,200.13659917091837,42.7920212429468,78.80787627551021,49.92732679528785,25.845922353316325,26.256507266245727,212.58119419642858,30.66009521240253,4515.5,577.7127639055252,0.0988929161967127,0.1700167792852684,CIN1,CIN1_0023.png
12538.5,1369.9768248796463,0.08395160574123642,1.5354330708661417,195,127,0.7179215574005153,0.5062992125984253,0.038461538461538464,0.11333939589709428,2.4852849021958727,621.8583266893091,15.607621195710855,0.11097270896305086,0.02635387827420021,0.8006375595713237,169.3993144132653,26.988389968440952,163.06401466836735,47.103466274725186,198.44499362244898,59.5794834434234,123.89209980867346,35.359791406359605,65.19563137755102,17.642574554470098,205.88428730867346,49.971473481500944,12538.5,1369.9768248796463,0.33313849219528396,0.08395160574123642,CIN1,CIN1_0037.png
4499.0,663.9554047584534,0.12824724256697564,1.8181818181818181,140,77,0.657364114552893,0.4173469387755102,0.038461538461538464,0.11327014035543893,2.571021313626685,418.4144593250063,10.957860380564107,0.17279494610975465,0.04325266769171346,0.901159774127085,172.28762755102042,42.375145554461426,197.90921954719389,51.49923172673382,235.9841159119898,40.465215682770626,107.63514429209184,8.296876605263456,72.94054926658163,24.61473860746062,235.9986647002551,40.434064382285406,4499.0,663.9554047584534,0.0984959607680014,0.12824724256697564,CIN1,CIN1_0021.png
5251.0,953.2346227169037,0.07261933474884649,1.101010101010101,109,99,0.6120403286904831,0.4866092113798536,0.038461538461538464,0.08682412084921973,3.3871763410879985,68.91710425998954,4.517534773350793,0.33586830346480595,0.06412073925720328,0.9015158558457552,125.77339764030613,26.079805990765905,149.4866868622449,17.407091602748736,144.59414859693877,14.530971745489875,81.28848453443878,13.681493290456565,45.3630221619898,29.713175172721837,150.60403380102042,15.397484481931018,5251.0,953.2346227169037,0.11688369504730106,0.07261933474884649,CIN1,CIN1_0035.png
14367.5,1424.2367105484009,0.08900752363493358,0.908256880733945,198,218,0.5529470625589317,0.332858400518951,0.038461538461538464,0.053009940954145185,3.974708306260148,167.66943786231408,8.620377842317977,0.18404775754308772,0.025181535880130793,0.9689581882505693,169.25149473852042,48.31758720854576,168.09911112882654,56.36117134208395,172.11639030612244,60.632984279987,84.86350047831633,50.736079422412665,52.338548309948976,34.129107222700924,188.26167889030611,49.89343158402514,14367.5,1424.2367105484009,0.4012315511680188,0.08900752363493358,CIN1,CIN1_0009.png
2799.5,547.3696180582047,0.11741645379446117,1.4027777777777777,101,72,0.5622614982928299,0.3849697469746975,0.038461538461538464,0.09354907450327735,3.2208714474064384,81.48191219038678,4.611160894196801,0.325014368702305,0.07674447869884578,0.8434092282590726,128.62697305484693,22.3688144590874,151.39620535714286,15.59438035354049,146.1504902742347,12.17688464303406,81.54679528061224,13.267795649643238,42.77208227040816,26.435795319449024,152.6170878507653,12.685853753717696,2799.5,547.3696180582047,0.059090477346363704,0.11741645379446117,CIN1,CIN1_0223.png
1796.0,321.07820749282837,0.21892458588098726,1.280701754385965,73,57,0.6969344198680636,0.43162701273732273,0.038461538461538464,0.0852525576212182,3.4179847763913727,268.68466930683564,9.290996855430981,0.21696958858786566,0.041904443343114404,0.8511893402415184,144.64317602040816,31.19402110654456,164.40288185586735,32.25244115728832,173.70186941964286,25.671490331284815,99.19056919642857,12.686225821762763,46.863002232142854,22.213713440995022,174.39815848214286,25.401142970560457,1796.0,321.07820749282837,0.03712277800744109,0.21892458588098726,CIN1,CIN1_0237.png
4552.0,724.4650710821152,0.10898763143247985,1.5604395604395604,142,91,0.5413569602188262,0.35226745085900013,0.038461538461538464,0.11920669821114235,2.2582504577758193,329.62841872558766,10.355777781867983,0.16529618875137791,0.048509690786524534,0.7818236312349169,178.3859016262755,18.866459533696926,185.84622130102042,31.67850204948121,223.83412388392858,48.05980095397078,108.39935427295919,30.50486371648131,62.973752391581634,16.783996416595393,228.43018574617346,36.775303398671646,4552.0,724.4650710821152,0.09977204979835175,0.10898763143247985,CIN1,CIN1_0343.png
1959.0,419.78888499736786,0.1396955041576878,1.6296296296296295,88,54,0.6257786296118831,0.41224747474747475,0.038461538461538464,0.09103190398107627,3.2833258278661672,121.28047923673925,5.610354287114772,0.2951513667644444,0.05732052900880511,0.8821022101404348,152.1199577487245,29.86623791270276,184.9660196109694,21.46045203956804,189.14128268494898,18.256070466496304,92.91878587372449,9.029697465191576,53.92049984056123,28.775442059609176,190.34695870535714,17.707418516479084,1959.0,419.78888499736786,0.04062882385880499,0.1396955041576878,CIN1,CIN1_0196.png
10706.5,1096.0113149881363,0.11200239510133493,0.7362637362637363,134,182,0.6759794172427944,0.4390068886337543,0.038461538461538464,0.07849590577355417,3.5441162089104217,65.54587827535016,4.597793449493148,0.33576170521765464,0.07820757538374803,0.9403007227673051,180.98140545280611,20.47287729619133,177.58252949617346,30.23090686199453,173.13793447066325,27.141132447675467,73.7118144132653,49.14812835840166,35.30813536352041,27.00777850235348,191.66067442602042,19.01816767162299,10706.5,1096.0113149881363,0.271260086902545,0.11200239510133493,CIN1,CIN1_0182.png
22068.0,1411.5087889432907,0.13918924077881972,1.087378640776699,224,206,0.7555464256368118,0.4782420249653259,0.038461538461538464,0.05805264889245532,3.983383705568493,340.3081575694618,12.813514041091285,0.10470251003934061,0.012712669659871934,0.9115311654314342,186.75444435586735,48.88515317874705,130.89502949617346,49.02066698465681,157.13034119897958,51.544542244077014,145.55799585459184,39.80718966684506,85.82212611607143,43.094466017656806,193.84789540816325,45.364517366997205,22068.0,1411.5087889432907,0.7851145581329159,0.13918924077881972,CIN1,CIN1_0155.png
5833.5,629.0264726877213,0.18526834408933174,1.0396039603960396,105,101,0.7414209456024403,0.5500707213578501,0.038461538461538464,0.08387614061504184,3.4375050266134557,466.7617950392291,14.22504228602233,0.11336599993603244,0.01889714897220051,0.8311602633685397,91.05903220663265,37.83636273372439,139.93608498086735,40.45278894539771,155.2287149234694,32.07554374857807,96.98955676020408,5.756980788658884,112.1254583864796,37.502974276037484,155.50111607142858,32.25960257437986,5833.5,629.0264726877213,0.13155550544060438,0.18526834408933174,CIN1,CIN1_0141.png
1869.5,461.83051443099976,0.11014634344770156,1.4736842105263157,84,57,0.5936805335026992,0.39045530492898917,0.038461538461538464,0.10749916227378822,2.7725013665247698,84.5682609255839,4.61029337683673,0.337627539140567,0.08072195218361702,0.8963342497380681,219.3450852997449,19.575789444279565,235.78989955357142,25.338638054672078,247.98254145408163,17.080313215392426,102.27849968112245,14.441747104140886,34.579460299744895,18.295155508456922,249.82443797831633,10.884086481252767,1869.5,461.83051443099976,0.038700795959135934,0.11014634344770156,CIN1,CIN1_0169.png
17586.5,892.0802954435349,0.27770352159055245,0.8260869565217391,152,184,0.8175204537002603,0.6288079233409611,0.038461538461538464,0.08776243065321389,3.360362723460576,690.1954067112367,15.572276402367308,0.1611575951767537,0.02678658634950419,0.9419839921784892,130.41675302933675,66.70550806515261,137.4989237882653,86.20385739127418,178.06863839285714,79.43725834631819,116.0219427614796,25.41468996584183,91.39375398596938,44.612064291435516,179.05179767219389,78.30878464201557,17586.5,892.0802954435349,0.5396369996471256,0.27770352159055245,CIN1,CIN1_0168.png
6451.5,879.1341171264648,0.10489633075939295,0.8814814814814815,119,135,0.5763612811006388,0.4015873015873016,0.038461538461538464,0.08359168397186517,3.422962637901522,137.43302836214747,5.97853378909866,0.3336865871105097,0.08391228213298446,0.9499436186019936,198.49802694515307,31.409834805520955,206.18461017219389,41.972786694985366,208.82091039540816,44.41190050544295,87.6860052614796,39.55575514290373,36.81967474489796,22.725473688319347,218.8018574617347,33.68173784151176,6451.5,879.1341171264648,0.14754885704810805,0.10489633075939295,CIN1,CIN1_0140.png
13235.0,1771.2875685691833,0.05300973832474577,0.9753086419753086,158,162,0.6740171114279894,0.517072980153149,0.038461538461538464,0.11282779742500117,2.5372005053037254,503.6483819178621,13.546760566177245,0.14101336620877564,0.02918600262816086,0.8389099345335373,168.22731983418367,25.688779043416137,158.6398477359694,47.81887351819906,200.4411073022959,55.500655701032436,130.75356744260205,22.226560840683455,69.43351403061224,17.063348101402905,204.92273198341837,49.34191877925051,13235.0,1771.2875685691833,0.35827400449365204,0.05300973832474577,CIN1,CIN1_0154.png
39997.0,1528.9402477741241,0.21500881009470668,1.0,224,224,0.8956992016482102,0.7971340880102041,0.038461538461538464,0.09292465573237757,3.22009771734408,234.2357300417956,9.939626168315652,0.14495084648439782,0.022062107582627322,0.9341805706220484,88.97849569515306,40.843301762774104,76.93594547193878,45.30915059065913,115.80644132653062,61.01353611755334,130.80568399234693,31.610262475601413,108.58426339285714,29.764674707758616,122.6780931122449,57.68246796877168,39997.0,1528.9402477741241,3.9293643776402396,0.21500881009470668,CIN1,CIN1_0183.png
3433.5,1218.9818779230118,0.029037044982109794,0.9767441860465116,84,86,0.5487454051462363,0.4752906976744186,0.038461538461538464,0.11295050811043374,2.4838301343419857,667.9884932855794,15.650466672026838,0.11694995932754988,0.03211286328088273,0.725851441645723,173.95782844387756,23.878565304444688,171.92289142219389,43.55567417419347,218.59285315688774,48.012588489713636,124.03487723214286,18.393880522004043,68.2738958864796,16.219613741225253,220.29350685586735,44.851437406519274,3433.5,1218.9818779230118,0.0734556345937851,0.029037044982109794,CIN1,CIN1_0197.png
26290.5,1442.330075263977,0.1588105649957884,0.8928571428571429,200,224,0.7367484482058037,0.5868415178571429,0.03846153846153846,0.04429896223240311,4.172858035579601,269.26359921862985,11.223062035968717,0.12903881025684683,0.014679748497084848,0.9495370107174261,161.11047114158163,52.54826245620704,120.45774872448979,54.4305626765547,140.43187978316325,61.19739436536941,132.7881457270408,52.77750244008281,79.56208147321429,43.62647663760623,167.7911750637755,51.95811127336126,26290.5,1442.330075263977,1.1006887023507985,0.1588105649957884,CIN1,CIN1_0342.png
1820.0,440.0731544494629,0.1180949969658614,1.676056338028169,119,71,0.5380635624538064,0.21541010770505387,0.038461538461538464,0.11391374139761276,2.515293443958288,96.94326128886571,3.578502692161612,0.46131906671861844,0.12456998695851615,0.8939675618967349,213.15017139668367,16.29772442640119,234.0498046875,24.97294874871835,242.4093391262755,21.96724155474107,100.46685666454081,13.64377953786956,32.486886160714285,6.639504138739702,242.93654336734693,21.212104168210594,1820.0,440.0731544494629,0.03763752171395483,0.1180949969658614,CIN1,CIN1_0356.png
1954.5,519.9137748479843,0.09086212527667309,0.8461538461538461,66,78,0.6026827012025902,0.37966200466200467,0.038461538461538464,0.09086138641309435,3.2909783758855524,180.990141980283,7.317992823485578,0.2387710065110735,0.0395596345064416,0.8558798455238072,137.28390066964286,32.520932731823464,176.58250956632654,24.782487443367106,178.81889748086735,19.442012629823772,91.51124043367346,9.040571707055143,64.85766103316327,32.00415243029856,180.90678810586735,19.358678448729723,1954.5,519.9137748479843,0.04053171303256846,0.09086212527667309,CIN1,CIN1_0236.png
1007.5,283.1787129640579,0.15788239713604288,1.5833333333333333,57,36,0.7127697205518218,0.4909844054580897,0.038461538461538464,0.11459024092858897,2.5211473379599054,107.57617974610903,4.424862146599268,0.384653094311345,0.08115795114195289,0.8851883451962597,167.9212571747449,26.245715259777505,189.4053332270408,21.873156961730643,195.39136240433675,16.60041735484236,95.88179607780613,7.209242198837717,38.249980070153065,21.879626651748044,196.0575573979592,16.55718037298601,1007.5,283.1787129640579,0.02049076136144076,0.15788239713604288,CIN1,CIN1_0222.png
4396.5,624.1980448961258,0.14179866217431306,1.1777777777777778,106,90,0.6225132743362832,0.46084905660377357,0.038461538461538464,0.09534260675071218,3.105445068856379,68.71327969999595,3.6796426952228476,0.42080805552776457,0.10922816465919928,0.961143533572225,207.00583944515307,23.404362325894454,221.63855229591837,33.910933733338986,226.6219108737245,35.725852555258804,91.53471779336735,32.292996793925404,33.867845184948976,14.892876333800984,231.82583306760205,27.392487161653335,4396.5,624.1980448961258,0.09603643552245,0.14179866217431306,CIN1,CIN1_0008.png
7828.5,2524.1962896585464,0.015439817828764125,2.21,221,100,0.40232809127351216,0.35423076923076924,0.038461538461538464,0.10995111607114426,2.671339646350521,463.34182751178844,14.599601261702594,0.09309213893184437,0.015896846690406478,0.7941889411937513,122.6987603635204,35.79879503756897,156.06503109056123,36.005737900252775,213.76975047831633,38.52442803560183,109.56373565051021,4.937875723138459,111.52947624362245,23.86838129013499,213.77000956632654,38.5234779427563,7828.5,2524.1962896585464,0.1848633331365488,0.015439817828764125,CIN1,CIN1_0034.png
4479.0,893.2590080499649,0.07054010753746474,1.0303030303030303,102,99,0.6158394060222742,0.4435531788472965,0.038461538461538464,0.10740331757646102,2.7055645473237573,752.4334825857419,18.609849446261894,0.07525162443058615,0.013165920437285011,0.7275297797757311,164.77166374362244,29.100556246817284,140.20886479591837,44.735583855242965,183.24633290816325,50.8808439230856,138.6105508609694,19.494157520215005,71.43006616709184,22.092003366980276,188.63243383290816,45.37121195808204,4479.0,893.2590080499649,0.09801518699258158,0.07054010753746474,CIN1,CIN1_0020.png
2583.0,610.6416962146759,0.0870485134014783,0.31210191082802546,49,157,0.5437894736842105,0.33575978161965425,0.038461538461538464,0.12328742058342188,2.123169951722491,215.21416429161002,8.550563401908013,0.18316869356570287,0.0534178700683923,0.7534692898324958,180.6729113520408,12.863780080233056,193.01725924744898,27.365034009951945,236.22540656887756,33.45280996408976,114.38404815051021,18.867091548452336,64.63869180484694,11.813315592904221,237.40086894132654,29.970503583073178,2583.0,610.6416962146759,0.05427268715987645,0.0870485134014783,CIN1,CIN1_0084.png
1099.5,192.95331728458405,0.3711082412182929,1.6944444444444444,61,36,0.7915766738660908,0.5006830601092896,0.038461538461538464,0.08586611592773842,3.409906086092672,123.05384468581363,6.371919853214649,0.22583875328848493,0.044894069001993504,0.8606395189966372,142.9069674744898,25.848089271599257,177.65587133290816,21.43102428776995,184.83970424107142,17.745859577688737,95.3921197385204,10.531994693876188,61.10331632653061,25.20833490020223,185.6161112882653,16.83453998777097,1099.5,192.95331728458405,0.022403798151864947,0.3711082412182929,CIN1,CIN1_0090.png
7284.0,1189.851933836937,0.0646537857269556,1.392,174,125,0.5552040855215519,0.33489655172413796,0.038461538461538464,0.08043319828242297,3.526382029373824,409.40974985855905,11.929045217465049,0.16521095684041998,0.032074520786185425,0.8820320563037943,178.3955078125,39.611759376936575,181.60122369260205,45.59088260941975,194.0480110012755,41.71157125556765,110.98148517219387,30.37836502148276,37.701929209183675,23.081765488451403,198.75131536989795,37.96243593915363,7284.0,1189.851933836937,0.169821878205726,0.0646537857269556,CIN1,CIN1_0047.png
6471.5,1035.584909081459,0.07583040810895719,1.9204545454545454,169,88,0.6071679879908055,0.4351465841850457,0.03846153846153846,0.07323947250441484,3.684172043741473,202.04858218310144,8.755936996248792,0.18091620285015783,0.028151479363194357,0.9274507311203034,198.54946588010205,38.93566992376553,190.70707110969389,41.12464926498188,214.0974569515306,35.28760507115642,125.9638671875,22.030573558154096,41.721759406887756,28.0556786297837,219.2236328125,30.178968858399465,6471.5,1035.584909081459,0.1480739969568351,0.07583040810895719,CIN1,CIN1_0053.png
13107.0,1035.4600180387497,0.15361955225103865,0.8695652173913043,140,161,0.7878696802115893,0.5814995563442769,0.038461538461538464,0.07258510042971898,3.711145842711695,316.25398665641774,11.20993605268463,0.14457040043525682,0.017749029107164215,0.9167661972836212,164.9756855867347,38.43713557992999,145.31792091836735,46.86698624642754,160.66280691964286,47.24970263947871,146.50637755102042,28.696623018326125,41.41996173469388,23.00423451477533,169.1454081632653,41.21922725032597,13107.0,1035.4600180387497,0.3535838571312957,0.15361955225103865,CIN1,CIN1_0286.png
6208.5,1299.9179495573044,0.046170509619157425,0.746268656716418,100,134,0.6038515780771289,0.46332089552238803,0.038461538461538464,0.10747701659106079,2.7350834882449946,552.3763580691378,15.707097972789942,0.0896308750727623,0.016184502604872898,0.7565289798997822,116.08814971301021,35.279849089672794,149.7799744897959,36.81112618013553,209.05173788265307,39.07528864341886,109.80695950255102,5.172133100836948,116.41906489158163,24.76596663823325,209.05454799107142,39.066661437046584,6208.5,1299.9179495573044,0.14120657303690226,0.046170509619157425,CIN1,CIN1_0292.png
7137.5,894.2468156814575,0.11216082125281843,0.8294573643410853,107,129,0.7482440507390712,0.5170977323770195,0.038461538461538464,0.10925395309962542,2.7298379273038376,260.68816722790024,10.202849147885903,0.14683508315287544,0.026788027848289847,0.8521219065674959,137.39431202168367,31.07432173538136,153.48744419642858,30.496619609296758,191.0223612882653,38.70728721878586,112.23495296556122,9.607799553001596,74.07397959183673,18.555141482230848,191.13526387117346,38.50742586025271,7137.5,894.2468156814575,0.1658398875425491,0.11216082125281843,CIN1,CIN1_0279.png
17593.0,2142.7434126138687,0.048151456623682,1.6231884057971016,224,138,0.6203564942964439,0.569131728778468,0.038461538461538464,0.0906380288313948,3.264911376542876,275.48181616285035,9.299710900202829,0.2690338752245466,0.055673827325619915,0.9043656929879536,127.15621014030613,45.41339568005333,149.4730149872449,38.412330885126906,150.89718191964286,29.172267936316146,91.54663584183673,23.583558023055545,58.250358737244895,43.325183532121024,156.0311902104592,30.85550429009428,17593.0,2142.7434126138687,0.5399441426510757,0.048151456623682,CIN1,CIN1_0245.png
17452.0,2485.2530777454376,0.03550698753919324,1.1851851851851851,224,189,0.5247617043028535,0.4122260015117158,0.03846153846153846,0.08414453449683498,3.4413539084294205,389.6384344096973,12.63439108128248,0.1316577774132433,0.0173160658319088,0.8581742960657799,95.92972735969387,39.121201866513694,134.17287149234693,41.137282829540936,148.95651307397958,32.90262135239689,101.09191645408163,16.73934995989255,100.84032206632654,40.373029589858874,150.03995934311226,32.599602966150414,17452.0,2485.2530777454376,0.5333088864441999,0.03550698753919324,CIN1,CIN1_0251.png
8086.0,933.9209145307541,0.11649932217685696,1.0810810810810811,120,111,0.7746323705513244,0.607057057057057,0.038461538461538464,0.07271888540219054,3.7034420563700063,360.12611140067685,12.434205032472855,0.12839146235094043,0.016126802698026167,0.8804808530148387,87.32792570153062,41.451451384446514,136.6952527104592,41.16038142615925,151.91438137755102,33.40528326573111,97.37914540816327,7.643674774975134,116.81839923469387,41.77857970365792,152.31401466836735,33.44517077308174,8086.0,933.9209145307541,0.19211214065098597,0.11649932217685696,CIN1,CIN1_0319.png
3465.5,647.7960242033005,0.10377654570895722,0.7843137254901961,80,102,0.6250338172964198,0.4246936274509804,0.038461538461538464,0.10227013167404993,2.9443652421270365,177.1016221993362,5.493213771583701,0.37404427491164105,0.09231312364710914,0.9024258983194646,202.30646125637756,28.85258930811546,224.55446827168367,34.68763649604668,232.16950334821428,32.48526555160134,99.53368144132654,24.69566154421518,43.32417889030612,19.885080645593916,236.38109853316325,25.523727610101417,3465.5,647.7960242033005,0.07419102771325504,0.10377654570895722,CIN1,CIN1_0331.png
7189.5,865.8792847394943,0.12050188833735742,1.5918367346938775,156,98,0.6467704210147535,0.47027080062794346,0.038461538461538464,0.07099454378117091,3.674098681000667,129.13441965946242,6.494003183318684,0.27943366064263353,0.052885410498840685,0.9642884046064527,190.19728555484693,36.96196132009178,200.1872409119898,47.026172023908714,207.83669483418367,47.9246816282087,100.12539859693878,35.461284386926216,39.07473692602041,23.69870338777603,214.23471380739795,40.37395123846455,7189.5,865.8792847394943,0.16725018319705023,0.12050188833735742,CIN1,CIN1_0325.png
37527.0,1952.895651459694,0.12365043100911983,1.0,224,224,0.7563792477929616,0.7479073660714286,0.038461538461538464,0.07564142491946421,3.4535339029674406,857.6477517448274,19.490010835492548,0.10424481797632469,0.018512642024702326,0.8864115609142431,129.9698262117347,74.82624727665278,90.7825852997449,58.71891940418179,102.66711176658163,63.230891364621876,111.76548549107143,78.27730529845937,98.58332669005102,61.25373166655678,130.26153938137756,74.90335993434662,37527.0,1952.895651459694,2.966795794133924,0.12365043100911983,CIN1,synthetic_CIN1_1.png
3401.5,350.91882705688477,0.34710990058550084,1.4558823529411764,99,68,0.8177665584805867,0.5052733214497921,0.038461538461538464,0.08894718352817667,3.3039952467189146,130.38750573985342,5.465123598215828,0.3464722400391473,0.07204066452410945,0.9414316875032819,204.07762675382654,28.842606317217566,209.09295280612244,36.226730542815375,207.48429528061226,40.515464484785454,81.0059590242347,35.98538602515,24.700354751275512,22.021830394060434,216.65178571428572,31.145663833634288,3401.5,350.91882705688477,0.07272124768837722,0.34710990058550084,CIN1,CIN1_0133.png
2139.0,552.2985508441925,0.08811966576189635,0.6630434782608695,61,92,0.580146460537022,0.38114754098360654,0.038461538461538464,0.09705601761401167,3.0689437308250134,313.96905794202235,10.851574003929139,0.15520406526614924,0.026513824279590793,0.7848805922027159,110.94240274234694,29.57590180051259,152.4542012117347,29.83880306605597,163.5872130102041,19.9784673407073,95.58250956632654,6.527583267904271,85.87727200255102,30.303480091105204,164.20115194515307,20.20502215758705,2139.0,552.2985508441925,0.04452817619751442,0.08811966576189635,CIN1,CIN1_0127.png
9011.0,933.9209138154984,0.12982629158343145,0.5320197044334976,108,203,0.6243547548934696,0.41101076445904033,0.038461538461538464,0.0558225923461054,3.9889666244878854,87.31157326767851,6.156476082483404,0.22170025790988135,0.0248250663370961,0.9436251925679686,89.17562181122449,32.15876851359602,132.5709901147959,27.883294277274537,142.07433832908163,23.114689647750172,95.75019929846938,7.020902246828025,100.60377471301021,36.442533773034164,142.38036112882654,23.28560636198027,9011.0,933.9209138154984,0.2188995505890927,0.12982629158343145,CIN1,CIN1_0126.png
5430.5,1434.202220439911,0.03317637268193199,0.8413793103448276,122,145,0.4635114373506316,0.30698134539287736,0.038461538461538464,0.11010729830564898,2.653505099980113,428.2891077891534,12.485751596502961,0.18149312608202953,0.04892204201847794,0.7939021761056928,114.58298788265306,33.55832714721483,133.0178770727041,35.2285322586362,166.0702128507653,30.47831438061156,109.54623724489795,6.179846601469526,83.41525829081633,28.776658170292592,166.0935507015306,30.454522408477988,5430.5,1434.202220439911,0.12136415952442145,0.03317637268193199,CIN1,CIN1_0132.png
15486.5,2118.1921141147614,0.04337429682616442,1.5448275862068965,224,145,0.5903217199054662,0.4768011083743842,0.038461538461538464,0.05319257930711486,4.061681810276783,446.43079429911796,13.882754132696585,0.11108979441055089,0.012695856163942169,0.8875040477751107,165.59663982780611,46.42052072058997,112.97217793367346,47.62975387558655,126.86979830994898,52.90260856660365,136.93313536352042,59.20726385381559,88.48038903061224,42.76267879448489,167.87848772321428,46.76294262049887,15486.5,2118.1921141147614,0.4464319174389945,0.04337429682616442,CIN1,CIN1_0324.png
41940.0,1416.1463097333908,0.2627979905861359,1.0,224,224,0.8912405967104424,0.8358577806122449,0.03846153846153846,0.043270229091433784,4.178027037642657,212.31459928546718,10.15975712420243,0.1217862377564081,0.014730672063052102,0.9442238667554881,143.54264987244898,49.308714291002836,93.34305245535714,44.69892462203302,97.17703683035714,51.58340106335558,91.99180883290816,79.14385556134627,100.18022560586735,44.09081067359404,145.5966198979592,50.41169505640645,41940.0,1416.1463097333908,5.0922778047595925,0.2627979905861359,CIN1,CIN1_0330.png
32650.5,1452.4133365154266,0.19449983810275953,1.1789473684210525,224,190,0.7851225758359083,0.7671640037593985,0.038461538461538464,0.0945590572110485,3.191388351280977,251.70997104887593,10.923338420896659,0.13789329598602573,0.024294639133330048,0.9578229534961241,104.09905133928571,47.70524052543744,93.94453523596938,58.092365660679405,148.14963329081633,77.40014764465242,129.66828762755102,20.76219587347877,107.82796556122449,33.11337908604712,151.68480947066325,74.67425783760632,32650.5,1452.4133365154266,1.8630281589683604,0.19449983810275953,CIN1,CIN1_0318.png
14270.0,1452.56261074543,0.08498927310985578,1.2142857142857142,187,154,0.6963013564945838,0.4955205222584902,0.038461538461538464,0.08143283731996276,3.5144868637421025,431.58778890606186,12.754085105826656,0.14471499972896743,0.02113292691981945,0.9107258966767724,164.73929767219389,40.970303678384944,156.75199298469389,54.50219915037366,170.38516422193877,50.569496358761285,129.3672871492347,34.35988137646657,36.88392857142857,22.493646353481914,174.44893973214286,47.09686253637247,14270.0,1452.56261074543,0.39742661393638945,0.08498927310985578,CIN1,CIN1_0250.png
5550.0,729.1513625383377,0.13117995083075765,0.9320388349514563,96,103,0.7616825636450971,0.5612864077669902,0.038461538461538464,0.08448410209135299,3.4434165686201434,282.0618945300355,8.850303606856938,0.2683499850288456,0.057987084033231016,0.9104432978995128,226.2418287627551,36.998841263192176,225.42827248086735,42.66671650874354,177.71779336734693,50.87725950558992,32.08119419642857,12.74443500911068,63.359016262755105,38.44185273830047,233.08207110969389,34.798921879137296,5550.0,729.1513625383377,0.12436696096446018,0.13117995083075765,CIN1,CIN1_0244.png
16312.5,1603.4326676130295,0.07973131625529796,0.7276785714285714,163,224,0.7215366242038217,0.4467709246275197,0.038461538461538464,0.08198071082663266,3.464400109936125,309.23053523059684,9.900662359918059,0.28706554840149734,0.07639709022120321,0.9137144599371549,197.41527822066325,39.481548686660545,197.80271444515307,52.90174993788207,214.13637994260205,43.324012055310085,114.08478156887755,30.299686086579715,56.260522959183675,34.54144549017157,226.4260801977041,32.70283722627966,16312.5,1603.4326676130295,0.48171334918127184,0.07973131625529796,CIN1,CIN1_0278.png
2108.0,568.2985509634018,0.08202143688793147,1.8936170212765957,89,47,0.6527326211487846,0.5039445374133397,0.038461538461538464,0.1063978965700047,2.747449531230143,808.2999061037374,19.035623793904104,0.07743284746029461,0.014475521373431022,0.7000891317353396,165.16559709821428,30.045127441734934,144.08984375,43.39456542979065,186.97036431760205,51.49242899085374,136.9373405612245,19.668134607730178,68.87043606505102,19.270869320138424,192.0086296237245,46.02891675806825,2108.0,568.2985509634018,0.043854539402513104,0.08202143688793147,CIN1,CIN1_0293.png
2754.5,474.6589413881302,0.1536346969572061,1.0434782608695652,96,92,0.5551748463166382,0.3118772644927536,0.038461538461538464,0.09201920636655932,3.239880824072296,207.70747796573386,6.968258963861493,0.29187447169827446,0.07040956690922308,0.8980427701378184,207.44126674107142,21.470717905587986,204.74533641581633,37.928877219539615,206.93064413265307,40.00890980209196,92.86057079081633,47.02328301250018,26.8427734375,25.78170826728163,217.52196269132654,25.77670367966333,2754.5,474.6589413881302,0.05808546756218171,0.1536346969572061,CIN1,CIN1_0287.png
8997.5,1205.0996272563934,0.07785487559986753,1.3070866141732282,166,127,0.633336852849048,0.4267858836922493,0.038461538461538464,0.07118763053807048,3.7358168494699306,361.6560814371785,12.63546445842918,0.1254357634162669,0.01571391417196144,0.850756517228804,80.51271524234694,35.2451972546841,133.19585060586735,37.745903567549455,148.5313097895408,30.547050687918176,96.70057397959184,5.172620933686196,123.00689572704081,36.364224949088744,148.72592474489795,30.621923951713757,8997.5,1205.0996272563934,0.21849994535983583,0.07785487559986753,CIN1,CIN1_0052.png
1468.5,297.03657734394073,0.20915292899522706,0.3958333333333333,38,96,0.6972934472934473,0.40254934210526316,0.038461538461538464,0.08546856579824373,3.4006065802721013,178.65475727435552,7.389582259633089,0.2461513946794156,0.049656444238208954,0.9229922679139027,200.90963807397958,28.740572260172968,208.95567602040816,38.96189530021394,210.50227200255102,41.12529458291918,86.0133131377551,36.54588327785816,33.093052455357146,22.77497198797514,219.7157605229592,31.47304210204245,1468.5,297.03657734394073,0.030149360981368372,0.20915292899522706,CIN1,CIN1_0046.png
5520.5,651.4528789520264,0.16346405301924388,1.1388888888888888,123,108,0.7081195484864032,0.41557512797350193,0.038461538461538464,0.10226840067063155,2.9069948309230966,102.97470600800395,4.251920429622003,0.41797201925533534,0.10512932748159776,0.9650649866787469,206.8609693877551,28.845546825061543,216.55215640943877,43.48615858241416,220.96731505102042,46.08806117538299,90.50123565051021,38.72219313853313,33.87974330357143,19.099736950865847,228.3009406887755,36.12208082718966,5520.5,651.4528789520264,0.12362418962949692,0.16346405301924388,CIN1,CIN1_0091.png
10714.0,1327.4742984771729,0.0764027979761713,0.9103448275862069,132,145,0.7047293297375518,0.5597701149425287,0.038461538461538464,0.114717345535643,2.4758302960514293,434.9871516852396,12.357261909836055,0.1627196905310493,0.03364882573999543,0.8572988817008805,169.7141661352041,24.87801335884476,162.7889628507653,47.05638637038266,203.7912747130102,55.11439775164249,129.01682079081633,22.705723079344867,67.86451690051021,17.422107642293184,208.16896524234693,48.64814211621163,10714.0,1327.4742984771729,0.27150169783589273,0.0764027979761713,CIN1,CIN1_0085.png
13573.5,1276.0356996059418,0.10475531369233546,1.7099236641221374,224,131,0.6477142584462684,0.4625647491821156,0.038461538461538464,0.08783933068737579,3.3509824179883374,176.3662044589702,7.688660322632996,0.23230200049117242,0.05210360266543261,0.9090842432946222,208.19369818239795,35.20061244321832,213.6787109375,36.59735700512418,235.2844786352041,25.308759546622696,113.23871970663265,19.774212090359562,44.90708705357143,27.818867091018518,239.60604671556123,20.971710802091653,13573.5,1276.0356996059418,0.37083532545591147,0.10475531369233546,CIN1,CIN1_0093.png
8283.5,1061.1585017442703,0.09244069986422024,1.79,179,100,0.6237340461579007,0.46276536312849165,0.038461538461538464,0.07629535086157488,3.6220018614893017,419.9526310576239,13.49914616626144,0.11405355851212007,0.01603057605626768,0.8475417847836015,89.32904177295919,37.33256933864737,134.84901147959184,41.01531252577021,149.98891900510205,32.310810533614024,97.86124840561224,10.537507424775448,110.66994180484694,36.97786395125821,150.70320471938774,32.017856559201306,8283.5,1061.1585017442703,0.19773229098287282,0.09244069986422024,CIN1,CIN1_0087.png
4399.0,1354.302725315094,0.030139241690114928,1.393939393939394,138,99,0.48885925432016447,0.3219879959010394,0.038461538461538464,0.11661037206581762,2.3578730510893133,546.5273935196279,13.303108555435577,0.1495249495401755,0.04207342259781885,0.7520583508827138,171.72903380102042,23.681349636846758,178.58185188137756,40.51725405506118,224.23610889668367,42.95412246799828,119.1051100127551,14.005321432078267,67.41886559311224,15.635191639077279,224.60867745535714,42.15097657999067,4399.0,1354.302725315094,0.09609629289818031,0.030139241690114928,CIN1,CIN1_0078.png
7326.0,1395.3910369873047,0.04728081131933369,0.8389261744966443,125,149,0.482402133473809,0.3933422818791946,0.038461538461538464,0.05570771186024201,4.0154782756435505,476.3941763235431,14.60742187500094,0.09550515466146704,0.012181629001749713,0.8971226578054772,143.14114317602042,50.879734841788434,149.52736367984693,50.63287377939502,186.78246572066325,42.23612008731289,116.00193319515306,11.651471681318315,72.8157884247449,32.416459033259336,187.13197544642858,42.19737461404767,7326.0,1395.3910369873047,0.17096849474912484,0.04728081131933369,CIN1,CIN1_0050.png
8686.5,874.7320964336395,0.142660769865578,1.2440944881889764,158,127,0.705588498091138,0.43289644174225056,0.038461538461538464,0.08253421605257369,3.4842422232675236,139.84645136477806,6.846900865676678,0.2528109235760507,0.051779789627992755,0.8928425524208985,124.45968191964286,28.918720226774166,130.76897321428572,26.64160786815058,130.95252710459184,18.100429180071202,76.90447624362245,38.31022803532831,30.378687021683675,25.260777800521353,135.6872409119898,20.753927427351066,8686.5,874.7320964336395,0.2093662251895058,0.142660769865578,CIN1,CIN1_0044.png
18926.0,2475.184097766876,0.038819835206867624,0.7410714285714286,166,224,0.5875358944509119,0.5089823580034424,0.038461538461538464,0.10471685518107401,2.871511403419202,230.78825298666658,9.665738077569896,0.17443863741333887,0.026839287507347404,0.9205963628887308,108.9608378507653,33.800872245731185,118.67303093112245,42.32647172367354,146.28360172193877,41.39765008580908,114.37296715561224,15.187971283636573,75.50294961734694,25.85881288828016,146.59572305484693,41.05088583746578,18926.0,2475.184097766876,0.605632,0.038819835206867624,CIN1,CIN1_0291.png
8680.5,1243.834689617157,0.07050651937980038,0.9191176470588235,125,136,0.6927773343974462,0.5106176470588235,0.038461538461538464,0.10466209921876973,2.8339574742654574,526.9735059665394,14.17316380335851,0.14435187832807794,0.030719212008371626,0.8408110623232188,160.3873365752551,30.34006712293421,150.24954161352042,47.80001639614407,205.41356425382654,47.461710267217875,126.01470822704081,12.229264476030027,78.31714365433673,22.379072129121486,205.7227558992347,46.90308942764673,8680.5,1243.834689617157,0.209191358099071,0.07050651937980038,CIN1,CIN1_0285.png
36613.5,1831.4082834720612,0.13717682985321453,1.0,224,224,0.834267550755349,0.7297014508928571,0.038461538461538464,0.1031103456025058,2.8765140504993716,666.7951678169857,17.119117738237637,0.1366004271450666,0.017762380988568256,0.7034158705085933,128.0969387755102,51.80195913804437,81.880859375,37.67529071737902,85.15166613520408,47.12329558573416,96.88020169005102,72.9785707529914,128.3673469387755,49.16657747885474,140.39592633928572,43.41871807260728,36613.5,1831.4082834720612,2.6996129032258063,0.13717682985321453,CIN1,synthetic_CIN1_10.png
4519.5,519.0853470563889,0.21077675569939266,0.9052631578947369,86,95,0.7935908691834943,0.5531823745410037,0.038461538461538464,0.08373567963831784,3.443089543022164,402.58501682238966,13.035096792850062,0.12195270995686272,0.01682623154966516,0.832354081400462,91.44234295280613,35.852387343326654,138.69884008290816,38.74837270604182,156.71476403061226,29.487670543847333,99.48274075255102,10.139536928957043,112.17311065051021,38.107947832388554,156.92075892857142,29.528924274544487,4519.5,519.0853470563889,0.09898919102427912,0.21077675569939266,CIN1,CIN1_0252.png
7774.5,1402.1778351068497,0.04969081690000031,1.3873873873873874,154,111,0.5332304526748971,0.45480870480870483,0.038461538461538464,0.06845213060461529,3.7788084538753717,548.4588449958148,13.822733653279471,0.18600899193006054,0.03343806980775423,0.8696600378026095,189.4092793367347,52.73251910746745,210.05685985331633,48.11546270682138,239.3366549744898,28.71575545673682,100.64144212372449,20.356963788200478,57.12127311862245,40.748706141883666,239.33693399234693,28.715299667378577,7774.5,1402.1778351068497,0.1833543624635921,0.04969081690000031,CIN1,CIN1_0246.png
18558.0,1577.3077775239944,0.09373637294972087,1.1914893617021276,224,188,0.6180437606154461,0.440681990881459,0.038461538461538464,0.07517394888457157,3.6066125982096477,109.65808808570551,5.984171440998923,0.3234007462394223,0.0734005987657387,0.9706223721797343,170.38996731505102,30.47136354225996,159.66950334821428,51.833447515769635,156.04213169642858,50.08045562399458,79.31411431760205,52.38036969960856,47.87392378826531,44.23967771200186,179.3880540497449,34.65988604835327,18558.0,1577.3077775239944,0.5869441457397685,0.09373637294972087,CIN1,CIN1_0326.png
971.5,296.7766914367676,0.1386095301011042,1.0461538461538462,68,65,0.6994240460763139,0.21979638009049773,0.038461538461538464,0.10270935409113106,2.9034247114862977,94.8862868077293,4.190294001681739,0.41956799857534033,0.10928603803102564,0.8433781487713295,225.68172034438774,14.322189117661022,240.71934789540816,22.42384178027941,249.86475605867346,15.138824162489074,100.78535554846938,15.06599420108345,28.513512436224488,12.916946757022773,250.96960698341837,11.000319462337066,971.5,296.7766914367676,0.019744129093883688,0.1386095301011042,CIN1,CIN1_0332.png
1778.0,184.30865609645844,0.6577337933112655,0.9615384615384616,50,52,0.9477611940298507,0.6838461538461539,0.038461538461538464,0.05920916639291812,3.543815557075588,352.176350755062,14.048377897537499,0.09384723226061045,0.013006285420842752,0.94684616747589,111.64616549744898,77.90940967890018,120.24428013392857,56.37382361563321,107.6690449617347,28.26373596571564,65.84911112882654,40.962981490681976,124.79257015306122,65.3561592843744,140.10941485969389,53.9054230031987,1778.0,184.30865609645844,0.03673705525021695,0.6577337933112655,CIN1,synthetic_CIN1_2.png
17043.0,2216.9444226026535,0.04357589306339889,1.1067415730337078,197,178,0.6149821383466243,0.4860263503108424,0.038461538461538464,0.07622309767061272,3.625768720797204,304.2264744646754,10.741256166106083,0.164919461724745,0.02369277232188485,0.9230314716697461,173.35000797193877,39.196649029236035,165.99236686862244,50.132502618640636,175.54524075255102,50.800707477862446,108.65569196428571,51.052438897142224,48.730747767857146,29.124754477738474,189.83852838010205,40.2084744271062,17043.0,2216.9444226026535,0.5143814324087768,0.04357589306339889,CIN1,CIN1_0118.png
18985.0,2035.665205359459,0.05757152830366643,1.0,224,224,0.512955607792278,0.3783681441326531,0.038461538461538464,0.06252382095804582,3.887106070831563,402.0475329036708,11.87813330704794,0.16564438086346306,0.019490581610033413,0.895954581562072,167.84881218112244,37.39081177921562,149.5550462372449,49.17501275070158,164.3250956632653,48.24828146713274,133.22468909438774,39.0789549156334,45.543626434948976,29.905413476765652,175.4629902742347,40.65005783155505,18985.0,2035.665205359459,0.6086691673880286,0.05757152830366643,CIN1,CIN1_0124.png
4570.0,1060.0285596847534,0.05110824068994375,1.1388888888888888,123,108,0.501949585369872,0.3440228846732912,0.038461538461538464,0.1141767788929859,2.4815510481203025,554.3108173989746,13.5963110168405,0.1491106029528264,0.03494038849063465,0.7408195009841511,175.35795998086735,22.421144094422626,173.015625,40.79762229753511,217.76120057397958,46.67083400964205,125.03774713010205,19.345892649321378,66.99689094387755,14.403776594819286,220.32760682397958,42.27167877187221,4570.0,1060.0285596847534,0.10020611323071525,0.05110824068994375,CIN1,CIN1_0130.png
21088.0,2493.870389699936,0.04260862302271413,1.0,224,224,0.6322195739833011,0.42028061224489793,0.038461538461538464,0.09710314701344788,3.110005006959129,508.2052686058739,14.229513318402125,0.11614038572991582,0.013696446209346602,0.923818917180941,131.8876953125,50.23800777424675,150.04488201530611,65.39104295694908,202.60200095663265,63.10147665474183,114.28252551020408,15.878529179442612,100.74304448341837,32.12111059761926,203.30994897959184,62.1226519507402,21088.0,2493.870389699936,0.724972497249725,0.04260862302271413,CIN1,CIN1_0131.png
13859.5,1441.751429438591,0.08378700091393759,2.055045871559633,224,109,0.6797704588370895,0.5676400720838795,0.038461538461538464,0.06725805842995121,3.815511890492876,359.0430152501049,11.921765046655267,0.15297572472791773,0.021587558664672747,0.8809257398308294,138.80223612882654,45.94696786306662,139.4548788265306,38.38631688626118,166.89829799107142,32.17273103766671,122.2635722257653,13.522849245489795,57.56758211096939,32.41350490650608,167.48513233418367,32.00678007232094,13859.5,1441.751429438591,0.3816309391048146,0.08378700091393759,CIN1,CIN1_0125.png
3690.0,560.440686583519,0.1476307810055962,1.0,109,109,0.6232055396047965,0.3105799175153607,0.038461538461538464,0.07508820480400466,3.646517501711747,144.1010616552483,7.3962052533479765,0.2009444464103726,0.029464003751780946,0.871594728308728,102.04432397959184,27.666263617042514,157.8778300382653,24.349109376610127,165.9209980867347,19.302733498035188,93.53250558035714,4.496032174402898,101.13966836734694,29.941079071427072,166.39152184311226,19.38807448167108,3690.0,560.440686583519,0.07937873768446414,0.1476307810055962,CIN1,CIN1_0119.png
34263.5,2113.505822300911,0.09639060158473026,1.0,224,224,0.6940356705186506,0.6828663105867347,0.038461538461538464,0.0882896738444426,3.2550561629389776,1459.414872134616,24.804064350319308,0.08898976834898582,0.0162100458475893,0.7950405333107089,143.25492267219389,58.03550657313447,103.78461814413265,63.64788135911814,122.82934072066327,67.36875581082366,155.30404974489795,32.1848248520196,99.15852200255102,75.41225070055718,144.9718391262755,58.86174362908179,34263.5,2113.505822300911,2.1532443047918304,0.09639060158473026,CIN1,synthetic_CIN1_3.png
3647.0,658.8670915365219,0.10557230277199879,0.8415841584158416,85,101,0.6311326468806784,0.42481071636575424,0.038461538461538464,0.09136734704765057,3.24618403609949,295.2036117978451,9.536491190169668,0.22774909958721617,0.04132089283450143,0.8408423505179503,138.83400430484693,33.51458084092984,161.0127949617347,32.49342241917421,174.84319196428572,23.652796112056325,101.25635762117346,10.35196094190711,57.66011639030612,30.44812640090912,175.25079719387756,23.383764917928225,3647.0,658.8670915365219,0.07838122461260719,0.10557230277199879,CIN1,CIN1_0333.png
11314.0,1230.4793511629105,0.09390254828917022,1.0357142857142858,145,140,0.673392256643752,0.5573399014778325,0.038461538461538464,0.10213811055041809,2.9658085339351605,242.28450524871062,11.115416621458815,0.10750145318290535,0.014595453651513508,0.9157523058674645,100.7994459502551,32.49011477185302,108.37908561862245,40.9412821542238,183.73929767219389,57.28111809150427,119.32029257015306,10.023220785794367,122.56174266581633,19.60947890615069,183.98429528061226,56.90689626616007,11314.0,1230.4793511629105,0.2911327260563018,0.09390254828917022,CIN1,CIN1_0327.png
12320.0,1643.4742976427078,0.05731848973546702,1.5593220338983051,184,118,0.6861407368215867,0.5674281503316139,0.038461538461538464,0.08608864344518145,3.368177381696644,207.00257482155087,7.339013650683221,0.348484856942629,0.09058678393302719,0.9465215206188022,215.26072225765307,32.70808618817585,211.54751275510205,56.53111704246357,225.50075733418367,48.72257003422768,109.61866230867346,33.20402992002582,49.36214524872449,37.982184430042395,239.11886160714286,29.516628665430932,12320.0,1643.4742976427078,0.3254437869822485,0.05731848973546702,CIN1,CIN1_0247.png
14096.0,1530.9890171289444,0.07557211985496473,1.0584415584415585,163,154,0.6580151246382224,0.5615488805672855,0.038461538461538464,0.06320270727237698,3.902440044182554,395.23332002916374,13.450943855013358,0.10353817481744473,0.012667928220768072,0.9028669955519775,149.23363759566325,41.0281439389434,122.74898357780613,48.218841436586345,137.3601522640306,49.340741612313565,147.92600047831633,39.068423081494046,56.42315051020408,26.54591381485316,152.18435108418367,43.35583755621288,14096.0,1530.9890171289444,0.39068736141906873,0.07557211985496473,CIN1,CIN1_0253.png
7973.0,948.8914769887924,0.11127523920313347,0.8606060606060606,142,165,0.6268081761006289,0.34029022620571914,0.038461538461538464,0.07795156030255548,3.59602882714597,343.52118272987724,11.682867186046996,0.13432735421343167,0.017590375438892636,0.8897408404321192,165.12775031887756,33.63339323225075,150.57130899234693,43.414089652251526,163.42319036989795,41.92210170211604,139.84624123086735,35.776526889253745,34.5085299744898,20.612236285790775,170.15148676658163,36.96101595190601,7973.0,948.8914769887924,0.1889202189417814,0.11127523920313347,CIN1,CIN1_0284.png
3416.0,588.6416964530945,0.12388698443674144,0.9274193548387096,115,124,0.6749654218533887,0.23955119214586254,0.038461538461538464,0.07755741979527143,3.5950786230742153,290.08951388996564,11.079929784859406,0.13822305062764625,0.021229703857018247,0.8799390209025376,110.5394212372449,39.4077037677491,151.28477758290816,35.80368326184825,162.58633609693877,29.25802874995968,96.98012994260205,9.683142936359665,88.28862404336735,38.645538444088594,163.07999840561226,29.122540189109944,3416.0,588.6416964530945,0.07305389221556886,0.12388698443674144,CIN1,CIN1_0290.png
16075.0,1245.4255274534225,0.13023428175081042,1.2,192,160,0.7211268869299957,0.5232747395833334,0.038461538461538464,0.05534463970405723,4.032523701056736,318.22554131439625,11.980961239267316,0.11494205527652523,0.01326983477365558,0.9346609615269103,135.69935825892858,46.93906375186817,101.10664461096938,51.60144407964032,121.83197146045919,54.48938135812589,154.26510682397958,26.35095668677143,77.14909518494898,30.08380607259203,138.7419284119898,49.94546117333327,16075.0,1245.4255274534225,0.4713938007683059,0.13023428175081042,CIN1,CIN1_0045.png
1671.5,307.9482647180557,0.2214933657282855,1.7045454545454546,75,44,0.7316699496607573,0.5065151515151515,0.038461538461538464,0.11652967040901412,2.3503104539129844,535.4816522015847,13.346264758935547,0.14022729200814768,0.03916736943613905,0.7138892901030788,176.43576610331633,21.369862365055486,178.45758928571428,38.34848966463157,225.01452885841837,43.04255799366528,121.80464764030613,16.598333850916497,66.46938775510205,13.134653109864864,226.2662428252551,40.37517826057306,1671.5,307.9482647180557,0.03446072013936851,0.2214933657282855,CIN1,CIN1_0051.png
27167.0,1780.7636219263077,0.10765618766492546,1.0,224,224,0.6603067350460589,0.5414341517857143,0.03846153846153846,0.06857610489863356,3.7977420022239636,430.39810170639,13.518930018329609,0.12239644852941335,0.01466462245066751,0.9182319789855089,153.01789700255102,44.703430318582036,125.68937340561224,55.972604809105576,142.38534359056123,54.54967332885987,150.24858498086735,28.953326736941886,59.822385204081634,31.284864829459245,156.57194674744898,48.09749045444077,27167.0,1780.7636219263077,1.1807118953452997,0.10765618766492546,CIN1,CIN1_0079.png
10641.0,1760.8956520557404,0.043124598526866925,1.1063829787234043,156,141,0.6397330688069258,0.4837697763229678,0.038461538461538464,0.11813192202867748,2.3565189611730957,291.80927466151536,8.839209580762752,0.23367333144810487,0.06640556807158743,0.8453889873919221,176.27650669642858,18.24211358230979,181.7139668367347,36.92841245066529,220.60070551658163,48.84319632404221,120.92635921556122,26.438848937225472,63.79229113520408,13.3404833517417,224.43142139668367,41.82854471341926,10641.0,1760.8956520557404,0.26915391425319335,0.043124598526866925,CIN1,CIN1_0086.png
14884.5,1090.849846959114,0.15718610930450327,0.6308411214953271,135,214,0.7225310065289677,0.5152128764278296,0.038461538461538464,0.06708077005816143,3.8248079658268987,305.4164725126517,11.699917220147622,0.1155731808946379,0.01373196892687705,0.9074447915364181,151.0250916772959,40.16009927790327,107.27140465561224,42.6990354618533,118.24234693877551,48.25927651627749,129.99595424107142,65.98423514508279,82.49148995535714,36.06980701751356,152.65844228316325,40.28607007738718,14884.5,1090.849846959114,0.42175878044288284,0.15718610930450327,CIN1,CIN1_0092.png
2185.0,447.7888847589493,0.1369350696803544,1.0714285714285714,75,70,0.5892664509169363,0.41619047619047617,0.03846153846153846,0.09169042329730903,3.264016328500631,149.2528616932226,6.563079555846551,0.253712127171432,0.047021656773959336,0.8623366214614568,144.20880500637756,30.287179538193225,179.63865194515307,22.672637633455953,184.08719308035714,18.248833400668662,92.96988600127551,9.15894917569413,59.378985969387756,28.78875396689895,185.3445671237245,17.867369716048085,2185.0,447.7888847589493,0.04552937009022525,0.1369350696803544,CIN1,CIN1_0096.png
6215.0,1481.131152510643,0.03560114483940734,1.4351145038167938,188,131,0.38676955628850584,0.25235504304044176,0.038461538461538464,0.09789927815435945,3.08223478462133,394.03140669561964,11.0221650443297,0.21774484745972195,0.04815283897245452,0.8605028375786231,186.0038066007653,33.28736448363205,206.3660514987245,41.497818640642535,213.2529894770408,36.955529865651194,97.32202646683673,12.419547133268306,34.766721141581634,11.426400525331083,214.2870495854592,36.77781062826051,6215.0,1481.131152510643,0.14137530993380495,0.03560114483940734,CIN1,CIN1_0082.png
1601.0,426.2741652727127,0.1107192590258705,1.2608695652173914,87,69,0.528557279630241,0.2666999833416625,0.038461538461538464,0.08925072782782183,3.32934430459209,70.71257275327038,4.443029393871296,0.3243387271883321,0.0693009594824451,0.84573198027078,124.51843510841837,19.40899900605865,148.34895169005102,15.382386336588402,144.0965202487245,11.468701822831779,83.96976642219387,12.974851140210433,45.092893016581634,21.90762146062907,149.76303411989795,12.248745962602104,1601.0,426.2741652727127,0.032959341224909934,0.1107192590258705,CIN1,CIN1_0055.png
9177.5,1383.4326684474945,0.060258484277028075,1.8125,174,96,0.648792902336432,0.5494193007662835,0.038461538461538464,0.09567330199545791,3.1335715551868804,470.5888630097612,13.45494492160843,0.1337955849244446,0.019085369901245465,0.8267095463996708,113.15180564413265,39.09171578267446,148.38510443239795,37.718034731863426,205.3279655612245,42.17852583091569,108.84434789540816,4.0044875702638105,118.5726243622449,26.50168509275552,205.3279655612245,42.17852583091569,9177.5,1383.4326684474945,0.2238496530360867,0.060258484277028075,CIN1,CIN1_0041.png
13667.0,1450.0529446601868,0.08167992668784559,2.217821782178218,224,101,0.6800348302027616,0.6040929985855729,0.03846153846153846,0.07554461190649985,3.640536455357945,218.65941091648352,9.724677914199692,0.1509786907831075,0.019503283446147233,0.8998016298336395,82.59958944515306,34.8031838511523,122.51725924744898,35.04969283834389,132.81236049107142,27.9940283718205,96.24063297193878,7.664434397762944,103.93552694515306,38.84818720594578,133.4002311862245,28.440959981441218,13667.0,1450.0529446601868,0.37434605165849516,0.08167992668784559,CIN1,CIN1_0069.png
677.5,153.29646337032318,0.3622887868304504,0.875,35,40,0.7360130363932645,0.48392857142857143,0.038461538461538464,0.1197542836452917,2.200624535940902,12.354651365552737,1.3549756552638137,0.5953795861866846,0.2039183147953855,0.8876428185646016,226.31814014668367,8.039322762266398,251.6309191645408,8.62916057037976,254.26169882015307,3.9199444461559483,92.57065130739795,4.28893001824889,28.135961415816325,6.0801055237252015,254.29699457908163,3.898111897169355,677.5,153.29646337032318,0.01368728345303393,0.3622887868304504,CIN1,CIN1_0294.png
1238.5,281.17871260643005,0.1968525290045635,0.8085106382978723,38,47,0.8126640419947506,0.6934490481522956,0.038461538461538464,0.09218821936924024,3.248068902139195,76.32717743951108,4.608660666540094,0.3316331976562474,0.06869335521640553,0.8483049936946631,131.62974330357142,20.743411717588366,147.88560267857142,16.259016434619202,143.57770647321428,14.154026849399092,80.10136320153062,19.499273552110832,34.74960140306123,24.456784887010144,149.73399633290816,12.45827750666288,1238.5,281.17871260643005,0.02530779054916986,0.1968525290045635,CIN1,CIN1_0280.png
1303.5,213.72286903858185,0.35860712028216246,0.639344262295082,39,61,0.7587310826542492,0.5479192938209332,0.038461538461538464,0.1019909071460101,2.9514318790403644,75.76755233197952,3.9478530519560975,0.39242922542382164,0.06934529661543007,0.9107413304200765,149.5908801020408,28.54637977964789,170.58278858418367,18.58225457990143,167.73598931760205,15.36868833194716,84.1930006377551,11.099816878947736,35.93407206632653,29.828100164755448,172.04045758928572,15.95516469968842,1303.5,213.72286903858185,0.026671440994424266,0.35860712028216246,CIN1,CIN1_0257.png
3988.5,745.050857424736,0.09029165691658353,1.2291666666666667,118,96,0.543503440757648,0.3520921610169492,0.038461538461538464,0.1022268944208503,2.964088496417496,197.63530812608377,6.999710948640566,0.26552612154428923,0.05147336461550493,0.8593962160069846,196.13703762755102,22.785727287274895,213.96785315688774,29.31216383285097,219.2118144132653,29.883562048394623,94.72700095663265,19.992150314583274,28.159717793367346,10.995806705236811,220.34927056760205,28.86290636000422,3988.5,745.050857424736,0.08635453315290934,0.09029165691658353,CIN1,CIN1_0243.png
23221.5,1972.2509888410568,0.07501977698401864,1.108910891089109,224,202,0.6689954193195241,0.5132050035360679,0.038461538461538464,0.0556356816739316,4.016353019426364,315.1251284807564,11.874201385122497,0.11584100523227098,0.013223752169119151,0.9354881974247407,139.22265625,45.86860820689018,105.57537468112245,52.17243017880265,125.67071906887755,54.99675163261762,152.99081234056123,28.116109268112734,74.43897480867346,30.173486978197808,142.7789979272959,49.32046650766916,23221.5,1972.2509888410568,0.861507354987108,0.07501977698401864,CIN1,CIN1_0323.png
18852.0,1226.7981123924255,0.1574059326469458,1.6,224,140,0.7751485372422442,0.6011479591836735,0.038461538461538464,0.09899856676352997,3.0449691745030067,390.5280282943375,10.94092199512487,0.17556413187312478,0.03389134830369553,0.9567936624448365,149.83137356505102,58.56343080395626,165.8485331632653,73.55551617589235,200.3933952487245,70.17625515465753,113.49487802933673,16.896610007936932,78.20828683035714,27.5593356977754,201.5563416772959,69.02016933876376,18852.0,1226.7981123924255,0.601838845613587,0.1574059326469458,CIN1,CIN1_0337.png
2886.0,350.8183219432831,0.29467389050558285,2.0,110,55,0.8197699190455902,0.47702479338842974,0.038461538461538464,0.10558118606614487,2.81497001081349,257.8138620652223,8.90747135400508,0.2134522125730401,0.038999846160806276,0.8396071206569171,128.67847177933675,33.84427962856547,156.0974569515306,29.404713666622698,157.9144212372449,19.906469020513182,88.98236208545919,10.437638806709485,55.66541772959184,35.64164292839839,161.0852598852041,21.48885551990953,2886.0,350.8183219432831,0.061027701416790016,0.29467389050558285,CIN1,CIN1_0121.png
5178.5,722.0802948474884,0.12480812464788878,0.6102941176470589,83,136,0.6566284156469917,0.4587615166548547,0.038461538461538464,0.08405283565317698,3.427519291353348,127.65273536796926,6.128558225866337,0.2944382914817232,0.06786760325289773,0.9377687127624723,171.3625637755102,29.877737098098233,166.81008848852042,35.61373662048346,159.98377710459184,35.705072694095215,58.120535714285715,41.40239200355544,31.50424505739796,32.07311913142801,177.79348692602042,28.623047021262394,5178.5,722.0802948474884,0.11508417134285238,0.12480812464788878,CIN1,CIN1_0135.png
37448.0,1783.2144131660461,0.14798965598766803,1.0,224,224,0.756678116791271,0.7463329081632653,0.038461538461538464,0.08576416806644625,2.959700723055811,1272.173122994882,21.080881341453427,0.2684907074816174,0.2012658356843755,0.8840205597916823,131.61196588010205,99.19631635904086,83.71374760841837,70.67742567762728,65.72941246811224,61.189806563817754,53.588010204081634,66.44522660875785,158.48770328443877,74.14825296007035,131.91384327168367,99.07111862821819,37448.0,1783.2144131660461,2.9421747328724073,0.14798965598766803,CIN1,synthetic_CIN1_7.png
14751.5,2371.0936975479126,0.03297225237300257,1.2469879518072289,207,166,0.5555492788008888,0.42929689773587104,0.038461538461538464,0.07739010835934794,3.604344994133282,409.02635586522734,13.283641121970028,0.11619170691820091,0.014831531718715383,0.8807511132401086,158.4011678890306,37.74827461433502,133.88382892219389,45.026723711481836,152.2882453762755,41.87497575271603,151.94581074617346,21.085209277864692,48.87587691326531,25.913206659249095,161.14359454719389,38.61354874121847,14751.5,2371.0936975479126,0.41642083868509083,0.03297225237300257,CIN1,CIN1_0109.png
3058.0,589.1269776821136,0.1107208786918269,0.5047619047619047,53,105,0.6843459773973369,0.5495058400718779,0.038461538461538464,0.10154396520151708,2.9665322683251025,217.95297217938156,8.8662143886787,0.16510439763352378,0.0242518450787302,0.8887103136547376,128.89558753188774,26.963814884385535,135.65088887117346,33.694593722624695,197.53308354591837,42.69814514003984,117.97626355229592,12.376620637260093,94.99312420280613,13.502867104376906,198.3083944515306,40.94605619813882,3058.0,589.1269776821136,0.06490088713442846,0.1107208786918269,CIN1,CIN1_0108.png
1714.0,439.2447283267975,0.11163684794669274,1.625,78,48,0.6835493519441675,0.4577991452991453,0.038461538461538464,0.08352539787896422,3.313035358697929,1106.2137306542088,23.920696271084072,0.0616199755179678,0.010091652624547896,0.8277670485049767,131.54709422831633,87.14401788558611,97.27545041454081,53.374700538007104,99.83035714285714,47.32758635811353,38.091816804846935,48.416794866977,147.60206074617346,68.82773946429451,156.83890704719389,58.88703603940097,1714.0,439.2447283267975,0.03536791713094796,0.11163684794669274,CIN1,synthetic_CIN1_6.png
5256.5,2039.2459380626678,0.0158842722079814,1.5135135135135136,224,148,0.24770274727863908,0.1585575530888031,0.038461538461538464,0.07468260627624394,3.637718403896516,447.9613960829505,11.590698794678666,0.2160053797673419,0.03721245286481616,0.8304239773503314,174.57788584183675,32.4747466221161,174.7314453125,40.786718988200356,184.1310586734694,37.31161657538435,114.36738679846938,34.56798321861655,30.021245216836736,19.623296547490728,188.1477598852041,34.28651950674234,5256.5,2039.2459380626678,0.11702044768975611,0.0158842722079814,CIN1,CIN1_0134.png
1617.0,431.78888416290283,0.10898756967799982,1.0149253731343284,68,67,0.625169147496617,0.35491659350307286,0.038461538461538464,0.11398758666859725,2.5498302883349413,114.26185837137261,3.9818653270118753,0.4259266494808263,0.10872455230533176,0.870516140940675,207.23989556760205,21.936943718351106,233.8319714604592,21.359515940792075,239.09929049744898,22.29012954503318,94.20073341836735,8.217609252196857,35.31246014030612,10.836193782945015,240.02556999362244,21.326299000335283,1617.0,431.78888416290283,0.033299697275479316,0.10898756967799982,CIN1,CIN1_0120.png
1213.5,419.3452332019806,0.08671739504986682,2.7777777777777777,100,36,0.5156150414276609,0.33708333333333335,0.038461538461538464,0.09486123694745659,3.1822056713442244,93.43389115684447,4.879586071672133,0.32024696462685087,0.07143695773170142,0.8204342151010209,125.31194196428571,20.07611844494621,147.0622010522959,16.32742108659669,142.15387834821428,12.71936729534932,82.55847417091837,10.603572741226339,41.06592793367347,21.261522381811126,148.1173867984694,13.627956311749509,1213.5,419.3452332019806,0.024784273678835844,0.08671739504986682,CIN1,CIN1_0336.png
4577.0,445.3624783754349,0.2899769824949374,0.8207547169811321,87,106,0.7289957792466354,0.49631316417263066,0.038461538461538464,0.06632452918859962,3.7791768319631553,250.70933046162497,8.687190847037638,0.2548053030135371,0.043451430518755677,0.9431238327268407,161.4465880102041,55.566302880269035,180.55757732780611,44.34621076284017,207.3313536352041,46.231438229724645,109.94864078443878,9.478782116568294,64.20091278698979,39.42343898517855,207.48891900510205,46.032274128691505,4577.0,445.3624783754349,0.10037500822386455,0.2899769824949374,CIN1,CIN1_0322.png
5327.0,1584.3271102905273,0.02666876186124982,0.4166666666666667,75,180,0.5185185185185185,0.3945925925925926,0.038461538461538464,0.10593007287048105,2.790040111700086,561.4377539341273,15.834293649056555,0.09304709853639964,0.014068001934564285,0.7605813755701313,157.84518494897958,26.277170021052186,129.96534199617346,40.82816514456038,166.74507732780611,47.353236505811665,143.25577965561226,20.45731410748402,71.14146205357143,22.752367762636858,175.00697544642858,40.10487575647925,5327.0,1584.3271102905273,0.11877633837989698,0.02666876186124982,CIN1,CIN1_0242.png
1957.0,427.10259234905243,0.1348143973958788,0.9178082191780822,67,73,0.5624371317718063,0.4001226742997342,0.038461538461538464,0.09545276035165286,3.1570020587988408,122.75816791086638,5.426697810426832,0.32770581011559885,0.06144147175463562,0.8913773409195862,158.1213926977041,32.75691161011042,186.83430325255102,22.053612274597853,190.5333625637755,18.899727513302764,92.84528459821429,10.69831393652763,48.15870137117347,31.13129535758783,192.00428491709184,18.00578984016841,1957.0,427.10259234905243,0.040585661253862586,0.1348143973958788,CIN1,CIN1_0256.png
3047.0,630.239675283432,0.09639862489556235,0.7019230769230769,73,104,0.6233633387888707,0.40134351949420444,0.038461538461538464,0.11976978132485545,2.252165271119993,292.48107954809666,9.769523499984423,0.17598595747463103,0.050937344434443185,0.7998384512695327,181.38356983418367,16.57309647005573,185.57950015943877,33.97510697100873,228.68504862882654,42.81983444536467,115.46665736607143,26.098096766821815,65.61067044005102,14.197952697165313,232.20655293367346,34.20077406340536,3047.0,630.239675283432,0.0646523372021473,0.09639862489556235,CIN1,CIN1_0281.png
12414.0,2229.679484128952,0.03137882878068427,0.9613259668508287,174,181,0.5300484618176384,0.3941703181558392,0.038461538461538464,0.10004574925230149,3.015493659556648,488.9189508222927,13.527316140570012,0.1535908559511145,0.03123032846991869,0.8628751711881371,152.79683514030611,40.304932482987155,149.77756297831633,48.736202174069135,208.18275669642858,49.79621340144814,123.3534159757653,17.891484764844865,92.93771922831633,24.257625716149864,210.51807637117346,46.78495168849494,12414.0,2229.679484128952,0.3287431809755839,0.03137882878068427,CIN1,CIN1_0295.png
1131.0,284.3919161558151,0.17572678930561184,0.9655172413793104,56,58,0.6327272727272727,0.3482142857142857,0.038461538461538464,0.126764480004942,2.246931200510197,74.71679869140935,2.5842470278690337,0.8059922546352832,0.7774497873356386,0.912623262511489,251.64168128188774,15.596850145143954,244.64907525510205,26.440086670379767,250.24268574617346,17.8190530237452,28.209801498724488,59.006102679742426,8.723194355867347,20.92982575547415,252.7584303252551,12.885768398649,1131.0,284.3919161558151,0.023060454684473444,0.17572678930561184,CIN1,CIN1_0068.png
8615.0,782.9503519535065,0.17660243951913754,1.2203389830508475,144,118,0.7628957272526012,0.50700329566855,0.038461538461538464,0.07460786043213403,3.6508514137300203,105.48127450942395,6.406587610050227,0.23970210675921114,0.03660630143467475,0.880374485067899,105.20653300382654,24.338679236332766,131.77543048469389,22.958978793590315,137.7196269132653,16.136434572587532,97.21914859693878,16.219522440678833,67.3497090242347,28.706087060173786,139.3828722895408,16.114000930786922,8615.0,782.9503519535065,0.20728567647554197,0.17660243951913754,CIN1,CIN1_0040.png
2140.5,386.5756813287735,0.17999317434515888,1.0317460317460319,65,63,0.738103448275862,0.5227106227106227,0.038461538461538464,0.09999541848376607,3.0074944896154103,237.44611438441405,8.426554556233942,0.2207543261166617,0.044481593113402114,0.8591314676214109,142.59584263392858,35.68565288966226,176.3537149234694,28.78779828242069,185.80905213647958,22.10697586433348,95.9555963010204,5.154889408767076,63.13012197066327,33.39785982199821,186.14389349489795,22.21837240673747,2140.5,386.5756813287735,0.04456079357974831,0.17999317434515888,CIN1,CIN1_0054.png
4134.5,675.7960239648819,0.11376314658047708,2.288135593220339,135,59,0.7243977222952256,0.519083490269931,0.038461538461538464,0.09771826746154577,3.0486129311816823,383.76195851609987,10.910404250495771,0.18206017342248654,0.034487749256333536,0.8368524364015848,130.1309191645408,38.39508065405364,168.7517936862245,36.087027777189114,177.32692920918367,26.376434552269224,94.28302375637755,6.547410037370395,73.72626355229592,37.24238982779588,178.21639827806123,26.71648954645356,4134.5,675.7960239648819,0.08979942008839852,0.11376314658047708,CIN1,CIN1_0083.png
20472.0,1354.4549654722214,0.14023002051182232,1.1914893617021276,224,188,0.6779481405437626,0.4861322188449848,0.038461538461538464,0.05359304131216115,4.0524257249410205,273.468424136076,11.29142104768607,0.13517261984278106,0.016597992351094288,0.9052337099628489,127.5669244260204,42.60106139329732,123.0694355867347,38.310365095996936,151.66053491709184,34.54146292873582,125.40166613520408,13.663719922552303,60.857202646683675,28.65302517608116,152.89461096938774,34.19670327624362,20472.0,1354.4549654722214,0.6892001077295987,0.14023002051182232,CIN1,CIN1_0097.png
7865.5,1028.129065155983,0.0935063114747249,1.5490196078431373,158,102,0.6048756104125812,0.4880553487217672,0.038461538461538464,0.0730628911591341,3.6922788303634353,301.84254293508644,10.486270363165529,0.18839255894298387,0.030744068780951983,0.8747073315129062,136.03878348214286,36.77315268775054,155.88891103316325,36.360722987063355,167.93070392219389,28.57276924084522,100.60516980229592,9.120428661433479,53.18405213647959,27.639596435290084,168.26596380739795,28.775813927243625,7865.5,1028.129065155983,0.18589948121624655,0.0935063114747249,CIN1,CIN1_0081.png
18089.5,1549.7514290809631,0.09464819497427077,1.5774647887323943,224,142,0.7087390052304738,0.568709129778672,0.038461538461538464,0.07180492775712505,3.6310853245596895,360.3838838185717,10.769002674724582,0.20869132211464994,0.020663294484239446,0.9522997639804571,149.6765983737245,60.485977836717566,151.58611686862244,62.701939053376215,175.7698301977041,67.99831338192777,118.67279177295919,14.43176451427699,45.41934390943877,25.19937700458158,176.11766581632654,67.97551548269657,18089.5,1549.7514290809631,0.5637729263085721,0.09464819497427077,CIN1,CIN1_0095.png
17060.0,1004.7737259864807,0.21235004172574642,0.8994413407821229,161,179,0.8047929049910368,0.5919705749679032,0.038461538461538464,0.0638266329331911,3.8691989235071365,221.39659832444673,8.935839801366871,0.1933443584965688,0.027996297973907153,0.9595811582354241,194.1620495854592,36.82328161873849,166.11328125,61.72949808075776,156.6571667729592,69.65192371483293,50.6130221619898,51.31300939587647,70.39100366709184,60.30365139089775,200.97973134566325,40.763035308574985,17060.0,1004.7737259864807,0.5151588356081652,0.21235004172574642,CIN1,CIN1_0042.png
1873.0,397.30360329151154,0.14910857978452435,0.9696969696969697,64,66,0.62163956189844,0.4434185606060606,0.038461538461538464,0.10270799356735393,2.943433706258749,89.47465284774276,4.328504024195524,0.3597107467301226,0.08265393258951376,0.8504158342191311,166.91472018494898,22.845440332080827,191.8123405612245,16.777131995022444,195.06204161352042,14.2563131214388,92.9422831632653,9.874482165648816,40.0339205994898,21.273057468874867,196.51175860969389,13.178578281082078,1873.0,397.30360329151154,0.03877605945800468,0.14910857978452435,CIN1,CIN1_0056.png
21029.0,1621.935193657875,0.10045267125830656,1.4267515923566878,224,157,0.7379243793315203,0.5979583712465878,0.038461538461538464,0.07279251648869027,3.682597345472768,171.24553126840738,7.563571318548742,0.2649118880224633,0.05746338973900682,0.9610675102704194,140.9025031887755,50.72361565445208,150.44445551658163,48.05730670054619,164.25378667091837,38.18919619272017,104.90174585459184,20.91710074976863,51.07334183673469,37.4320952214996,166.68283641581633,37.66062767199483,21029.0,1621.935193657875,0.7214807698905548,0.10045267125830656,CIN1,CIN1_0283.png
17811.5,1094.3300759792328,0.18690188808186756,1.6,224,140,0.799618406285073,0.56796875,0.038461538461538464,0.09260074728560293,3.227103279980089,234.30431828441715,8.9257014490589,0.18645943558205602,0.035278159754059096,0.9569718407394155,125.21450494260205,45.812200759478834,132.76082190688774,54.23823379991192,171.3328483737245,66.28102044073754,118.84767617984694,16.768804878845224,78.49726961096938,17.92715606626041,172.80685985331633,64.75693110342309,17811.5,1094.3300759792328,0.5503406510219531,0.18690188808186756,CIN1,CIN1_0297.png
10206.0,1182.9991219043732,0.09164242726025457,0.6626506024096386,110,166,0.709316468012649,0.5589266155531216,0.038461538461538464,0.10301570823350947,2.901032104324882,464.32677492308846,13.84269442367005,0.11967675305250935,0.021815557723660884,0.872761957680372,167.04292889030611,27.4132755067848,148.36202566964286,51.967079423650105,187.37643494897958,60.199754494355844,134.66155133928572,27.456245798932663,77.1792291135204,27.049959680740997,197.68957270408163,48.348813803918596,10206.0,1182.9991219043732,0.2553415061295972,0.09164242726025457,CIN1,CIN1_0240.png
4112.5,982.8153561353683,0.05350223293899241,0.9908256880733946,108,109,0.541795665634675,0.3493459055385661,0.038461538461538464,0.10390892894981034,2.8894957571216775,314.1067946081229,10.513093530093347,0.13464274881836946,0.02282136068594002,0.8444897766875881,171.3035514987245,31.940109449715663,128.79412468112244,32.862965719229926,215.30496651785714,43.178223266964835,134.84777582908163,6.283547262068247,103.90860172193878,16.07678534703264,215.4774394132653,42.82919998227806,4112.5,982.8153561353683,0.0892789301724793,0.05350223293899241,CIN1,CIN1_0254.png
1119.5,151.15432822704315,0.6157335059652382,0.5087719298245614,29,57,0.9588865096359743,0.677253478523896,0.038461538461538464,0.11141710995412046,2.6366510993080126,56.87991653717654,3.486854399490029,0.39199925112081996,0.087256971827663,0.9376465959687283,211.54565927933675,16.667661305841044,229.41615513392858,24.481159157848364,232.8000039859694,27.46490689026736,90.85911591198979,23.14437838191437,29.06606744260204,10.806463590914122,236.04093590561226,21.945261577227967,1119.5,151.15432822704315,0.02282062519747638,0.6157335059652382,CIN1,CIN1_0268.png
22180.5,1859.9667185544968,0.0805695335856642,0.9196428571428571,206,224,0.7224330266264962,0.4806800450762829,0.038461538461538464,0.05103170449268287,4.110569963410428,248.74639309436682,11.548791191333164,0.10887101815069158,0.015695234728591877,0.8905729408489559,93.70695153061224,38.77498192186578,82.55353156887755,32.82353501706575,110.25757334183673,33.42355323833203,131.77943638392858,13.361443831084067,72.4976881377551,22.582989722822557,111.43911431760205,34.07955421525067,22180.5,1859.9667185544968,0.7922880462931543,0.0805695335856642,CIN1,CIN1_0334.png
9464.0,1230.3960905075073,0.07855877642987116,1.3284671532846715,182,137,0.5057446694811094,0.3795620437956204,0.038461538461538464,0.08173220560403058,3.476586684489409,190.97789695578967,7.148572883082944,0.30558444322122114,0.07615112501775442,0.9568853342431023,193.08119419642858,39.093064372801955,197.90371890943877,52.89224934126829,201.32808514030611,56.05348735203175,87.93387276785714,40.75109076911736,42.555444834183675,30.389026636287227,213.5803770727041,42.68582523888525,9464.0,1230.3960905075073,0.2324621733149931,0.07855877642987116,CIN1,CIN1_0320.png
11680.5,741.1442224979401,0.2672180822380427,1.2941176470588236,154,119,0.8798870056497176,0.6373731310706101,0.038461538461538464,0.06379426418551418,3.8866500312412993,234.75716052995307,9.55502196160653,0.17567473517056445,0.01979753972681702,0.9363128206904515,83.3149115114796,39.93767742407511,125.62964365433673,46.423213690699825,140.16059470663265,43.12915119953374,98.43357382015306,6.623953941203242,109.32794563137755,35.982253814587565,140.28952088647958,43.20463503009356,11680.5,741.1442224979401,0.3034250756581938,0.2672180822380427,CIN1,CIN1_0308.png
1518.5,197.58073389530182,0.48880481104695384,0.8103448275862069,47,58,0.8341115078275199,0.5570432868672047,0.038461538461538464,0.10950442297287,2.7437968401746,40.51436429044733,2.7465392547972654,0.42017316930153287,0.08950297219452404,0.8899300090200024,170.26026387117346,19.03198576776884,194.00637755102042,12.493105527846318,196.76261559311226,11.402141867767796,92.91053491709184,7.788513421150421,36.71962691326531,17.890748351668943,198.04436383928572,10.622682488563097,1518.5,197.58073389530182,0.03120793300107897,0.48880481104695384,CIN1,CIN1_0136.png
18759.0,2518.272410750389,0.03717184626641736,1.0,224,224,0.54176052677179,0.3738639987244898,0.038461538461538464,0.09428633277905854,3.1649463453862707,500.8084094449729,15.394526648428993,0.09841252582224086,0.014081641976411782,0.808993366738248,90.82611208545919,33.634812003674305,103.03736846301021,40.61516878053305,134.74786750637756,41.00538344482265,114.31869818239795,11.998216725295418,91.33575813137755,27.662532248963,134.8376913265306,40.92902383384504,18759.0,2518.272410750389,0.5970971130279785,0.03717184626641736,CIN1,CIN1_0122.png
713.5,109.15432798862457,0.7525267129626003,0.9393939393939394,31,33,0.955793703951775,0.6974584555229717,0.03846153846153846,0.0680002719420174,3.623959670319273,2000.9860235740998,33.14388024870624,0.04264396010152256,0.00872052903846916,0.7913208279556834,126.59398915816327,65.8726263385029,112.97739955357143,74.52678282229999,140.13514429209184,68.47990290539484,132.9357063137755,14.12105199008224,75.32491629464286,53.99631061749229,140.76056281887756,67.74142556396593,713.5,109.15432798862457,0.014425069497093757,0.7525267129626003,CIN1,synthetic_CIN1_4.png
47380.0,1421.0579950809479,0.29483654658432645,1.0,224,224,0.9540781909163218,0.9442761479591837,0.03846153846153846,0.07679469154537533,3.4671866698592693,2986.9993103705838,40.39728359536042,0.0344585003779078,0.008909482875048419,0.574654291914661,123.61104910714286,64.41668225834309,76.87456154336735,61.993550509181304,77.36102917729592,61.76382265914353,94.13119818239795,85.46606606080954,130.82906170280611,58.31568746863157,123.61342075892857,64.4203155163718,47380.0,1421.0579950809479,16.94563662374821,0.29483654658432645,CIN1,synthetic_CIN1_5.png
3743.0,544.1564148664474,0.15884815853069256,2.546875,163,64,0.7048300536672629,0.35879984662576686,0.038461538461538464,0.10028708404225872,3.0082130981081527,114.6463681247664,5.285352543361258,0.3379492138336171,0.0776699129374111,0.9137281729000044,219.78770727040816,25.159419426500985,229.21033960459184,31.242652859467114,242.88855229591837,22.475814659046875,108.19658801020408,19.08280683595649,33.094029017857146,21.666284896345687,245.71821189413265,16.73137266554483,3743.0,544.1564148664474,0.08061077251092973,0.15884815853069256,CIN1,CIN1_0123.png
5325.5,762.3056906461716,0.11516272413704301,1.0940170940170941,128,117,0.6675231887691151,0.355602297008547,0.038461538461538464,0.07589277958218268,3.6003915223702876,130.4374858320013,5.954434389337407,0.3054391229118031,0.06380363031459198,0.9491836573327972,203.56827965561226,31.442323389557703,181.34095982142858,38.82337853112593,201.2834622130102,42.77365130862702,140.95334422831633,29.02787319543835,38.01518654336735,22.266169290632472,210.7979113520408,33.942092824108634,5325.5,762.3056906461716,0.11873892152818809,0.11516272413704301,CIN1,CIN1_0137.png
8294.0,1581.0621719360352,0.04169423396443173,1.1111111111111112,140,126,0.607953087777167,0.47018140589569163,0.038461538461538464,0.11031481745922059,2.7317161953657876,58.947801102633285,4.099846234848726,0.34555176331748505,0.09809768769945942,0.8751347660903596,140.10871731505102,18.23739667979993,163.06030771683675,16.11271328589234,192.30151865433675,13.642893169915604,107.1201171875,4.45745247954934,70.13715720663265,16.29216962890441,192.30815529336735,13.620411561549307,8294.0,1581.0621719360352,0.19803256769017716,0.04169423396443173,CIN1,CIN1_0309.png
12913.0,1178.9402478933334,0.1167490690857755,0.73224043715847,134,183,0.7489487573586985,0.5265883696272735,0.038461538461538464,0.09771534690626661,3.0671728194237304,188.27772071559372,6.718529003464003,0.3294372678697268,0.08185188905759264,0.9439508564742176,195.08324697066325,40.764221627985215,209.88267299107142,45.22065028866639,211.7726602359694,49.81672999623892,80.00892857142857,38.81434441376549,50.1520846619898,32.70447610851416,224.21568080357142,35.60505839066558,12913.0,1178.9402478933334,0.34653677911064595,0.1167490690857755,CIN1,CIN1_0321.png
31924.0,1699.793060183525,0.13884654025277623,1.108910891089109,224,202,0.7689287649786235,0.705533946251768,0.038461538461538464,0.09472099141873883,3.173562289783456,213.48965736214626,10.078482711653642,0.14446871241297257,0.02549567436609598,0.9574750689718295,98.47163982780613,43.6242561691644,91.00799186862245,52.438175718700315,142.8404615752551,73.52650922281232,128.24410076530611,21.15760047813545,104.84171715561224,30.143644901018913,145.57439811862244,71.27412323678558,31924.0,1699.793060183525,1.7490685952224414,0.13884654025277623,CIN1,CIN1_0335.png
9539.5,1435.3737934827805,0.05818425136661393,1.1011904761904763,185,168,0.5031381856540085,0.30693371943371944,0.038461538461538464,0.07851317348414487,3.5845925860299572,232.56317594666473,9.235257533014943,0.17972755176313746,0.030248357329768525,0.8382090798738664,129.240234375,34.555146067054565,171.06449298469389,26.479238993412014,175.96310985331633,21.773502100966724,93.16483976403062,10.101603978965796,73.03154894770408,33.78671621572915,177.27686543367346,21.526293075088336,9539.5,1435.3737934827805,0.23475200866216334,0.05818425136661393,CIN1,CIN1_0269.png
24016.5,2819.9952800273895,0.03795096450607175,1.0,224,224,0.6115503609487797,0.47864516900510207,0.038461538461538464,0.09418028988324187,3.2014754206685145,266.77567870762,11.595230737337019,0.10024066494426757,0.013789164671633323,0.9017311411087685,115.43825733418367,32.689500002596375,113.44439572704081,39.7921980081899,197.7794563137755,48.81539501682111,121.14831792091837,6.23893506831746,118.94310028698979,17.408233884281692,197.77947624362244,48.815353667465736,24016.5,2819.9952800273895,0.9180794739960626,0.03795096450607175,CIN1,CIN1_0255.png
13534.0,2322.88554751873,0.031519579310167356,0.8826530612244898,173,196,0.5374153711755713,0.39913884628996105,0.038461538461538464,0.06973475278571022,3.7531738140434605,128.8871858095291,6.988506848107384,0.23022513390835853,0.040314742845762086,0.9189837232446638,170.1337292729592,23.20827904628491,165.52680564413265,33.58946963310009,169.02096619897958,25.778806680588087,101.35548867984694,50.456952155427324,27.662348533163264,19.77878673610313,177.78268494897958,24.910822451075518,13534.0,2322.88554751873,0.36935756781835055,0.031519579310167356,CIN1,CIN1_0241.png
7758.0,1166.3960902690887,0.07165846960992135,0.9922480620155039,128,129,0.6135959188515838,0.46984011627906974,0.038461538461538464,0.08586950336404411,3.4117214035901524,227.08616079731988,8.592946904643611,0.20467589727822272,0.04021677403569075,0.8829893338325943,130.99270567602042,39.06176461814871,171.5656887755102,30.842189007974927,178.37332589285714,23.732466532183118,94.07005341198979,8.689877219185528,73.58256935586735,38.91094270198402,179.4270567602041,23.740359141747966,7758.0,1166.3960902690887,0.18289405441086332,0.07165846960992135,CIN1,CIN1_0296.png
7012.5,705.4528781175613,0.17707070605003306,1.179245283018868,125,106,0.7436767591070577,0.529245283018868,0.038461538461538464,0.10883123836102526,2.6867982700298727,86.75272291950769,3.908338629177207,0.46287400033686416,0.12963224865165857,0.9151435871617503,220.5340202487245,22.045019817299455,239.67946827168367,28.321045715601198,247.95358338647958,19.352088419751947,98.61840322066327,16.77842651829687,35.188596141581634,20.8225619918592,250.31696428571428,12.594773848086309,7012.5,705.4528781175613,0.16246365563496937,0.17707070605003306,CIN1,CIN1_0282.png
18558.0,1994.032733798027,0.05865114132227971,1.1487179487179486,224,195,0.6106212161095025,0.42486263736263735,0.038461538461538464,0.060215750628406256,3.939852559953517,249.2568604590491,10.369715700369401,0.15084484863908326,0.017401356377399386,0.9298271484198634,69.39656409438776,38.742870159482926,112.12986288265306,46.71796907695236,128.31664540816325,41.20327661172873,99.64132254464286,13.54763236401544,125.12103396045919,40.30449314388239,128.81786112882654,41.09431535093966,18558.0,1994.032733798027,0.5869441457397685,0.05865114132227971,CIN1,CIN1_0057.png
14649.5,1341.0651366710663,0.10236062319117474,0.9447852760736196,154,163,0.7089210965665755,0.5835989164210023,0.038461538461538464,0.05694045639426469,4.003311858406195,244.32916507630074,10.36865697559507,0.15089254733033441,0.02231620975617992,0.9167723738790903,110.92859135841837,42.399853671153686,151.77192283163265,38.847096373108705,159.09809470663265,35.30626050445774,94.41372369260205,12.099155299019934,84.37523915816327,39.60941695020775,159.97817681760205,35.25221429295056,14649.5,1341.0651366710663,0.41235415816362436,0.10236062319117474,CIN1,CIN1_0043.png
7578.5,1201.9280539751053,0.06592288038052836,1.385185185185185,187,135,0.46039122775044045,0.3001980590215884,0.038461538461538464,0.07677476418801651,3.56958661233972,242.91200644511122,8.73878294240958,0.23120609436488507,0.036972301208444476,0.9399371673075348,151.0340800382653,41.82021043538238,164.20274633290816,48.18449403276561,209.61164700255102,54.40626200662526,116.22391183035714,15.614896829667325,79.55010363520408,22.166661689456554,210.90176578443877,53.15584916201185,7578.5,1201.9280539751053,0.17790950173132225,0.06592288038052836,CIN1,CIN1_0094.png
20191.5,2843.4023525714874,0.03138353139752325,1.4545454545454546,224,154,0.6122996679453551,0.5853287337662337,0.038461538461538464,0.06814753218962197,3.8031961128434073,132.4945305476593,8.05698404756196,0.1588411093414977,0.021279939817581466,0.8592402188387048,47.62705277423469,18.23567330106211,85.78780691964286,25.666974931339013,95.00450414540816,20.65067828989092,96.43979193239795,9.356278193491459,129.63932955994898,29.083575974816235,95.60969387755102,21.40297589892019,20191.5,2843.4023525714874,0.6733979222598343,0.03138353139752325,CIN1,CIN1_0080.png
901.0,154.36753070354462,0.4751412552736396,1.2647058823529411,43,34,0.8942928039702234,0.6162790697674418,0.038461538461538464,0.1160709154899663,2.39017964203495,18.843924012066772,1.7514467099246747,0.5371944591342236,0.15652984192137198,0.930726925693073,200.41515864158163,8.157026790675612,193.46037946428572,14.991695747108261,208.8903260522959,14.997089604096766,129.22175940688774,14.270742351902559,21.34897161989796,15.470770396643106,210.49958147321428,8.576479621309275,901.0,154.36753070354462,0.01828513444951801,0.4751412552736396,CIN1,CIN1_0099.png
17577.5,3927.0776619911194,0.014322802080815336,1.0,224,224,0.5193375878981268,0.35031688456632654,0.038461538461538464,0.080895361408346,3.5028057088366276,497.083240252437,15.101498077996542,0.12146970137791703,0.019312491377793888,0.8086853973721082,120.94963727678571,38.34240760684875,138.33518016581633,40.41104445507838,157.96277104591837,29.209594718774856,106.6263352997449,17.115909088333563,72.16515864158163,35.02564496724986,159.53146922831633,28.22932405723675,17577.5,3927.0776619911194,0.5392119269291532,0.014322802080815336,CIN1,CIN1_0066.png
2695.5,434.43354618549347,0.17947439314877492,0.7362637362637363,67,91,0.6548038382120733,0.44210267344595705,0.038461538461538464,0.090462886016698,3.2981887572628206,193.7509565214428,7.337200873620405,0.2467992479316256,0.04958314748792474,0.8307621883132008,148.44188456632654,30.675844317205186,182.43168048469389,24.03010168193923,187.05805564413265,19.593345618359834,93.70946269132654,10.532948853082717,57.363062021683675,28.769044234269586,188.43706154336735,18.750548057654512,2695.5,434.43354618549347,0.056770674276808375,0.17947439314877492,CIN1,CIN1_0072.png
1875.0,287.0782073736191,0.28589771527691976,1.9047619047619047,80,42,0.8028259473346179,0.5580357142857143,0.038461538461538464,0.08185075978961423,3.4951525235020893,175.9057233622284,7.994901821834798,0.19531423896782313,0.03089197212613675,0.8701326087529311,119.41924426020408,32.92910851169958,168.6602558992347,25.52123457101759,173.7815090880102,21.604713044150863,92.59715800382654,7.323815969001586,84.17265226403062,33.06892554594611,174.73307955994898,21.8044709099093,1875.0,287.0782073736191,0.03881907206890126,0.28589771527691976,CIN1,CIN1_0258.png
7932.5,636.8010765314102,0.24581725629500542,0.9464285714285714,106,112,0.825098814229249,0.6681688005390836,0.038461538461538464,0.09483850424717129,3.1651045342274906,155.49624124248004,6.745384865769564,0.25586633630160405,0.05352231212784001,0.9548980309109146,206.00813137755102,24.25422010966644,201.0124960140306,51.00947384061432,196.8749402104592,58.82948078563118,70.19979671556122,42.810652806755506,43.83091517857143,48.120066563235376,219.35134327168367,29.91568561081095,7932.5,636.8010765314102,0.18778036857741429,0.24581725629500542,CIN1,CIN1_0264.png
8134.0,1253.8519345521927,0.06501619111898801,0.9875,158,160,0.6389128897965596,0.32175632911392404,0.03846153846153846,0.06286321104330504,3.8928893604244648,228.7092323754954,9.973236895692382,0.1606175984120925,0.02217671198929425,0.9045424052882279,143.3883131377551,34.21436613040663,145.96964684311226,37.12767782317841,162.74262595663265,28.56040044964615,114.8711933992347,14.027729493161884,38.0290377869898,24.06915438233448,163.22423070790816,28.183456180074366,8134.0,1253.8519345521927,0.19347319347319347,0.06501619111898801,CIN1,CIN1_0270.png
7042.0,897.862038731575,0.10977075833461203,1.2380952380952381,156,126,0.6518861374681787,0.35826210826210825,0.038461538461538464,0.09015759220166708,3.284718945459461,114.03774657158581,6.060133944486565,0.27434852079428884,0.05268661611722361,0.9077303203440708,113.02054767219387,29.620664500524057,140.4670958227041,24.978382584232715,144.92596061862244,17.550304625179212,92.75948660714286,7.877904140838736,62.12099410076531,33.94186841318308,146.40369897959184,18.12998846809518,7042.0,897.862038731575,0.16325868224602402,0.10977075833461203,CIN1,CIN1_0338.png
1741.0,366.3330408334732,0.1630258424950771,1.8235294117647058,93,51,0.5986932599724897,0.367067257010331,0.038461538461538464,0.09914071794532989,3.044404149845877,181.92576780856635,7.069899690580566,0.248591305600691,0.04413725484997723,0.8422533594676818,145.48682637117346,29.44710243405327,174.2576530612245,24.00878623401554,178.46229272959184,18.374216161569027,93.05931122448979,7.073513133231355,50.989038584183675,26.56809588835974,179.72297512755102,18.69987952223396,1741.0,366.3330408334732,0.03594508103644059,0.1630258424950771,CIN1,CIN1_0310.png
10496.0,1245.9696850776672,0.08496082761003045,1.4803149606299213,188,127,0.6285594514477348,0.43960462389009886,0.038461538461538464,0.08416351231776074,3.4419001470261947,138.0689011495194,6.286157576221317,0.26906694252787394,0.04410825606247574,0.9273936250381007,137.67817283163265,44.36701412379411,177.8857421875,27.490962670280616,183.60807955994898,23.561718392169205,93.80460778061224,9.311483789533524,70.25783242984694,45.347333862244696,184.54534040178572,23.177870154766833,10496.0,1245.9696850776672,0.2645161290322581,0.08496082761003045,CIN1,CIN1_0304.png
9039.0,894.2051852941513,0.14205479004474778,1.3709677419354838,170,124,0.7219648562300319,0.4287950664136622,0.038461538461538464,0.07324859286509205,3.684650064518317,525.4419034619266,12.65382594046398,0.2034628880120813,0.033150469658622395,0.9203864845672401,167.1516262755102,52.50318154750558,175.26466836734693,61.35846179579588,187.6978834502551,57.68381693571229,109.61981823979592,25.402614085767485,39.12964365433673,21.60217054100905,189.47909359056123,56.44418721632308,9039.0,894.2051852941513,0.21972919755937478,0.14205479004474778,CIN1,CIN1_0112.png
38091.0,2358.483526945114,0.08605310471648214,1.0,224,224,0.7735941022360324,0.759147799744898,0.038461538461538464,0.07920220831573058,3.4850734771704515,791.5643913671654,19.308662894671926,0.07168009485426463,0.010468753108048059,0.853011163194118,134.48784279336735,59.16611662385605,80.6957708864796,48.281183942268335,106.22421077806122,75.48368422248586,101.83494100765306,72.65101253635153,134.67051977040816,53.75608113900898,134.91039540816325,59.65024399858814,38091.0,2358.483526945114,3.151923872569301,0.08605310471648214,CIN1,synthetic_CIN1_8.png
11141.5,1954.3586362600327,0.036655994280405314,0.6039603960396039,122,202,0.5606350324560962,0.4520978737217984,0.038461538461538464,0.09478595534685709,3.180457029925347,412.15405674563453,14.481359275219162,0.0853258429788151,0.012380954712539683,0.8746762108302885,110.48453443877551,37.80799011695495,126.43110251913265,44.84861685649516,200.9084622130102,51.65130813902571,116.55141900510205,9.9899197230588,122.46988600127551,25.248397075493223,201.0927734375,51.229953291320456,11141.5,1954.3586362600327,0.2854269940693489,0.036655994280405314,CIN1,CIN1_0106.png
3479.0,901.1168730258942,0.05383962784814005,0.4405594405594406,63,143,0.5405531385954009,0.3861693861693862,0.03846153846153846,0.1154643035374564,2.472675820401907,384.44265230717815,10.842891685783169,0.1871327539908862,0.04832447674379834,0.7883870544880021,171.73260124362244,23.120253973336176,187.52692522321428,35.79392505205101,229.32136878188774,40.20813320427995,113.81046715561224,11.507748837013965,66.35935507015306,14.188999817285673,229.60313695790816,39.61896658518641,3479.0,901.1168730258942,0.07450157397691501,0.05383962784814005,CIN1,CIN1_0107.png
4519.0,1035.4844028949738,0.05296208598030223,2.449275362318841,169,69,0.5653696984861754,0.38753108652774204,0.038461538461538464,0.07290572926070349,3.702033537324879,679.7421194452344,18.809815830570614,0.06346347745216235,0.011323826527231518,0.7785601274913178,154.78260522959184,50.77561539733502,79.73311941964286,44.26243429779126,77.6049505739796,61.11888515682567,67.98704559948979,73.78803844080123,150.67420679209184,73.13014890875759,160.6144172512755,49.46733590602024,4519.0,1035.4844028949738,0.09897715574829709,0.05296208598030223,CIN1,synthetic_CIN1_9.png
4740.0,1133.7097998857498,0.04634302773861869,1.0078125,129,128,0.4589465530596437,0.2870639534883721,0.038461538461538464,0.10448151612753152,2.897212174582078,441.1475684084279,12.617405590280008,0.126305394146936,0.018126051025555562,0.8711659074293284,169.01401068239795,44.45197834872279,176.22714046556123,47.232471196222804,220.1022401147959,46.88186418878914,117.8584980867347,21.057539941058085,79.03892299107143,27.97557278520325,223.14291693239795,43.48368015365984,4740.0,1133.7097998857498,0.10432256360595123,0.04634302773861869,CIN1,CIN1_0113.png
19284.0,2135.4885795116425,0.05313889026004353,1.2947976878612717,224,173,0.6233312861622006,0.49762592898431046,0.038461538461538464,0.09212947808237958,3.2516834558806056,508.58874639627095,14.405068364824821,0.10810690489189265,0.013273899546031639,0.8835587263523516,139.15909996811226,50.73784249661811,152.42420679209184,50.3375566960384,199.1944355867347,53.63688246313199,117.03892299107143,17.76930796717035,93.82061144770408,32.49657443793286,200.7396165497449,52.31341187712205,19284.0,2135.4885795116425,0.6242392852518451,0.05313889026004353,CIN1,CIN1_0305.png
1657.5,224.5512968301773,0.4130781905870724,1.0175438596491229,58,57,0.7779863881717907,0.5013611615245009,0.038461538461538464,0.07793515296912651,3.3318240773776937,566.3926817814475,10.194878862413656,0.48450752592818414,0.34143575173708135,0.8412205006372911,219.87071508290816,56.903766050547716,237.3288424744898,41.24008898869326,247.24200813137756,23.921788373980323,57.21444515306123,47.38412679517398,32.35762117346939,49.977402188841964,247.24200813137756,23.921788373980323,1657.5,224.5512968301773,0.03416222677947587,0.4130781905870724,CIN1,CIN1_0311.png
6684.5,732.2224304676056,0.1566724858783033,1.0842105263157895,103,95,0.7736689814814814,0.6831374552887072,0.038461538461538464,0.07944310842439925,3.55211145246786,214.97055127313513,9.10781494609851,0.17562154951394363,0.026493736317383693,0.8938301375057444,106.56293845663265,36.85319455389461,157.43415178571428,31.616706343444022,164.99826610331633,28.027186362629983,93.9077447385204,4.729914296656878,95.94644850127551,36.133124149131156,165.38889110331633,28.139035814563403,6684.5,732.2224304676056,0.1536966993550464,0.1566724858783033,CIN1,CIN1_0339.png
19460.5,1315.0163668394089,0.14141697467895173,0.6026785714285714,135,224,0.7414229926659682,0.6435350529100529,0.038461538461538464,0.0628513355877059,3.8723247914938326,167.64356782620263,7.684060688433883,0.2290024444999491,0.03596818061277186,0.9781288823714605,174.04426419005102,48.957767677544986,136.12914540816325,67.55463780055416,154.2538066007653,77.42210725872555,125.8770527742347,56.532068171221596,77.10863759566327,53.099857273666736,181.21568080357142,55.06217857019065,19460.5,1315.0163668394089,0.6335726261984991,0.14141697467895173,CIN1,CIN1_0271.png
10024.0,1603.8662145137787,0.048968256784142385,0.8895027624309392,161,181,0.5952317330245539,0.3439827047802066,0.038461538461538464,0.10927411724516481,2.7295228380091006,196.88455407379394,7.9647938592750265,0.25748943574809335,0.07273111590663586,0.8819871976162756,119.26275510204081,35.11124921394131,145.23321906887756,28.155707043075722,174.58278858418367,25.68027190508711,106.30494658801021,3.6088525061810293,84.93361367984694,33.80849282951978,174.58402423469389,25.678295030142184,10024.0,1603.8662145137787,0.2496513249651325,0.048968256784142385,CIN1,CIN1_0265.png
6977.5,838.8498471975327,0.12460665841438598,0.588957055214724,96,163,0.6790754257907543,0.4459036298568507,0.038461538461538464,0.10635829919660507,2.81306889145889,155.54480865211525,5.453518797662499,0.37528755659308555,0.09516839925353833,0.9137481904755406,203.25199298469389,25.084049482464472,224.3115832270408,32.69332607110519,227.3542928890306,37.315768948678794,87.2456353635204,25.853026455025717,33.36358019770408,11.5956985188514,230.79534040178572,31.929903867269843,6977.5,838.8498471975327,0.16152181209995717,0.12460665841438598,CIN1,CIN1_0259.png
1073.0,204.9949471950531,0.3208656842931432,2.0555555555555554,74,36,0.6985677083333334,0.4027777777777778,0.038461538461538464,0.10597630324522568,2.814452779502048,250.11385414567536,8.1930985385407,0.22770156502507521,0.04795561890892205,0.812533712224448,148.9073860012755,30.081193480092857,178.64204001913265,27.177378951506363,186.59753667091837,19.629539243097266,95.91717155612245,8.526081876555113,55.08643574617347,28.039341684184503,187.23842075892858,19.673505297115724,1073.0,204.9949471950531,0.02185202533450095,0.3208656842931432,CIN1,CIN1_0073.png
6696.5,1082.6143463850021,0.07179764202616734,2.7205882352941178,185,68,0.636126151800133,0.5323131955484897,0.038461538461538464,0.10463798803986418,2.8498819654885805,546.5690102552192,14.639916600145758,0.11536033364924035,0.018056636726832595,0.7991336452135528,118.36324139030613,39.471201610607515,153.46372767857142,38.34835096443062,211.81772161989795,42.131408024541656,109.0503228635204,3.9016118759533955,116.373046875,26.42361021717424,211.81772161989795,42.131408024541656,6696.5,1082.6143463850021,0.15401511056934877,0.07179764202616734,CIN1,CIN1_0067.png
2435.5,383.06096267700195,0.20857497797878227,1.2575757575757576,83,66,0.6726971412788288,0.444596568090544,0.038461538461538464,0.08771993716753598,3.334506809809186,329.75758508548086,10.944747475432283,0.16970901898724308,0.031394270208780675,0.8041038474417832,117.34062101403062,33.34956533116446,160.52170360331633,29.684601216148526,172.72767857142858,24.173170572808438,96.26281489158163,4.10702945307508,85.68389269770408,31.951862242424845,172.88006218112244,24.207781919887402,2435.5,383.06096267700195,0.05101538525989464,0.20857497797878227,CIN1,CIN1_0098.png
2747.0,324.8771975040436,0.32706198119154184,1.1805555555555556,85,72,0.8577673692427791,0.4488562091503268,0.038461538461538464,0.07871401859482237,3.5436374658634575,86.57438767611886,4.857512695494134,0.30859379529926856,0.05073823710045597,0.9274703613812617,211.98744419642858,23.530857472369338,217.95270647321428,27.08688453595976,236.89357461734693,23.27887464274906,113.07421875,12.995715610546796,31.53549505739796,15.542813689421347,238.05743781887756,19.869598635612398,2747.0,324.8771975040436,0.057918151342005945,0.32706198119154184,CIN1,CIN1_0059.png
18373.0,1169.7442889213562,0.16873612526431092,1.223463687150838,219,179,0.7881517705853334,0.4686870232902222,0.038461538461538464,0.06884290721050462,3.784416294200987,205.43449468930686,9.647938350564223,0.1485831445046586,0.02014907070564148,0.9525356130217415,170.58163265306123,43.8962360195488,176.08446269132654,52.401519112898704,205.98429528061226,45.11098302757134,117.05397002551021,20.833621311920048,63.72841597576531,29.265261982812103,209.84440768494898,39.802006266793306,18373.0,1169.7442889213562,0.5777127943904663,0.16873612526431092,CIN1,CIN1_0071.png
16083.5,1882.5941358804703,0.057026540272518425,1.0253807106598984,202,197,0.5841217381830067,0.40416897019651205,0.038461538461538464,0.07245565506193158,3.6999368357392615,284.10516952675573,10.50791434004756,0.15934591525283687,0.018831888140467854,0.8953794667912206,94.60746173469387,40.840354573258224,143.64901546556123,37.99687240926444,155.3385084502551,31.015709557527646,95.51462850765306,6.610157466642127,106.54340720663265,41.98294547598968,155.88626036352042,31.274978501851397,16083.5,1882.5941358804703,0.4717606511696121,0.057026540272518425,CIN1,CIN1_0065.png
21650.0,1454.621484875679,0.128578326522841,1.3493975903614457,224,166,0.7273643541071728,0.5822396729776248,0.038461538461538464,0.0626127906047543,3.904779058399434,338.51255248215034,11.698332947447403,0.14956078509536502,0.017194326951568164,0.9198518528403256,159.69642857142858,40.5418310756222,139.48068797831633,49.503185711029914,157.59737723214286,49.349909306966126,146.5048828125,22.920289275429457,46.09964923469388,22.163240255589066,165.43999123086735,44.754123688051166,21650.0,1454.621484875679,0.7589567412185375,0.128578326522841,CIN1,CIN1_0298.png
3319.0,743.4945081472397,0.07545040695461666,1.8,135,75,0.48931151407931595,0.32780246913580247,0.038461538461538464,0.08988915705869756,3.296658493000547,353.9653347861362,10.42663459936267,0.1954131056051221,0.03434230195722683,0.8652613977735283,185.9709024234694,34.814970645878574,189.17010124362244,40.0617043368641,200.85337611607142,35.45101914771149,113.14787946428571,30.31200975775689,33.683613679846935,20.029982094356612,204.8834303252551,32.72049454687853,3319.0,743.4945081472397,0.07083253302601532,0.07545040695461666,CIN1,CIN1_0273.png
3345.5,349.7472540140152,0.343686340208324,1.434782608695652,99,69,0.8113253304231842,0.48975259844825064,0.038461538461538464,0.08964202437619281,3.274380998934669,87.09618495799435,4.512489149978247,0.3777985462874196,0.0836112328021158,0.9427233372127276,178.8160475127551,24.743102151599285,177.58980389030611,29.905040554518703,166.68813775510205,31.74923354834009,45.68014588647959,33.41775584742266,25.528360172193878,25.561996201045524,183.0997090242347,24.526642763991894,3345.5,349.7472540140152,0.07143848560233182,0.343686340208324,CIN1,CIN1_0267.png
2089.5,270.4924213886261,0.35887403380402333,1.3076923076923077,68,52,0.8593460826650215,0.5909219457013575,0.038461538461538464,0.1170783003183352,2.419676301028116,72.69975858701686,3.261832336164655,0.4595123334722916,0.12615745142713297,0.8842972352469154,161.9793925382653,23.09160349267961,177.8658522002551,17.242583376753707,173.70617426658163,12.806306933454325,80.44435586734694,11.963786504761847,26.001554528061224,21.820445766546325,179.14819834183675,13.884346282423682,2089.5,270.4924213886261,0.043452944173520636,0.35887403380402333,CIN1,CIN1_0307.png
3638.0,557.8132691383362,0.1469247217275004,0.7821782178217822,79,101,0.655318382419166,0.4559468605088357,0.038461538461538464,0.10802361017203481,2.756193512459118,60.68145740978943,3.3096179629859055,0.4187347451438228,0.10492242416109977,0.8987305325878322,173.87984295280611,23.88482498866941,194.64714205994898,15.82972491018246,197.43997130102042,14.945686634570128,93.15160634566327,10.585467921120298,33.90194515306123,21.164704251130185,198.96229272959184,13.754894376074374,3638.0,557.8132691383362,0.07817267609265546,0.1469247217275004,CIN1,CIN1_0313.png
8271.5,899.3351285457611,0.1285141721662108,0.7986577181208053,119,149,0.665259178831383,0.4664993514184197,0.038461538461538464,0.06161207854506359,3.8257169269560336,205.77642609972787,8.223556704925748,0.24162579962294772,0.04300887905897708,0.9426858059647867,192.4492785395408,38.2578484058124,190.12595663265307,48.46134040400886,192.65868144132654,54.50337344791357,80.84183673469387,47.6778413401178,50.53065210459184,34.906309909264934,212.36443718112244,37.712714066349015,8271.5,899.3351285457611,0.19738930186495485,0.1285141721662108,CIN1,CIN1_0139.png
4333.5,1539.883459687233,0.02296534408063534,0.4444444444444444,80,180,0.4801662049861496,0.3009375,0.038461538461538464,0.11210859134570084,2.544013168898035,473.4068260441213,14.082998427715474,0.10221257311534615,0.02439557731672716,0.7541825033540543,175.6025988520408,21.81680936481694,174.49673150510205,38.761928161227026,222.4989636479592,39.575531015716955,122.33617665816327,13.902084887116315,66.93875558035714,14.570527750775318,223.09574298469389,38.323705905941104,4333.5,1539.883459687233,0.09453018487211648,0.02296534408063534,CIN1,CIN1_0105.png
4791.5,1699.790094614029,0.020839666677731523,1.3629032258064515,169,124,0.3669257571696596,0.22864573391868678,0.038461538461538464,0.11065019275149278,2.593839096595346,739.3578885712618,17.960804417702757,0.08364584599687548,0.0167560267708343,0.7066830918716491,168.86515465561226,26.548914456620135,157.85792012117346,43.494016536767845,198.90076929209184,49.10242772215249,130.04490194515307,21.55312658394688,63.48740433673469,19.64985469898197,201.6107102997449,45.27495915959505,4791.5,1699.790094614029,0.1055756921415902,0.020839666677731523,CIN1,CIN1_0111.png
6976.5,740.3157957792282,0.15996074971304766,3.6721311475409837,224,61,0.6757882501089747,0.5105752341920374,0.038461538461538464,0.08359506360916678,3.4497746618856473,91.98166854927483,5.420409762694516,0.28476138914424354,0.03826798080902201,0.9453776283579113,198.38484534438774,24.512460159136413,214.50552056760205,31.676896166975283,215.2243502869898,38.974873524863234,80.53589365433673,33.53918633479605,33.91270727040816,14.997293055230415,222.08139349489795,30.33882246193892,6976.5,740.3157957792282,0.16149492470977672,0.15996074971304766,CIN1,CIN1_0110.png
5074.5,602.8843368291855,0.17544262597873586,0.9528301886792453,101,106,0.7681653042688465,0.47398654959835607,0.038461538461538464,0.09019932193015992,3.2919758479579837,210.01007223498584,8.283266093875733,0.219656526454637,0.037626053776415966,0.9165985924110871,204.47608418367346,37.02563956385914,207.18064413265307,40.030496645713,230.2351921237245,28.999869939502318,116.32768654336735,18.802143787513614,42.21033960459184,26.171138554142573,232.72405133928572,26.72343698255577,5074.5,602.8843368291855,0.11251288759797345,0.17544262597873586,CIN1,CIN1_0104.png
32725.0,2694.4490364789963,0.05664343366435472,1.108910891089109,224,202,0.757865240096803,0.7232363861386139,0.038461538461538464,0.08596350727609883,3.417415196516532,391.6029062800805,13.428990361888507,0.10228472055477256,0.0128919669045631,0.9119287580225367,90.41093351403062,49.280641553182114,110.81770169005102,48.922076503994276,152.1618502869898,61.473155380103826,113.70874521683673,14.604242968375518,113.24886399872449,37.69855000841444,152.84604193239795,61.281679722812676,32725.0,2694.4490364789963,1.8752507019655034,0.05664343366435472,CIN1,CIN1_0138.png
2863.0,674.9259663820267,0.07898032890061397,1.2842105263157895,122,95,0.4677722408299976,0.24702329594477998,0.038461538461538464,0.08535177492449952,3.4224923293784437,146.91827681311543,7.0811993342736015,0.23246944262890482,0.05275557409947046,0.8504381196991428,114.5263671875,27.76985491643946,139.93315529336735,22.53470157532082,136.16759008290816,17.78912925689303,84.87761080994898,16.135463580221632,53.526387117346935,31.434184596479486,141.8856425382653,19.04127488934924,2863.0,674.9259663820267,0.06051191004586477,0.07898032890061397,CIN1,CIN1_0312.png
6064.5,992.4722111225128,0.07736920839585557,1.173913043478261,135,115,0.5370378569847244,0.39062801932367147,0.038461538461538464,0.08842845128936118,3.3293858694699696,61.012219594751485,4.647723045446079,0.3105180399358448,0.059560419174100154,0.9070145637174937,116.5434869260204,22.966886166016835,142.48939732142858,17.74120980481064,141.15473533163265,11.926279448331552,87.08382493622449,7.983100863729277,52.04510124362245,25.472981500193523,144.92976721938774,13.52187595042834,6064.5,992.4722111225128,0.13748115570769529,0.07736920839585557,CIN1,CIN1_0306.png
7082.5,993.3940035104752,0.09018896000950477,0.4642857142857143,91,196,0.5141374178795688,0.39709015474321596,0.038461538461538464,0.07310661534419241,3.702257189324121,266.11585195436544,9.814391124875982,0.17261915988087223,0.019607803205642284,0.9286144880098323,168.3348612882653,36.86792230930387,155.46153539540816,47.281695280646915,162.37836814413265,46.890251702619445,129.59245455994898,54.55525831491778,34.0185546875,18.499616333317544,173.2009127869898,41.216233376884276,7082.5,993.3940035104752,0.16435193242600393,0.09018896000950477,CIN1,CIN1_0266.png
3568.5,640.8254617452621,0.10919834263001946,0.9357798165137615,102,109,0.6014156905704896,0.3209660010793308,0.038461538461538464,0.08094995726910258,3.523042794722063,198.31284887178936,8.524760936240474,0.19514569049157848,0.030521149418100704,0.8889102570994618,122.05106026785714,33.822523760244614,161.94897959183675,30.498558282537864,170.8938137755102,24.317616356014,95.20886479591837,6.684735470899617,77.29607780612245,31.062211105897042,171.37169164540816,24.452622004025542,3568.5,640.8254617452621,0.07656493053693075,0.10919834263001946,CIN1,CIN1_0272.png
1720.0,238.59292590618134,0.3796847768987931,1.0175438596491229,58,57,0.8231634362287629,0.5202661826981246,0.038461538461538464,0.11234550609556135,2.5878001192990827,90.50037878200735,4.389992889360771,0.3444512337338209,0.08165727067980806,0.8397027413962239,135.8023756377551,20.823033870528615,155.85897640306123,16.998946098730812,157.3814772002551,12.377342356611834,91.10427295918367,8.176556456835591,39.19882015306123,23.104833219983806,159.24133051658163,12.55300840218339,1720.0,238.59292590618134,0.03549612019151395,0.3796847768987931,CIN1,CIN1_0299.png
15335.5,2260.9027915000916,0.03770023212459817,1.6115107913669064,224,139,0.5547998480545556,0.49253275950668035,0.038461538461538464,0.08878754841183958,3.299286272454236,131.35506151090192,6.195212839644284,0.3425125994135817,0.0894980849703898,0.920875539758654,176.32421875,26.371028696726583,173.76775749362244,36.98792287891479,178.34460698341837,30.37583864971736,104.2535475127551,38.035902489616205,40.17693718112245,35.2969740655331,191.17723612882654,19.48116733877681,15335.5,2260.9027915000916,0.4401630286591754,0.03770023212459817,CIN1,CIN1_0064.png
2698.0,557.5289986133575,0.1090729067450163,3.763157894736842,143,38,0.6138095779774769,0.4965034965034965,0.038461538461538464,0.09231503657217945,3.2496824931472275,91.55677879324493,5.228639261966005,0.2900514813859909,0.06281079994657385,0.8732266170257735,120.71067841198979,25.212940748519483,145.04689492984693,18.609394494749633,140.3289022640306,14.840938325234683,83.37153220663265,14.080197124484183,48.478097098214285,29.212028900913257,146.54914700255102,15.597305049734944,2698.0,557.5289986133575,0.05682631955853237,0.1090729067450163,CIN1,CIN1_0070.png
2167.5,489.2863578796387,0.11377392900390211,0.5818181818181818,64,110,0.48435754189944136,0.3078835227272727,0.038461538461538464,0.09904114830348787,3.0439601259820126,120.76342072605988,5.557554884640991,0.297004159290983,0.06682795538939564,0.8920429272981583,211.27146444515307,16.472428711664985,218.7781210140306,29.560615940351838,219.29450334821428,33.16971649795452,85.18078364158163,36.279702027016,29.958426339285715,20.415279257928464,229.07290338010205,20.46817665472693,2167.5,489.2863578796387,0.04514825499651103,0.11377392900390211,CIN1,CIN1_0058.png
14173.0,1351.1656433343887,0.09755610753030299,1.2173913043478262,224,184,0.630373384926724,0.3438713121118012,0.038461538461538464,0.07074425934562632,3.7384040186374277,215.3543933142605,9.250202348060931,0.1835531299700905,0.03029743135636844,0.9459907630321742,180.22504783163265,39.10711043497036,166.74236686862244,50.39895770894407,164.11664939413265,53.00518869808997,66.66533801020408,60.37166825756992,48.91523836096939,31.225628413743273,189.6969666772959,43.38578245952796,14173.0,1351.1656433343887,0.39366163930783543,0.09755610753030299,CIN1,CIN1_0074.png
8324.5,1106.3544603586197,0.08546325695176402,1.6336633663366336,165,101,0.616401332839689,0.4995199519951995,0.038461538461538464,0.07875294312457297,3.5670898316290547,402.23717384545,12.602451450996648,0.14264716343260486,0.022582204629673617,0.8528207709506901,99.29069674744898,40.143237910376435,146.5056600765306,38.81061554519197,159.48142538265307,30.911054936579948,96.15581154336735,5.398150092496201,103.22648278061224,39.913056780908235,159.798828125,31.06917690267755,8324.5,1106.3544603586197,0.19890565451656453,0.08546325695176402,CIN1,CIN1_0060.png
2335.5,657.4528788328171,0.06789854578160727,0.5428571428571428,57,105,0.5894006309148265,0.3902255639097744,0.038461538461538464,0.11828848486953873,2.2480478848477277,503.4496401570917,13.59331769444774,0.12186619004094305,0.03211229558376992,0.658113910328331,177.24563536352042,19.211157941364053,178.47572544642858,35.154460678272855,225.34923070790816,38.039277538468355,121.62786989795919,15.140575859694884,65.01054288903062,13.70388212078603,226.3653340242347,35.75168411936548,2335.5,657.4528788328171,0.04881846970662932,0.06789854578160727,CIN1,CIN1_0048.png
7659.5,828.7077112197876,0.14015465428620777,0.9466666666666667,142,150,0.5485569003795746,0.35960093896713613,0.038461538461538464,0.0962862693470912,3.1153929787887313,122.81548109189798,5.250697743582879,0.33646758551283734,0.07736418553714908,0.95291433856728,207.88899075255102,26.86474712413872,192.734375,40.194396127200285,213.4185865752551,46.52718824062723,129.87246890943877,31.545726665676654,35.801438934948976,25.01260394020417,221.0501634247449,33.12320964629484,7659.5,828.7077112197876,0.18015358743076218,0.14015465428620777,CIN1,CIN1_0289.png
5962.0,841.0924873352051,0.10590447899002724,1.5096153846153846,157,104,0.5690560274887849,0.36513963743263106,0.03846153846153846,0.0797431962836755,3.5530680638818892,128.39668999259834,6.504221942037596,0.23939480231519666,0.03599235617225987,0.8866534805471954,135.98297991071428,30.89125249524085,176.67709661989795,23.090847263546767,181.20637356505102,20.181859127776953,93.38891103316327,10.3985805052714,67.52899792729592,29.767222377332068,182.33607700892858,19.866437463220198,5962.0,841.0924873352051,0.13484416700592572,0.10590447899002724,CIN1,CIN1_0276.png
16096.5,1669.893563747406,0.07253769253484466,1.4088050314465408,224,159,0.6605182707893062,0.4519457547169811,0.038461538461538464,0.049776056438736255,4.117057201868837,293.12758075517456,11.53245682272643,0.1333654900182289,0.015341315235474846,0.9202531847778156,121.36274314413265,44.52174435603907,109.9252630739796,46.56162933555574,126.8647759885204,43.44291817282831,125.27499202806122,34.36502918356922,67.19343909438776,35.248239480612064,137.6248405612245,41.75109982634318,16096.5,1669.893563747406,0.4723220704529116,0.07253769253484466,CIN1,CIN1_0262.png
3845.0,814.548331618309,0.07282365817354423,0.7837837837837838,87,111,0.6251016094943912,0.3981567774671223,0.038461538461538464,0.11797503318953036,2.319053175305723,366.25055182532117,10.776701346371295,0.16742168409961788,0.04809354199160126,0.7478070109244991,177.7450175382653,17.69293797245864,181.76476801658163,33.64517112154292,224.75723453443877,39.34829225460078,120.47975127551021,17.529948537544325,61.95169005102041,14.525559765228234,225.90848214285714,36.73680590312618,3845.0,814.548331618309,0.08298979085277676,0.07282365817354423,CIN1,CIN1_0302.png
5465.0,551.4701237678528,0.2258166975679277,1.8571428571428572,143,77,0.7806027710327096,0.4963218599582236,0.038461538461538464,0.07483501618556555,3.650116904162906,206.65690632943785,8.463123488746852,0.20680153818471636,0.03138096143268624,0.8783102534137216,129.12131297831633,35.68966242909666,166.39706234056123,29.148453487286666,173.45954241071428,24.536100062881104,95.16782924107143,12.03320676338532,70.52180325255102,34.55091356150376,174.57266422193877,24.109943234441527,5465.0,551.4701237678528,0.12222942899957505,0.2258166975679277,CIN1,CIN1_0316.png
14731.0,1524.9646323919296,0.07960173809446122,0.90625,145,160,0.746610577532247,0.6349568965517242,0.038461538461538464,0.0863983979985272,3.3492072277382845,294.56227670267225,9.394201147776844,0.30337916540314563,0.07617257764981644,0.9293826696050362,195.03384088010205,40.433220441290814,196.65144690688774,55.59765027067339,213.02953603316325,45.631126892309275,113.38077965561224,28.865400612448415,54.054567920918366,33.100539857528965,223.4591438137755,36.54662196789731,14731.0,1524.9646323919296,0.4156016363379884,0.07960173809446122,CIN1,CIN1_0100.png
21506.5,1301.1585029363632,0.15963172038323312,1.75,224,128,0.8284157004737877,0.7500871930803571,0.038461538461538464,0.06517113340973378,3.86137048905717,260.1358683069101,10.493959226200161,0.13319654671921602,0.01350939990424318,0.9473902172684623,157.52162388392858,41.77023058527975,113.93437101403062,55.09721574156611,126.65045041454081,60.87935645952013,130.13689811862244,61.894258921524035,85.28055245535714,48.417455049038466,161.06184231505102,44.70075377507584,21506.5,1301.1585029363632,0.7501526011963934,0.15963172038323312,CIN1,CIN1_0114.png
8816.5,1657.0794175863266,0.04034776009054246,0.6758241758241759,123,182,0.576015941460865,0.39383989993746094,0.038461538461538464,0.11709661692018782,2.4376196106017525,441.1670989318499,11.190268814130983,0.23886014566641187,0.07466550110480402,0.8671919510941893,166.49027423469389,28.201461842470973,173.80412946428572,47.245159854012535,209.2437818877551,56.96966570470637,120.43144132653062,25.85574624955848,62.42783402423469,17.356688549845263,211.6169882015306,53.171347069825934,8816.5,1657.0794175863266,0.21316747059321317,0.04034776009054246,CIN1,CIN1_0128.png
2651.5,525.6295040845871,0.12059853337295613,1.540983606557377,94,61,0.6419319694952185,0.46241716079525635,0.038461538461538464,0.11587936917781719,2.467565505148626,53.34182702740367,3.2482952387779633,0.41047671501588334,0.12095912565382738,0.8949085817556407,222.7021484375,16.6555491775917,242.62218989158163,19.60879395013535,251.20059390943877,10.631840555977634,99.50506218112245,13.437329966151022,31.958286830357142,12.749718395449527,251.82336176658163,9.223816550634014,2651.5,525.6295040845871,0.05579227556313059,0.12059853337295613,CIN1,CIN1_0129.png
2940.5,460.63455629348755,0.1741478100525287,0.6391752577319587,62,97,0.6527916527916527,0.4889424675756568,0.038461538461538464,0.09265260031574098,3.222667872231491,73.0151997178992,4.273325366963229,0.34679172425600613,0.062130035225755324,0.8940649130048457,157.42791374362244,25.374905461273745,185.64301658163265,17.39961511661559,189.66218909438774,15.568755981449083,93.77485251913265,10.715008819449928,46.542948820153065,22.879832072519775,190.8084343112245,15.095293255837767,2940.5,460.63455629348755,0.06225190799292905,0.1741478100525287,CIN1,CIN1_0115.png
5595.5,745.9970344305038,0.12634980094483522,1.1229508196721312,137,122,0.5584610010479565,0.33477922699533325,0.038461538461538464,0.0953036346814843,3.1138087723535204,104.54018552568212,4.6874539842828495,0.39606138970331395,0.10097673102245425,0.9589213011719614,202.94188456632654,32.96408212898659,216.03113042091837,39.06717558096482,221.0255500637755,39.03572583567802,91.92891023596938,30.878143889579942,34.889728156887756,18.541636080254797,227.00111607142858,32.83364719952311,5595.5,745.9970344305038,0.1255145186796918,0.12634980094483522,CIN1,CIN1_0101.png
3232.0,423.2447282075882,0.2267243165151783,0.5047619047619047,53,105,0.7614560018847921,0.5807726864330638,0.038461538461538464,0.09587770497535925,3.129672249235667,231.37571736081082,9.331985234282932,0.15318075584402713,0.02215930211959113,0.8881547927746924,129.4724569515306,28.042891744854778,133.0510801977041,34.55843856497819,195.77443399234693,45.041923729501754,119.53158880739795,13.636904387255385,95.56066645408163,13.427818453517864,196.78296396683675,43.08434115497494,3232.0,423.2447282075882,0.06884798909338787,0.2267243165151783,CIN1,CIN1_0317.png
2201.5,417.8893896341324,0.15841848841062356,0.5851063829787234,55,94,0.6709844559585493,0.4258220502901354,0.038461538461538464,0.08284226736629832,3.2583286432949015,294.60321761267954,7.5945005405632635,0.5335756238557773,0.4626136003345309,0.8769903306446439,225.34624123086735,40.28213778863464,231.19186463647958,36.98979664429806,249.3053053252551,18.643572327659932,56.44658801020408,55.783105685681925,27.031309789540817,34.2326696866367,249.3357780612245,18.601772092158328,2201.5,417.8893896341324,0.045888961844313125,0.15841848841062356,CIN1,CIN1_0303.png
2308.0,382.9604572057724,0.19775970363632098,1.25,75,60,0.6948667770585579,0.5128888888888888,0.038461538461538464,0.08216270309850401,3.472488122137741,227.3108550592063,7.633039430141151,0.29065274548765596,0.07279037398870336,0.8554767150844784,206.16545758928572,29.257695101258207,221.2399752869898,29.86714225657762,240.73582987882654,22.17920468000691,106.82238520408163,6.920286687989505,38.11387914540816,16.199433991417166,240.7489636479592,22.177876769313425,2308.0,382.9604572057724,0.04821592713294894,0.19775970363632098,CIN1,CIN1_0263.png
17010.5,2867.8531457185745,0.025990409729241177,1.2727272727272727,224,176,0.5660449561585944,0.4314757508116883,0.038461538461538464,0.05596398056156872,4.026322589020818,294.3026521521959,11.709752716381072,0.12532347221967954,0.01566984667689471,0.8540410207814473,65.53507653061224,32.972205564536644,111.55711894132654,35.38580139761627,129.95525749362244,32.11888446101628,101.26618303571429,13.256686362971395,134.7977519132653,35.7951076527523,130.4620735012755,32.16705866725513,17010.5,2867.8531457185745,0.512897438603368,0.025990409729241177,CIN1,CIN1_0277.png
15088.0,1699.9839646816254,0.06560725838260187,1.1256281407035176,224,199,0.503680459348033,0.3384781048097631,0.038461538461538464,0.08251323332434718,3.4816461975854467,121.71437438968599,6.628886874961193,0.23854970243788728,0.035634860746883136,0.9135509762155181,147.92277184311226,29.76834311565433,144.7937858737245,27.68405234559538,148.95065369897958,20.2422567919652,90.82694913903062,59.005436949421195,26.292032047193878,20.55168626470715,154.87296715561226,22.34049199017514,15088.0,1699.9839646816254,0.43000455996352027,0.06560725838260187,CIN1,CIN1_0288.png
1946.0,277.4213535785675,0.3177407579457158,0.6714285714285714,47,70,0.8395168248490078,0.5914893617021276,0.038461538461538464,0.11928611768810483,2.2054859129274025,482.0796559913421,13.125783114847364,0.12361343548090298,0.03486449374906951,0.631520857426129,177.71532206632654,18.727004212911524,184.6740872130102,32.574163978291345,224.31120455994898,39.77816243929729,117.05046237244898,22.438645899975274,59.64686304209184,14.726312270341214,225.94308035714286,36.222621015440566,1946.0,277.4213535785675,0.04034833091436865,0.3177407579457158,CIN1,CIN1_0049.png
6278.0,674.9259669780731,0.1731884400846232,0.41714285714285715,73,175,0.6709773953935767,0.49142857142857144,0.038461538461538464,0.07407523748389705,3.637086805666565,114.95284987444822,5.897093356686609,0.2959307215385821,0.05689538028786518,0.9343551693402018,211.03553491709184,30.870213767961122,215.5900430484694,33.20570081110419,237.30239556760205,24.72749632088783,115.41250797193878,16.22330882289069,37.64295679209184,22.818986956376673,239.0115194515306,21.765320583926947,6278.0,674.9259669780731,0.1430133491275229,0.1731884400846232,CIN1,CIN1_0061.png
10625.5,1707.6235731840134,0.045790454765109824,1.3251533742331287,216,163,0.5373334344736909,0.3017922063167462,0.038461538461538464,0.09595254540798138,3.138023224138301,262.02154855481257,8.488757028295044,0.2570432325857175,0.04805023862448947,0.9026874127289564,189.48672672193877,31.59217549418358,205.87681361607142,40.14284462800096,212.5914979272959,39.14402664121276,98.43046476403062,20.1339322297479,29.35514987244898,11.553330987086845,213.60363520408163,38.53222655903128,10625.5,1707.6235731840134,0.26865652773037,0.045790454765109824,CIN1,CIN1_0075.png
24915.0,2321.6206089258194,0.05808824491908646,0.8526785714285714,191,224,0.6782729425856859,0.5823438668661182,0.038461538461538464,0.08743301268383324,3.37304591189686,462.91244311007426,13.940406861283236,0.10494249005094715,0.012535398947799203,0.8876161335955179,124.19473453443878,51.98270534659723,146.05317283163265,47.00436022243452,196.75294961734693,52.55666273102019,114.14283721301021,14.415083371980222,106.62974330357143,36.00788896649091,197.41153140943877,51.76212426214667,24915.0,2321.6206089258194,0.9863029967143027,0.05808824491908646,CIN1,CIN1_0088.png
1482.5,332.29141068458557,0.16871991003014805,1.375,77,56,0.6410810810810811,0.34380797773654914,0.038461538461538464,0.10451152588327947,2.854200726677926,40.424131949826254,2.616444225075948,0.4622970194276669,0.10866995460277061,0.921835754364134,202.87539859693877,16.10566108168523,219.23965640943877,17.349464798780954,228.40585140306123,14.788340622797344,100.67982700892857,9.027436369198124,29.481285873724488,9.884172982439344,228.77254065688774,14.10451843702376,1482.5,332.29141068458557,0.030445542012794317,0.16871991003014805,CIN1,CIN1_0063.png
19688.0,1846.4692459106445,0.07256501803070257,1.2307692307692308,224,182,0.6423700610134099,0.4829277864992151,0.038461538461538464,0.0604925251187936,3.864227906189541,146.16228544566522,7.522451189433458,0.2348398227495017,0.046145178882282034,0.9813322243261776,170.8073182397959,54.64895929701624,161.31648596938774,68.83566123883246,166.9473652742347,69.2890304905958,101.87045599489795,53.05752504486481,53.69033003826531,36.34611815708493,185.25404575892858,60.160111140118424,19688.0,1846.4692459106445,0.6457622671214904,0.07256501803070257,CIN1,CIN1_0077.png
8544.5,1867.020542383194,0.030803376583630686,0.7,133,190,0.44961587034308564,0.3381282152750297,0.038461538461538464,0.09315488297552467,3.2025661775744245,338.18387941073115,11.483250157906436,0.14835844079546967,0.022489542875774596,0.8479020708337032,100.91143176020408,38.996427897518885,141.6390306122449,34.575237221271905,146.40636957908163,24.74180853394721,91.4858099489796,8.209834654745999,88.6358418367347,42.4443335034132,148.77254065688774,26.52816471091864,8544.5,1867.020542383194,0.20524122359271224,0.030803376583630686,CIN1,CIN1_0261.png
2182.0,547.8721445798874,0.09134949900952576,1.619047619047619,102,63,0.5018976423231742,0.33955804544039836,0.038461538461538464,0.09648123943186378,3.139866911389973,54.936794264213525,3.8109691297507675,0.3605636077234903,0.06994378752090681,0.899761326334686,129.4421237244898,22.763988610112353,148.48742426658163,15.826068571909,143.15842235331633,12.681373637695447,78.30189732142857,16.191229366233046,37.387037627551024,25.879928934316414,149.6175462372449,13.456561818267112,2182.0,547.8721445798874,0.04546401633537526,0.09134949900952576,CIN1,CIN1_0275.png
19280.0,1672.243849992752,0.08663984741045375,0.8247422680412371,160,194,0.7159036055103783,0.6211340206185567,0.038461538461538464,0.06600189032056938,3.8338264159749675,231.01068109558275,9.370248392840331,0.1927156387528981,0.02898960734273941,0.9597382304472952,197.94553172831633,44.54629112661599,163.46303013392858,62.730736302412225,183.58396444515307,65.14447222287122,128.55897241709184,44.310864991671565,65.44379783163265,49.85216695891909,210.04149394132654,44.09733335322078,19280.0,1672.243849992752,0.6240290005178664,0.08663984741045375,CIN1,CIN1_0249.png
10909.0,884.6660811901093,0.17516045029800728,1.989795918367347,195,98,0.7129133446608287,0.5708529565672423,0.038461538461538464,0.0943755344111602,3.189619716284199,177.06132890000097,6.981401779209664,0.29407217243754413,0.043800341422675915,0.9178459244239418,185.0217434630102,31.052287591897777,193.1346659757653,39.87331987525889,200.33826929209184,39.174802231141356,97.95222815688776,41.00624060302404,50.05562420280612,28.108514780646583,212.2200852997449,25.074193397720602,10909.0,884.6660811901093,0.2778159777930578,0.17516045029800728,CIN1,CIN1_0315.png
5678.5,1124.2955842018127,0.05645240964152525,1.0070422535211268,143,142,0.5481442154544138,0.2796464099281001,0.038461538461538464,0.08691872127827334,3.368170218156389,104.0231632221077,6.281889255184739,0.24972945672454133,0.03676629279407202,0.8903550759942092,112.50753348214286,27.748962605985497,140.43532764668367,21.283527974056152,139.91286670918367,14.374505768215053,86.96215322066327,9.830648197981011,58.70099250637755,31.519725950822146,143.68283641581633,16.551943990447423,5678.5,1124.2955842018127,0.12761391089387045,0.05645240964152525,CIN1,CIN1_0301.png
26017.0,3220.1201699972153,0.03152992390097589,0.9151785714285714,205,224,0.6593843853357495,0.566572299651568,0.038461538461538464,0.094237366211754,3.18699291427635,219.96177510715333,10.142633828236727,0.12036779754172618,0.014667989664672872,0.9288276585658243,117.26430963010205,32.95309490414022,113.41121253188776,43.568011258112726,175.93620455994898,57.20049631911692,124.80588329081633,16.147194487368683,108.31459263392857,16.514179824300108,177.61674904336735,54.9423700282076,26017.0,3220.1201699972153,1.076907156753177,0.03152992390097589,CIN1,CIN1_0329.png
14041.5,1442.8296369314194,0.08476045108309992,1.1776315789473684,179,152,0.7356963219113486,0.516079829461923,0.038461538461538464,0.10535413059688926,2.8417464977204574,90.86236420519681,4.3525943419074125,0.3773478670019841,0.09079830721675801,0.9111528636530282,209.83272879464286,15.735939760907494,224.89074457908163,26.871954569744418,223.15477519132654,36.08459360619617,75.77305883290816,35.01365293253323,36.18500876913265,15.842014357944946,233.29928651147958,21.810082524970788,14041.5,1442.8296369314194,0.38858985180367794,0.08476045108309992,CIN1,CIN1_0117.png
1746.0,328.1909053325653,0.20370468598291128,0.9393939393939394,62,66,0.6046753246753247,0.42668621700879766,0.038461538461538464,0.07176428872315171,3.476336702128402,235.59783462144705,6.654312859406797,0.5451649606682146,0.46315462436363664,0.8608181901132744,230.8905652104592,35.36437913345787,236.91258769132654,30.458436771572572,251.24079241071428,15.397846769926842,53.148457429846935,54.51320898803712,22.163245376275512,30.182659624139582,251.2431640625,15.385663245875826,1746.0,328.1909053325653,0.03605203386330787,0.20370468598291128,CIN1,CIN1_0103.png
4611.0,780.1219257116318,0.09520944158501635,0.6764705882352942,92,136,0.5438141290246491,0.3685262148337596,0.038461538461538464,0.10616363033563689,2.815842715169482,55.86570155562144,3.490851954360141,0.40550090177711284,0.08461243627977204,0.9470937274193257,211.11597177933675,14.25277044109855,223.94421635841837,28.81611839717443,228.4222337372449,29.985345510650216,95.08227040816327,33.586427591787874,31.327048788265305,14.597233426927044,233.84289301658163,21.371367342984193,4611.0,780.1219257116318,0.10119609349281247,0.09520944158501635,CIN1,CIN1_0102.png
10044.5,1364.0600854158401,0.06783771096918421,0.4948453608247423,96,194,0.6676082549599548,0.5393309707903781,0.038461538461538464,0.10409312939206097,2.89903240206891,351.46484483986745,13.839503596976748,0.08229658177035809,0.012544174166333848,0.8880379331310644,116.69555165816327,36.51437048036089,122.50516183035714,43.58645650326624,202.1868223852041,50.09169341181454,118.82354113520408,7.3748589807447615,116.29151387117346,20.903101991895287,202.19220344387756,50.077814606313694,10044.5,1364.0600854158401,0.2502896727009955,0.06783771096918421,CIN1,CIN1_0116.png
10431.5,2555.0835939645767,0.020079199725618717,1.7851239669421488,216,121,0.5514352170005815,0.39912381389654117,0.038461538461538464,0.10927008174979769,2.6204401346003463,961.3789274414682,20.98499221607821,0.06948329654439382,0.014827264581960858,0.6925103165130357,164.84628109056123,30.558373669623528,150.55466757015307,48.16864821867463,189.1418008609694,55.419540022199804,130.16306600765307,28.92265212875233,67.31776147959184,22.45141687018488,195.1886360012755,48.60624071705167,10431.5,2555.0835939645767,0.2624639887280001,0.020079199725618717,CIN1,CIN1_0328.png
7365.0,1302.7392375469208,0.05453403433687468,1.1885245901639345,145,122,0.5473801560758083,0.4163369135104579,0.038461538461538464,0.07755430811793541,3.5900201008254555,174.17259841550737,7.214353561519415,0.2536912432241091,0.03930441144001622,0.946365554046213,202.06251992984693,31.375840655083955,170.15112802933675,45.21383280303653,187.20950255102042,53.75285011672322,132.509765625,49.3266331041895,50.493861607142854,34.194265162991435,208.20932318239795,35.11523102456578,7365.0,1302.7392375469208,0.1720352245918105,0.05453403433687468,CIN1,CIN1_0300.png
25877.5,2612.608416080475,0.047641292821452415,1.037037037037037,224,216,0.6480310524009265,0.5348358961640212,0.038461538461538464,0.06429466106127094,3.87689808835885,320.7153713565359,11.498520352509749,0.16827656940998043,0.02947822536987248,0.8955215294750389,130.8573222257653,42.843062132993786,138.99396125637756,40.98686927360002,153.56983418367346,31.998989572265785,107.79444355867346,22.35099287260559,51.427315848214285,35.90924214036983,155.34127869897958,31.18284683434164,25877.5,2612.608416080475,1.0649834351914726,0.047641292821452415,CIN1,CIN1_0314.png
13201.0,2033.655099272728,0.04011087121529602,1.0635838150289016,184,173,0.649463741021352,0.41470846946468964,0.038461538461538464,0.10695134623693449,2.784615848551482,470.9181393714439,13.152570074671543,0.14262147926188443,0.024936766368305358,0.8326962193702028,163.0614636479592,26.541974530017967,168.78673070790816,44.63688594113114,204.46558115433675,50.28423090317864,121.07499601403062,19.790332544879334,60.994997608418366,18.750013682180228,205.46934789540816,48.7182533455934,13201.0,2033.655099272728,0.35702501690331306,0.04011087121529602,CIN1,CIN1_0248.png
1345.5,307.80612909793854,0.17845924012528205,1.813953488372093,78,43,0.6915959907478797,0.4011627906976744,0.038461538461538464,0.09644926124952294,3.1003208388170833,142.1115327738464,6.5761982734902595,0.26681681846405547,0.052511971503868146,0.8475440737739656,114.11401865433673,26.089489944351385,142.51309390943877,22.724111246199215,146.54342713647958,15.985725962738007,93.58791055484694,11.860225289943864,62.795479910714285,31.098829902071504,148.19880022321428,15.812123119912146,1345.5,307.80612909793854,0.027554499749132204,0.17845924012528205,CIN1,CIN1_0274.png
2862.5,511.9137753248215,0.1372656044067387,0.6391752577319587,62,97,0.7133067530525791,0.47597273029597603,0.038461538461538464,0.11082304746023273,2.6789549088665927,295.5570596102122,9.810260366614258,0.17974896183894812,0.03927230730390992,0.8886439196187038,172.5783242984694,39.70455959314235,199.50837053571428,40.245856974287996,238.73327885841837,34.133547730280505,108.01815609056122,9.685741343619918,74.1352838010204,27.847970850670865,238.78655133928572,33.97285232021709,2862.5,511.9137753248215,0.06050070275925476,0.1372656044067387,CIN1,CIN1_0260.png
3124.0,855.9209141731262,0.05358628042717559,1.4507042253521127,103,71,0.5385742608395828,0.42718446601941745,0.038461538461538464,0.09288603837209274,3.205505412598901,344.7104953858254,9.21853021440376,0.31836524463351057,0.06917610270021694,0.9172969525018849,174.44684709821428,53.756435424179024,189.0575573979592,43.77786279628936,219.8340441645408,40.103084615554955,111.88129783163265,6.217310894346493,59.18203922193877,37.816530095401006,219.83438297193877,40.10247747741461,3124.0,855.9209141731262,0.06639462722094704,0.05358628042717559,CIN1,CIN1_0076.png
3226.0,438.75944674015045,0.21058201000580742,0.5247524752475248,53,101,0.6945102260495156,0.6026527181019988,0.038461538461538464,0.10959916371765649,2.7063855637404455,57.88738985290437,3.554798422096828,0.39071028665742846,0.08642357399665794,0.914261929176123,213.66228874362244,12.606533020617443,223.5022520727041,25.12703127319638,235.3485331632653,20.11791950052272,107.00733418367346,19.061582708891542,32.28067203443877,15.86563949974503,238.43341438137756,12.790926911422481,3226.0,438.75944674015045,0.06871139510117145,0.21058201000580742,CIN1,CIN1_0062.png
4348.0,711.327987909317,0.1079840485030931,1.736842105263158,132,76,0.5769256286074438,0.43341307814992025,0.038461538461538464,0.08099976384108117,3.5184995737077616,364.92373112870496,10.343119342488215,0.25212673770877553,0.06541125472876279,0.9347605295954213,210.80357142857142,54.24455199003389,215.57975924744898,54.65511409922855,175.68345424107142,57.023723347290925,37.561941964285715,19.997172494433855,57.88755580357143,36.74521532943114,220.95256696428572,49.675783400172946,4348.0,711.327987909317,0.09487649471938553,0.1079840485030931,CIN1,CIN1_0089.png
3611.5,683.9381592273712,0.09702056800790189,1.4096385542168675,117,83,0.5628019323671497,0.37189784780146223,0.038461538461538464,0.09979029025371171,2.9933589893207397,335.7129316758634,10.526071536517954,0.16507788842110785,0.028925714855614015,0.8376880703029752,118.1029974489796,36.519779711982494,163.2385403380102,33.76955154309401,172.2057955994898,26.055855853443276,94.65965800382654,5.668319199626548,85.2895806760204,36.185070168629025,172.75089684311226,26.204074659708276,3611.5,683.9381592273712,0.07755908471045539,0.09702056800790189,CIN1,CIN1_0039.png
2221.0,290.59292674064636,0.330512846538498,1.1578947368421053,66,57,0.819859726836471,0.5903774587985114,0.038461538461538464,0.09949734052587761,2.9998890983794197,382.13818483496124,10.839570198671478,0.18149204865540006,0.04369824823710804,0.7551335767494379,131.30763711734693,32.319954001934995,168.70906409438774,29.77377130465482,178.7282565369898,21.53407425434367,95.68548708545919,6.146272007660275,71.49380181760205,31.408817120297773,179.20228794642858,21.584842562288255,2221.0,290.59292674064636,0.04631425294546971,0.330512846538498,CIN1,CIN1_0005.png
31621.0,4129.344687461853,0.023303609381945176,1.0,224,224,0.7054164993530541,0.6302016900510204,0.038461538461538464,0.090767011102733,3.2671935484936343,199.46636820227738,10.319812987282699,0.10806122872023792,0.019282457489407802,0.7924875602810317,115.06620695153062,32.31294780105416,63.42352917729592,20.57972602333223,103.63366948341837,40.202775318515506,147.87601642219389,33.617082754352666,126.85632573341837,20.898876981223076,126.65142697704081,35.25141950171554,31621.0,4129.344687461853,1.7041767717596334,0.023303609381945176,CIN1,CIN1_0011.png
21036.5,3043.5831555128098,0.02853730815779169,1.0,224,224,0.4806365381100347,0.419254225127551,0.038461538461538464,0.1001183098930772,3.0209963928155243,412.36819040046515,13.850197528520631,0.09978070588603258,0.01220414569524691,0.9189219773618881,121.52794164540816,47.30084306837181,134.18610491071428,54.48596139086378,203.6463847257653,56.3203398789091,115.95392219387755,7.953935895111178,111.61433753188776,28.34743181062234,203.6993183992347,56.24317784180232,21036.5,3043.5831555128098,0.7219238490708488,0.02853730815779169,CIN1,CIN1_0207.png
8195.0,1017.6610286235809,0.09943803529956793,1.1,143,130,0.6332097048369649,0.4408284023668639,0.03846153846153846,0.07318176245505913,3.6877921830789173,442.7582123523768,12.670126160565001,0.14498608082782538,0.02205790876943354,0.8718638020802201,174.77863919005102,44.48559048043641,192.07718829719389,45.13027531529559,216.9696667729592,34.550732923978806,107.9438775510204,15.632236818488005,59.70665258290816,30.25413498582615,218.99160953443877,32.447687572504975,8195.0,1017.6610286235809,0.1952073557085348,0.09943803529956793,CIN1,CIN1_0213.png
7421.0,1073.9696840047836,0.08085153154998173,1.6734693877551021,164,98,0.6568709891568931,0.461734693877551,0.038461538461538464,0.08543719857408333,3.4193939186660183,96.77870387772,5.381488458289416,0.28769547856799715,0.04761816213820386,0.9062966113481328,112.36162707270408,32.986949794722186,141.19969706632654,20.694419273475503,138.23315927933675,16.21771301243722,84.3724290497449,13.002936575298,59.76923230229592,41.80849523544951,143.04920679209184,17.359894644051888,7421.0,1073.9696840047836,0.17357034264998245,0.08085153154998173,CIN1,CIN1_0159.png
12163.0,1402.4793508052826,0.07770654851230319,1.6231884057971016,224,138,0.5719054895968027,0.3934717908902691,0.038461538461538464,0.08688194545867464,3.35140704736106,157.2098069664856,6.714899937612143,0.3300328034219094,0.08786675552958186,0.935609242012721,218.08555883290816,27.012853056058393,214.24669164540816,46.751151963106686,230.31309789540816,38.44604580628564,115.28527582908163,29.58399133119118,46.915118781887756,32.197422525367244,242.39243861607142,22.759106113754925,12163.0,1402.4793508052826,0.31996948412385234,0.07770654851230319,CIN1,CIN1_0171.png
17595.5,1715.4570528268814,0.07513664116082798,1.3493975903614457,224,166,0.6114962901179865,0.473200839070568,0.038461538461538464,0.07781680932564239,3.5938982251482523,185.96869187488414,8.282476439952733,0.2062896229573426,0.02799324308013682,0.9274340462472861,188.17456552933675,39.46125048437401,193.61742665816325,37.44634930263227,216.3503268494898,28.959577448734308,115.77180325255102,14.78321986272814,41.59283322704081,24.20417541331218,217.43556680484693,28.24567072473042,17595.5,1715.4570528268814,0.5400623072082994,0.07513664116082798,CIN1,CIN1_0165.png
14855.5,3344.401475071907,0.016690153275698637,1.0049261083743843,204,203,0.5063310554031255,0.3587245242924756,0.038461538461538464,0.10586579145097828,2.77471574897856,856.1321757878344,20.05956686132215,0.07235090315190197,0.012210962130449057,0.7342650464156087,161.3778698979592,32.79739861030096,129.37555803571428,47.36749126565726,170.13936941964286,56.073127958077016,144.12147241709184,21.515742813292626,78.59135841836735,22.569783194812086,180.0941087372449,48.453805192311286,14855.5,3344.401475071907,0.42059144123101316,0.016690153275698637,CIN1,CIN1_0164.png
2040.0,374.3330405950546,0.18294633248124595,0.627906976744186,54,86,0.7012719147473359,0.4392764857881137,0.038461538461538464,0.12109577880805533,2.241359014358258,47.60967071152883,2.536233744342492,0.47044363150564406,0.11747558100163953,0.8819323814434642,213.34032206632654,10.507872811919517,237.9626913265306,16.690047337536537,242.869140625,19.52889668340005,92.33522002551021,17.144764588340053,34.02586894132653,6.724776933324754,244.68558673469389,14.468659650844197,2040.0,374.3330405950546,0.04237992354994183,0.18294633248124595,CIN1,CIN1_0170.png
7016.5,736.4823150634766,0.16255702709597317,1.1578947368421053,132,114,0.6515763569670799,0.4662745879851143,0.038461538461538464,0.07322317370848472,3.674957486491188,282.43613599727325,11.296768921662675,0.11903735511987901,0.019867714661597657,0.9073552869315333,197.07204639668367,39.76593330196933,176.1203164859694,45.2618899828203,199.36541374362244,43.70747777281976,130.5164421237245,34.04653963845659,52.25697544642857,39.268969280002885,213.27403539540816,29.370067843819037,7016.5,736.4823150634766,0.16257139216163302,0.16255702709597317,CIN1,CIN1_0158.png
5132.0,705.553383231163,0.12954980222357768,1.1304347826086956,130,115,0.6276140393787453,0.34327759197324414,0.038461538461538464,0.0921703790300286,3.2459120340270387,338.70921905516354,10.685212413393547,0.17545108380072733,0.027306470317438637,0.8692492549000611,180.5691366390306,31.800302056390827,193.9813456632653,39.30051378595069,197.55681999362244,38.71699806568062,92.08502072704081,26.19400661550104,25.762894610969386,13.500541901729722,199.6915058992347,37.6544385254797,5132.0,705.553383231163,0.11393304324660332,0.12954980222357768,CIN1,CIN1_0212.png
5702.0,968.6315916776657,0.07636947732709691,0.592814371257485,99,167,0.47607915170743925,0.3448859856045485,0.03846153846153847,0.06899490855929315,3.769069201996502,323.43470951004906,10.839483132091235,0.17004664179070506,0.024759133828406492,0.8654325805493623,173.62930484693877,38.209369747570534,196.91535794005102,36.191558033206064,223.66794882015307,26.616812980611137,105.8675462372449,5.478171025665985,59.66416214923469,24.94988751248585,223.67456552933675,26.619969710706407,5702.0,968.6315916776657,0.1282097405225525,0.07636947732709691,CIN1,CIN1_0206.png
4828.5,822.1635556221008,0.08976471499259246,0.8956521739130435,103,115,0.5905699608610567,0.40764035457999154,0.038461538461538464,0.08064812362563527,3.515404518077724,306.57819717201664,10.002554356670897,0.21086265657525738,0.036480808577734336,0.8997056501112703,180.5467155612245,42.74664804099291,201.41290656887756,40.96971425921475,226.9309231505102,29.646913240287425,106.65385841836735,8.754513473547577,56.672293526785715,27.88885719132422,227.2200852997449,29.236100517375974,4828.5,822.1635556221008,0.1064777551132918,0.08976471499259246,CIN1,CIN1_0010.png
9257.5,1161.7859194278717,0.08618890585469935,1.2686567164179106,170,134,0.59664217581851,0.40638718173836696,0.038461538461538464,0.07425122166650613,3.6508178484381695,337.2102970338788,11.016762193680446,0.21311903223672843,0.043392401315354254,0.9002963350354316,200.1350645727041,45.47182222495469,197.61770567602042,49.742469519330115,217.9210977359694,40.73797786978019,116.52134486607143,30.18232064743448,58.63034119897959,36.9487899845842,231.01723931760205,30.749230694392995,9257.5,1161.7859194278717,0.22624240869044565,0.08618890585469935,CIN1,CIN1_0004.png
17090.0,2065.4885786771774,0.050339202512332294,1.4451612903225806,224,155,0.6025668147521331,0.49222350230414746,0.038461538461538464,0.07223513921613735,3.7145741786769593,336.0713410723696,10.788919366900952,0.2097392136340798,0.04333916280942101,0.9431244081859687,199.36156728316325,60.17199029533838,203.42065927933675,55.73585107770551,160.27865911989795,56.48165799880415,37.242805325255105,19.787764458474808,72.30811543367346,41.76938748670773,212.54253029336735,49.823858515761664,17090.0,2065.4885786771774,0.5165326724294264,0.050339202512332294,CIN1,CIN1_0038.png
7858.5,1309.4326689243317,0.05759478716515134,1.892156862745098,193,102,0.6182926829268293,0.39919231941481254,0.038461538461538464,0.10451619341000112,2.8680105517316097,406.0321712831026,13.50626104377219,0.09756131683280028,0.015412651365148947,0.831535709779647,139.55241549744898,32.377261657679,124.08330676020408,38.03918489409538,195.73537149234693,47.75617895103142,127.59819435586735,10.495119086577102,99.4488600127551,16.897140836216924,196.07746731505102,47.26748607706958,7858.5,1309.4326689243317,0.18570331423170083,0.05759478716515134,CIN1,CIN1_0012.png
14994.5,782.776692032814,0.3075148418379535,0.375,84,224,0.8960499581689972,0.7969015731292517,0.038461538461538464,0.09663881287503819,3.0676653052548186,281.82018292942666,9.107258519204276,0.284592801605315,0.059992704514668746,0.9150051454693051,135.2988879145408,50.26807729944685,166.5020527742347,40.01849555167949,177.2116151147959,29.3153667222243,96.30550462372449,8.34503128732077,68.58242984693878,47.945745013365475,177.9022839604592,29.68980720702237,14994.5,782.776692032814,0.42620411295709393,0.3075148418379535,CIN1,CIN1_0006.png
4229.0,731.3523737192154,0.09935602282273262,1.3218390804597702,115,87,0.5740074652188667,0.4226886556721639,0.038461538461538464,0.06926750070542644,3.767433253040119,191.69869017472294,8.090413739421109,0.21753668312553165,0.034925394018276,0.8909408249697788,139.8229830994898,37.39793661132645,171.56606744260205,28.95859160303369,178.1760403380102,25.00823207725309,95.95858577806122,14.888262302146861,61.9050143494898,34.33063907625899,179.57963966836735,24.23272916171976,4229.0,731.3523737192154,0.09204082965155505,0.09935602282273262,CIN1,CIN1_0238.png
3313.0,541.6711338758469,0.14189265511278226,1.7619047619047619,111,63,0.6700374153099403,0.47375947375947375,0.038461538461538464,0.11583697102134773,2.4887159787310598,140.66771723777705,4.790849726230638,0.3852454864194823,0.10045277783487921,0.8893468965452319,205.1535794005102,21.6815859527483,229.52712452168367,27.753592556339125,235.8776705994898,26.22066172935809,96.19646843112245,8.753508332520799,33.955078125,6.959013495001707,236.56560905612244,25.907978964465432,3313.0,541.6711338758469,0.07069543136376245,0.14189265511278226,CIN1,CIN1_0210.png
2152.5,328.77669191360474,0.2502366869041268,1.09375,70,64,0.7651972982580875,0.48046875,0.038461538461538464,0.10597459861394008,2.8381832679895957,165.27350737123265,5.921123369590447,0.3478314589333086,0.08560466006078252,0.8159901321042643,151.4156568877551,26.89007462392459,170.80231584821428,21.100895979147815,168.23276068239795,15.408649213456453,84.13713727678571,10.499815275645233,33.71859056122449,24.642540313505993,172.85794005102042,16.689948965114926,2152.5,328.77669191360474,0.044821805990817,0.2502366869041268,CIN1,CIN1_0204.png
22556.0,1837.557558298111,0.083944074822876,0.8571428571428571,192,224,0.6826463289147146,0.5244605654761905,0.038461538461538464,0.09302593958198269,3.229687844062421,339.8057921194123,10.734982407465058,0.18138572549319076,0.030857795859156215,0.9536137531014316,154.18098294005102,50.13610133432562,148.3067004145408,70.09323822842538,200.37454161352042,62.559046763363575,122.89911511479592,19.501112626424906,91.7171556122449,31.11574601196952,202.4665377869898,60.4812435705399,22556.0,1837.557558298111,0.8166545981173063,0.083944074822876,CIN1,CIN1_0199.png
11466.0,1331.9696860313416,0.08121441485088608,1.9333333333333333,203,105,0.6577935861396362,0.5379310344827586,0.038461538461538464,0.08602874319018115,3.3970534128588135,126.63929962625406,6.403036770917199,0.27409989903078197,0.04697830974004268,0.9122642973253405,110.4848931760204,37.36092475783904,137.17113759566325,25.08083131634623,135.37683354591837,19.360276062294734,84.27628746811224,16.845463111709762,60.96075813137755,46.20178465587934,140.0430683992347,20.842040769762605,11466.0,1331.9696860313416,0.29620253164556964,0.08121441485088608,CIN1,CIN1_0166.png
2153.5,392.9188269376755,0.17528673939179748,0.632183908045977,55,87,0.6335686966754928,0.45005224660397075,0.038461538461538464,0.08896531631057492,3.1313934814081223,183.13294207056873,5.259281127937113,0.6547914282543866,0.6037197726047375,0.9076762500545873,247.49338329081633,24.396507307049816,234.84552375637756,37.89109559581414,242.50948660714286,31.75420334528282,49.056361607142854,71.72413300812495,15.459761639030612,28.142635046156272,248.49986049107142,22.119993776257257,2153.5,392.9188269376755,0.04484356291321776,0.17528673939179748,CIN1,CIN1_0172.png
6165.5,1338.462105512619,0.04324799779124801,1.40625,180,128,0.46749061682526444,0.2675998263888889,0.038461538461538464,0.08601997230607097,3.409187241398521,187.56378759241807,7.789927232198121,0.2208631222350442,0.039725241060376525,0.852889998175175,133.27628746811226,32.70239142922611,173.72534677933675,25.065326003885996,176.38667889030611,19.45128664484366,91.76420998086735,9.696935587864537,67.86987802933673,32.75362412084404,178.41605548469389,19.482596249850186,6165.5,1338.462105512619,0.14009156905738404,0.04324799779124801,CIN1,CIN1_0173.png
9018.0,1255.1067661046982,0.07193806524168532,0.9242424242424242,183,198,0.5819941916747338,0.2488822652757079,0.038461538461538464,0.05341435532378501,4.054019656271492,220.57377990537708,10.11099402667563,0.1482915891551311,0.018287854730198505,0.9128998791074286,131.49455915178572,36.90406653266237,134.35134327168367,37.44639907814199,153.59105947066325,30.207596443902986,116.44164540816327,14.700804830434622,47.114815848214285,28.73086498100898,154.28477758290816,29.414083250533995,9018.0,1255.1067661046982,0.2191068565042033,0.07193806524168532,CIN1,CIN1_0167.png
4625.0,1091.0823823213577,0.04882098242928898,0.5714285714285714,76,133,0.6449588620833915,0.4575583696082311,0.038461538461538464,0.11008287780142416,2.633909952367397,516.2039194976791,14.175303534200427,0.12652591925911344,0.024198438165006792,0.8205209341622064,169.50003985969389,28.19604688511123,155.7137077487245,44.80597441222261,204.0689772002551,48.57904029403491,129.64255819515307,17.886472721974947,69.71514269770408,21.777058225548057,206.53254544005102,44.502382751685275,4625.0,1091.0823823213577,0.10153454369827226,0.04882098242928898,CIN1,CIN1_0198.png
1767.0,424.2741656303406,0.12335400014006079,1.0847457627118644,64,59,0.633674018289403,0.4679555084745763,0.038461538461538464,0.08868334095548555,3.3321354768693827,504.4872623651416,11.885570778953632,0.2354448276468446,0.049634651607408965,0.8323095604632417,207.32599250637756,43.13633731958238,224.60222018494898,42.73828657122315,245.64010682397958,23.015195842246403,97.9153977997449,23.894389341211372,43.758769132653065,33.84757547277908,245.89526865433675,22.71797609985432,1767.0,424.2741656303406,0.03650147699807887,0.12335400014006079,CIN1,CIN1_0205.png
29842.0,2448.057119488716,0.06257411218375053,1.0044843049327354,224,223,0.6099789465077775,0.5974135169762973,0.038461538461538464,0.05377875591054383,4.020712861810109,406.1676462767278,12.571157130596282,0.14565918122482252,0.017845754294243527,0.9301561645057523,141.3952088647959,45.15715829717528,136.55422911352042,60.645205981196206,190.9162149234694,62.07153545340322,122.67504384566327,16.223174108262334,87.55408960459184,24.87428740294827,191.47464923469389,61.42616108127779,29842.0,2448.057119488716,1.4675912265171633,0.06257411218375053,CIN1,CIN1_0211.png
8850.0,2199.395213365555,0.022990402974604314,1.062937062937063,152,143,0.5349694734933205,0.4071586308428414,0.038461538461538464,0.11159061665485018,2.5939881062648076,550.7427171651226,13.44902814805604,0.1656798089819702,0.034156500806022144,0.8184645039102638,171.07537468112244,26.856172559824266,162.54211176658163,47.0246164591454,209.07110969387756,53.19846254005582,128.55311304209184,19.39531956511212,71.21338887117346,16.319176885696443,212.1876992984694,48.52132481922922,8850.0,2199.395213365555,0.2141508977399216,0.022990402974604314,CIN1,CIN1_0239.png
5254.0,865.602153301239,0.08811772501809048,1.9186046511627908,165,86,0.6114990689013036,0.37026074700493306,0.038461538461538464,0.0849420449822583,3.4239157667828874,54.761787894669375,3.9496669188650912,0.3396818384188774,0.05957913741114448,0.9074094233448002,115.43389269770408,24.79059409385168,143.89094387755102,15.417377747499579,138.6921835140306,12.906538588195037,83.0094068877551,8.11679034802736,53.679368622448976,29.90509531523177,144.5234972895408,14.139314226862476,5254.0,865.602153301239,0.11695828324651618,0.08811772501809048,CIN1,CIN1_0007.png
9544.0,1676.8367774486542,0.04265389675823746,0.9886363636363636,174,176,0.5217296233531952,0.31165099268547547,0.038461538461538464,0.11609890449777871,2.4922800288956397,336.67971850006154,10.881695771203736,0.15635872043867693,0.036223754117728574,0.8983076486523958,179.4502551020408,38.81391716576993,193.27162388392858,48.77721412981091,232.50191326530611,41.620103030268076,113.36381935586735,18.376750206054798,73.12904575892857,27.182074665661606,234.92807318239795,37.400164569047526,9544.0,1676.8367774486542,0.23488875762945463,0.04265389675823746,CIN1,CIN1_0013.png
12050.0,2016.5424002408981,0.03723764393606011,0.9161676646706587,153,167,0.5353889900919714,0.4716058079918594,0.038461538461538464,0.08970005794591067,3.300729666527941,373.8754848603508,12.309929416733638,0.13743520808696913,0.018304190946199568,0.863359451512238,101.25025908801021,39.973884495480306,146.18022560586735,40.05055578753469,160.24748883928572,29.12820867695971,97.19571109693878,9.181986446309343,101.37749123086735,40.62752958632497,160.84538424744898,29.41393238360918,12050.0,2016.5424002408981,0.3160572837433772,0.03723764393606011,CIN1,CIN1_0017.png
8295.5,1343.6925539970398,0.05773678679509367,0.7664670658682635,128,167,0.6290665048911807,0.3880754116766467,0.038461538461538464,0.06238733908934783,3.9146255009017663,441.809946975396,14.067721451850026,0.10831011531572284,0.012927069164173433,0.9032720590313339,146.40519371811226,48.272013846133056,110.31626674107143,49.48925607541739,127.90650908801021,52.72012405402779,147.42564174107142,41.32013512600693,72.51620296556122,32.76688849622605,149.42992665816325,49.30880339208108,8295.5,1343.6925539970398,0.19807547665381264,0.05773678679509367,CIN1,CIN1_0003.png
4450.0,936.9747375249863,0.06369628619583283,1.1372549019607843,116,102,0.5350165314096784,0.37609871534820827,0.038461538461538464,0.06475735320984129,3.860131701274832,300.20003322819497,11.586924658224184,0.14001034819966257,0.018713156749310605,0.8718416759625524,126.43247767857143,35.47640230158873,140.9747090242347,36.04388227996115,157.32732780612244,28.960847834147486,105.64534837372449,8.506152548857758,54.59253427933673,26.012832560398166,157.39895567602042,29.009333124843856,4450.0,936.9747375249863,0.09731881205441106,0.06369628619583283,CIN1,CIN1_0215.png
1487.0,239.1370825767517,0.3267585643488085,0.8333333333333334,45,54,0.8389280677009873,0.6119341563786008,0.038461538461538464,0.10756301777847141,2.784201566417677,250.76489746729288,7.677685816308998,0.28307051147466866,0.06206123755377039,0.8304384395124743,197.7098612882653,24.000152031297677,219.97191884566325,30.19506477977218,226.11856265943877,27.890704824936858,96.10821906887755,10.31376226278429,33.185865752551024,8.62666194982268,227.0095663265306,27.49779291937677,1487.0,239.1370825767517,0.030540779231448583,0.3267585643488085,CIN1,CIN1_0201.png
14499.5,2719.215622663498,0.024641979779805215,1.1727748691099475,224,191,0.5319160644190909,0.3389000560957367,0.038461538461538464,0.09611721041789353,3.13352008368313,485.57296397409465,15.28667113584341,0.08940409643238714,0.012234365201627575,0.8849062804399614,116.09879225127551,42.60802674446036,130.09757653061226,50.99409070526102,200.6468431122449,51.25726173897643,116.17159598214286,9.23250612217253,116.57130899234694,27.350571254285963,200.69198421556123,51.168603818573146,14499.5,2719.215622663498,0.4064159881154261,0.024641979779805215,CIN1,CIN1_0229.png
2314.0,416.96045768260956,0.1672566820208395,1.3125,84,64,0.6538570217575587,0.4304315476190476,0.038461538461538464,0.0990633747650296,3.0573694848568356,97.5705086722668,4.644364624666713,0.34710064392491324,0.07147370070353308,0.8827501872856132,163.5349569515306,25.425416875484107,186.49720982142858,20.31205043133528,192.47283561862244,16.550308960891822,95.90583147321429,11.332232105318798,41.836495535714285,23.924086987075572,193.49657206632654,15.55148099932061,2314.0,416.96045768260956,0.048347331912582,0.1672566820208395,CIN1,CIN1_0349.png
7510.5,1309.0062631368637,0.055080169172218224,1.3493975903614457,224,166,0.45001348153030346,0.2019820352839931,0.03846153846153846,0.07366003541435744,3.6285097358099274,321.02513208932436,8.89236608941942,0.27654789417419506,0.059185103219288715,0.8754869376395495,184.7789979272959,31.922791524277493,193.67183514030611,39.88019077810851,199.8469786352041,39.525246101193034,100.37553810586735,39.03596004924819,32.06401466836735,16.28067428724111,204.37358498086735,35.09495596382237,7510.5,1309.0062631368637,0.1760321571292965,0.055080169172218224,CIN1,CIN1_0188.png
11088.5,1149.0996270179749,0.10552790040886884,1.2587412587412588,180,143,0.7793435479336519,0.43078865578865577,0.038461538461538464,0.09050453878589483,3.264978681673015,143.55660744524366,5.947597180350457,0.33423249013085565,0.07577723717541913,0.9502356607678192,204.6643215880102,30.909189133743215,187.8376913265306,41.45070706314698,206.57686941964286,49.592523203341415,125.8462213010204,39.632251900389456,37.552415497448976,26.490471123263625,217.1765585140306,36.125194434270206,11088.5,1149.0996270179749,0.2836840422129837,0.10552790040886884,CIN1,CIN1_0163.png
2328.0,362.81832218170166,0.22223600361754917,1.0,67,67,0.7535199870529212,0.5186010247271107,0.038461538461538464,0.09149969754867622,3.259854926159408,154.660575961776,6.6359200140274615,0.24348154098881347,0.04987989789714664,0.8867145013711497,214.15140704719389,30.651003108592516,218.4685507015306,28.82598805164119,239.5407166772959,21.15191329929913,116.48563058035714,18.218695653803035,36.28408003826531,23.600942326476613,241.68791852678572,18.000724167540096,2328.0,362.81832218170166,0.04865407122554757,0.22223600361754917,CIN1,CIN1_0177.png
1923.5,280.8944420814514,0.3063485029830225,1.1346153846153846,59,52,0.7976363259382128,0.6269556714471969,0.038461538461538464,0.08964409206945227,3.2759970116437964,125.82712682222062,5.77818329464771,0.31154705120120507,0.07128064558751807,0.9463368421137502,203.61824378188774,27.699912013414448,211.04799107142858,40.333440722054846,212.7985690369898,41.963567893095274,87.03069196428571,36.16803352248267,35.509845344387756,26.1472117215496,223.37280771683675,29.862152162113258,1923.5,280.8944420814514,0.039863219522304545,0.3063485029830225,CIN1,CIN1_0176.png
9862.5,901.2173774242401,0.15259410829375766,0.8639455782312925,127,147,0.7710499570010163,0.5282821790133376,0.038461538461538464,0.08381772378167225,3.4054407107924876,43.51835361092583,3.6997945519328606,0.3772263919722171,0.07831689630168778,0.9375442788424544,188.36262356505102,10.565074352907681,185.60004783163265,25.64281974351148,177.87703284438774,27.53146872258213,70.80640146683673,47.3974085495188,32.49115114795919,29.077802803758164,197.20324457908163,12.857794898972106,9862.5,901.2173774242401,0.24464509407518573,0.15259410829375766,CIN1,CIN1_0162.png
18247.5,1859.4814381599426,0.06631771307077323,1.435897435897436,224,156,0.6687863072440396,0.5221926510989011,0.038461538461538464,0.06406036472199322,3.8784467836677354,233.68255766981054,10.565952147529433,0.12892315831662043,0.016292460923176277,0.9392477312825627,163.56433354591837,48.094518145087335,177.14295679209184,46.14731766498674,209.39100366709184,36.13613304145476,113.06437340561224,13.872586715789485,66.205078125,31.01022224447,210.59514508928572,35.023433577825465,18247.5,1859.4814381599426,0.5715113456629657,0.06631771307077323,CIN1,CIN1_0189.png
7187.5,1045.040752530098,0.08270300094612973,1.9405940594059405,196,101,0.5852298172047389,0.36307839967670236,0.038461538461538464,0.09453240088630586,3.174417432489168,423.60200873135415,11.285860653752136,0.21612151983236144,0.047038557615896315,0.8592974397699338,182.33657525510205,35.252163641344374,202.65808354591837,42.15384619544877,210.0804368622449,39.19283037422565,97.7270208864796,9.722720296346058,34.86951929209184,10.836958393731418,210.69770408163265,39.13712992702949,7187.5,1045.040752530098,0.16719587796736338,0.08270300094612973,CIN1,CIN1_0348.png
5795.0,1220.9402465820312,0.04885111543441722,1.251908396946565,164,131,0.39074879471359697,0.26973561720350026,0.038461538461538464,0.08863325334140226,3.3218071060454086,521.7710557022659,13.730798246752379,0.13337555355396316,0.023432627749891854,0.85249445049294,183.3235012755102,44.87736063711663,181.46815210459184,45.60668600562465,201.00715481505102,37.85602793575485,121.10415338010205,22.960042208892553,40.43419164540816,31.93425511592427,204.08250956632654,36.41236027881914,5795.0,1220.9402465820312,0.13057389423401905,0.04885111543441722,CIN1,CIN1_0228.png
2737.0,485.7300088405609,0.14577894086890425,1.2297297297297298,91,74,0.6247432093129422,0.40644490644490644,0.038461538461538464,0.10081197204002597,2.9981338574419554,67.66964117912575,3.7786306158549596,0.40289342637469205,0.09208172638781592,0.88823606808888,132.94200414540816,24.000286170992286,150.82690927933675,16.07073269022401,145.00167410714286,12.642853879273911,76.66920440051021,13.623001350261084,34.238301179846935,27.992869770492177,151.64172114158163,13.968498334834482,2737.0,485.7300088405609,0.057695145344547734,0.14577894086890425,CIN1,CIN1_0200.png
11523.5,1358.9230015277863,0.07841597934609067,1.251908396946565,164,131,0.6990930324263658,0.5363759076522063,0.038461538461538464,0.1022516070123416,2.936402803544807,517.6099036963824,13.547027820618236,0.15655633642040137,0.03008345346977751,0.8737413968726779,111.56363600127551,48.94242073170513,127.59044164540816,46.14704472058833,169.83508051658163,50.94044303569029,113.6352240114796,11.699657495526855,101.00950653698979,35.42171020600002,170.3224649234694,50.59909904425146,11523.5,1358.9230015277863,0.2981307806739538,0.07841597934609067,CIN1,CIN1_0214.png
1908.0,334.53405117988586,0.21424346059174587,0.9824561403508771,56,57,0.7966597077244258,0.5977443609022557,0.038461538461538464,0.10426543213823425,2.8526440448686246,406.68021995027993,11.331877339535746,0.16866930785165138,0.04092596998997615,0.7353668232374291,132.60586734693877,31.7431112567422,169.53152901785714,30.26250154140404,179.6722337372449,20.790881493321695,95.63404815051021,6.82595036434547,70.72431042729592,30.772622711700997,180.33498086734693,20.86498046844553,1908.0,334.53405117988586,0.039529294770862686,0.21424346059174587,CIN1,CIN1_0002.png
2092.5,349.26197254657745,0.21556225879640933,1.206896551724138,70,58,0.7433392539964476,0.5153940886699507,0.038461538461538464,0.11348336708966796,2.4564563979858516,61.148504101695295,2.684969377751238,0.5645747779281659,0.18952860755043913,0.9397567855709484,222.1082389987245,22.37578789603597,246.7677774234694,24.686203523879456,251.2043008609694,15.269631470543661,93.36445711096938,7.105471599999293,30.656150350765305,14.718786262630378,251.240234375,15.188149692450112,2092.5,349.26197254657745,0.04351804673120717,0.21556225879640933,CIN1,CIN1_0016.png
10500.5,1908.9027922153473,0.03621197541624697,0.9518072289156626,158,166,0.5140122867562474,0.4003545828885161,0.038461538461538464,0.11160794972452459,2.5835305282857424,440.17187778516046,13.02768196551996,0.14740086328594276,0.030739796291736378,0.8357790275541346,170.0709901147959,27.01122744541023,161.2022480867347,43.68423528045263,203.8819355867347,49.64713989957111,124.78541533801021,26.499293258252553,66.33081552933673,19.14676288666979,207.28372130102042,44.29607114987947,10500.5,1908.9027922153473,0.2646595506042772,0.03621197541624697,CIN1,CIN1_0014.png
9675.5,1064.2712008953094,0.10734421901577541,1.330708661417323,169,127,0.6944304887676739,0.45079904952709315,0.038461538461538464,0.094351501425249,3.1674442647738004,266.42025585222524,7.917839058334024,0.3312531026922651,0.07776889334409977,0.9106806560850086,190.1327527104592,39.932893908505015,215.52780213647958,38.70543829700351,216.7726203762755,41.546947572071524,87.74276546556122,16.996185277058444,36.97616390306123,18.962326441127168,219.68315529336735,39.18528630753267,9675.5,1064.2712008953094,0.23889828520635548,0.10734421901577541,CIN1,CIN1_0028.png
1116.5,249.52185904979706,0.2253468006257957,1.0638297872340425,50,47,0.7102417302798982,0.47510638297872343,0.038461538461538464,0.11398149358460391,2.482276498504524,54.60617363812824,2.71540792690959,0.4875711274469577,0.1312735165201816,0.9254327691981094,209.5388632015306,23.54843483161702,238.83663504464286,18.282442016704643,243.6289660395408,20.09851646102554,92.95264668367346,12.408455832952416,38.11625079719388,15.579741154613378,244.89708227040816,17.991287736228678,1116.5,249.52185904979706,0.022758079474923306,0.2253468006257957,CIN1,CIN1_0202.png
1389.0,339.64674937725067,0.15130636044416046,2.073170731707317,85,41,0.5865709459459459,0.39856527977044476,0.038461538461538464,0.1224405638744025,2.2266586122941843,197.2923584362781,6.710341233182402,0.28154162369717367,0.08053645216410246,0.8185428853755887,187.07218590561226,16.518699630209763,188.19188456632654,29.54392528951062,246.40678810586735,25.943111656278614,119.35014748086735,8.602340626133088,68.8774115114796,14.41211031572175,246.67795360331633,24.843102630939505,1389.0,339.64674937725067,0.02847069916166192,0.15130636044416046,CIN1,CIN1_0216.png
9107.0,1949.3708295822144,0.03011592969532727,0.5560538116591929,124,223,0.44476460246141825,0.329343266309851,0.038461538461538464,0.10697079049617732,2.8278390848844435,263.8281296015764,11.330126925879005,0.10143752952915971,0.0164996073849738,0.8758044495866615,130.6277303890306,30.8994565411684,140.1149752869898,35.617876488491746,226.5632174744898,38.81624713720049,117.39750079719387,4.762296212379541,113.09735730229592,18.356556264066597,226.5633769132653,38.81591621988735,9107.0,1949.3708295822144,0.22174876427475712,0.03011592969532727,CIN1,CIN1_0174.png
9334.0,1751.5230680704117,0.038233665619195695,0.9461077844311377,158,167,0.5232062780269058,0.35374819980292577,0.038461538461538464,0.08323476905382624,3.4609381418381924,372.21187416203435,11.546259721425521,0.17602457412198966,0.029886907532937167,0.8721811315172364,121.18108258928571,44.7191737605409,157.66649394132654,38.721549049107004,170.39676339285714,30.32291309227933,97.46821189413265,8.146365278986224,80.35239955357143,43.43695833403043,170.8153300382653,30.595824050042374,9334.0,1751.5230680704117,0.22853924881249693,0.038233665619195695,CIN1,CIN1_0160.png
10550.5,1360.7808669805527,0.07159892754151098,1.0053475935828877,188,187,0.5077848634340031,0.3001052451928547,0.038461538461538464,0.0700348183687823,3.7454610319626145,161.70750460641716,7.656997755401665,0.22870398575657794,0.03739022275837387,0.9566357137941621,183.9888990752551,40.69585628495416,183.4095384247449,47.5392362357871,182.74143016581633,50.289632533608156,75.95129145408163,53.079076218383285,41.87942442602041,24.280900142339988,199.49557557397958,43.05077931194488,10550.5,1360.7808669805527,0.2662553153903421,0.07159892754151098,CIN1,CIN1_0148.png
407.5,94.32590079307556,0.5755400556685821,1.173913043478261,27,23,0.8670212765957447,0.6561996779388084,0.038461538461538464,0.16386021981038543,1.1285507441061187,36.9638844433939,0.9052320839016694,0.9489189959785703,0.9411176272739346,0.8963754433524944,251.9816047512755,18.301258576208433,252.94866071428572,12.645490789237938,254.3245176977041,6.563652228670245,5.175003985969388,23.27563249324843,2.772281568877551,15.864342955685776,254.32455755739795,6.563413414593388,407.5,94.32590079307556,0.00818791002340838,0.5755400556685821,CIN1,CIN1_0149.png
20671.0,3610.7862516641617,0.01992359893043255,1.12,224,200,0.5247512185215272,0.46140625,0.038461538461538464,0.06944802520610768,3.7759006827744273,197.0973527884644,9.823725413076145,0.134123581702905,0.018184771483379793,0.8483744420069516,50.37741151147959,20.077752621123544,96.51869419642857,30.516415314581426,111.5484693877551,25.876046776205385,98.19220344387755,8.043957069512592,141.58446269132654,28.601852540217482,111.7094427614796,26.016058101446248,20671.0,3610.7862516641617,0.7005931198102017,0.01992359893043255,CIN1,CIN1_0161.png
13005.5,1261.550418496132,0.10268989113552277,1.1333333333333333,170,150,0.7061107039118277,0.5100196078431373,0.038461538461538464,0.10671003878420057,2.800892946980876,128.48231628103812,5.205212539331283,0.35316794804603024,0.08558295000747007,0.8967903960743134,203.06108498086735,21.19773724679219,222.70182955994898,27.935690140794918,226.3543925382653,28.856756854035133,91.16864636479592,25.82035296585219,29.35678411989796,12.8411256650007,228.37545838647958,26.974022507137924,13005.5,1261.550418496132,0.3498876797460352,0.10268989113552277,CIN1,CIN1_0175.png
8045.0,790.1219246387482,0.16193759553971548,0.6073619631901841,99,163,0.7054232978210355,0.4985437194026151,0.038461538461538464,0.08256337652882549,3.472918494196213,152.06114653244666,6.753355393429379,0.2834036235696734,0.04966338272659519,0.938843733460983,205.93498883928572,38.48661204512873,212.42843191964286,37.620087004812596,234.04348692602042,27.506875702778053,114.1216119260204,14.600500806642069,38.60040656887755,26.524351414256042,234.94887994260205,26.183860386573215,8045.0,790.1219246387482,0.1909520305713133,0.16193759553971548,CIN1,CIN1_0217.png
5664.0,715.6955193281174,0.13895574664286625,1.179245283018868,125,106,0.6150504940818764,0.42747169811320757,0.038461538461538464,0.05799293081336058,3.7980838211389516,295.1501334213567,9.149535943602714,0.44462923584643854,0.3844463242331017,0.9455141039745614,228.8388073979592,45.61583861801895,203.09721779336735,59.11082641393545,214.21878985969389,58.25981254886972,70.40935905612245,75.77420527493754,39.38510443239796,45.0842729769832,233.92631935586735,41.18526987809856,5664.0,715.6955193281174,0.12724658519051044,0.13895574664286625,CIN1,CIN1_0203.png
2552.5,369.4041087627411,0.23505644927549862,0.686046511627907,59,86,0.7711480362537765,0.5030547891210091,0.038461538461538464,0.09357439371028807,3.1690451252791894,43.31377754161742,3.430263907402808,0.3921903051406018,0.08250158799452627,0.9173745943301059,128.25227200255102,20.752948803195544,147.28146922831633,15.887554172768182,143.8382493622449,10.848876772672588,83.64359454719387,13.002179377029252,37.32330197704081,22.886376305800862,148.89215959821428,12.695850489453191,2552.5,369.4041087627411,0.053597488634812646,0.23505644927549862,CIN1,CIN1_0029.png
1973.0,697.3523732423782,0.050983821245535486,2.9411764705882355,150,51,0.40318790231940327,0.25790849673202615,0.038461538461538464,0.08103307953871004,3.5178868338443157,313.52565085598917,11.153946550080516,0.14835433704134865,0.02339797338271269,0.8181431111438179,118.42069913903062,35.089823713919685,163.34512515943877,30.37288079040661,167.3534159757653,25.097197800198902,92.92456552933673,11.673941955032253,81.01263552295919,35.64525750719545,169.0290975765306,24.891640770433465,1973.0,697.3523732423782,0.04093106238200942,0.050983821245535486,CIN1,CIN1_0015.png
1459.0,341.01933205127716,0.1576547851702628,1.3928571428571428,78,56,0.5748620961386919,0.3340201465201465,0.038461538461538464,0.11674698984441355,2.3569577366073453,69.87814759613894,2.8742151898366286,0.5005057663539961,0.14581391840848143,0.8747497826513977,211.33129384566325,18.061883144789746,238.7042012117347,17.671746154044403,246.38442681760205,13.488638004333847,96.29890784438776,6.120669185774208,37.247628348214285,11.480351637817824,246.8234414859694,13.049780562235552,1459.0,341.01933205127716,0.029948477944044174,0.1576547851702628,CIN1,CIN1_0001.png
34138.5,2492.515050292015,0.06905239087345152,1.0,224,224,0.6931464016324376,0.6803750797193877,0.038461538461538464,0.1151651972334388,2.395351274815466,2157.1356996231216,32.51657825190901,0.045748635533193076,0.012344896440808495,0.4272830636835311,135.38881138392858,51.53598879344595,93.59295280612245,46.54373048027771,120.01118064413265,53.54771921913205,158.9041374362245,20.980776409280313,98.6002272002551,56.45001004743283,135.4460299744898,51.55573893698341,34138.5,2492.515050292015,2.128667186282151,0.06905239087345152,CIN2,synthetic_CIN2_1.png
29460.0,1892.812390089035,0.10333024670339076,1.0821256038647342,224,207,0.6846545353133933,0.635351966873706,0.038461538461538464,0.0406395542963498,4.211510308096227,103.84528886245762,6.950608182466471,0.1809689829054585,0.021249723448739016,0.9621098377720759,120.5179368622449,48.83316833277288,70.52252072704081,32.545323378509416,80.02734375,39.35793799540899,139.59434789540816,66.89823012232941,105.90896045918367,29.11970113185643,120.56339684311224,48.79897917575106,29460.0,1892.812390089035,1.422089206410504,0.10333024670339076,CIN2,CIN2_0048.png
43181.5,1490.2711993455887,0.24433009930536392,1.0,224,224,0.8710162175246087,0.8606006855867347,0.038461538461538464,0.07735368721949394,3.4639123839776396,897.3119831710359,19.92243154799217,0.092619018139579,0.013455155120841535,0.8783130155212772,99.00904815051021,86.56321302708385,93.15800382653062,54.672134019394925,101.3349609375,62.590508017334805,106.39690290178571,49.918032038998724,126.44230309311224,60.629068176848605,122.20721061862245,73.59730612741431,43181.5,1490.2711993455887,6.173636428622489,0.24433009930536392,CIN2,synthetic_CIN2_3.png
15049.5,2854.8237067461014,0.023204560451017427,0.4375,98,224,0.7060355140625366,0.6855639577259475,0.038461538461538464,0.08840521775227299,3.262795437838956,743.3962503004034,17.48875690720336,0.10954785933217709,0.01600360310155052,0.7853616887989476,120.51861447704081,56.72919128855792,87.7515943877551,44.75439100288999,124.45398198341837,51.54830311366488,144.59709821428572,37.73418451474611,124.48883928571429,49.85464037791684,149.95300542091837,46.826621120121345,15049.5,2854.8237067461014,0.4284372197628571,0.023204560451017427,CIN2,synthetic_CIN2_2.png
8332.0,825.09248650074,0.15379912356691897,1.696969696969697,168,99,0.7162382876300181,0.5009620009620009,0.038461538461538464,0.08646512087020186,3.3126007773780506,65.92583356260369,4.043450704088851,0.41288676685879705,0.11817703294480286,0.9570396652326869,176.75219228316325,29.777409756943687,182.8591159119898,29.783198699810065,185.81531010841837,25.060404337693605,96.8753587372449,26.995889153740187,25.213767538265305,26.98605182629958,190.48513233418367,21.644480960676905,8332.0,825.09248650074,0.1991205429691234,0.15379912356691897,CIN2,CIN2_0049.png
29568.5,3149.205517053604,0.037465984600936704,1.0,224,224,0.5984193802999332,0.5892956792091837,0.038461538461538464,0.10502408466158568,2.85777238817999,811.2001100018803,17.941920415092767,0.10763246735277342,0.014961094374387342,0.8806555729210561,124.44194435586735,69.00662778321784,93.78121014030613,57.85949967038247,86.93010602678571,58.00964865924011,95.75251116071429,77.75874873411574,96.06371572066327,59.56851207773412,124.6314772002551,68.74079812098189,29568.5,3149.205517053604,1.434841683852966,0.037465984600936704,CIN2,synthetic_CIN2_6.png
20383.5,2478.5882058143616,0.04169460502574708,0.9241071428571429,207,224,0.7804985449532853,0.4396027432712215,0.038461538461538464,0.10449528555743617,2.7965973600311416,1369.083881566447,25.009662816205143,0.1098364648308629,0.016758851750098606,0.7593674066884066,102.3550103635204,55.73292871472044,111.86820392219387,64.31867325872003,108.18476961096938,61.771358520248164,74.84095982142857,43.63420464450848,123.92446588010205,71.88461832905263,138.2919323979592,52.16196517515617,20383.5,2478.5882058143616,0.6841822606360661,0.04169460502574708,CIN2,synthetic_CIN2_7.png
43700.0,2153.4297037124634,0.1184213212933471,1.0,224,224,0.8810128623845813,0.8709343112244898,0.038461538461538464,0.09258543264099221,3.2219685956587467,680.2663921305127,18.70351019999103,0.06534351206009865,0.010460658661584903,0.856528173857752,114.71410634566327,54.77436502385139,128.7424465880102,48.98098702749544,112.11870216836735,55.09306413043224,56.12065529336735,29.124212222492726,77.54930644132654,45.37974294936402,133.11798469387756,51.1251796179148,43700.0,2153.4297037124634,6.747992588017294,0.1184213212933471,CIN2,synthetic_CIN2_5.png
37562.5,2641.436844229698,0.06765250634946263,1.0,224,224,0.7679608276087667,0.7486148756377551,0.038461538461538464,0.08456211847646661,3.27268523453295,1118.804428359001,21.407530690064,0.11058456565098664,0.013541731327573518,0.8417230655647494,124.35279815051021,66.62357681681094,112.68006616709184,58.7766567127289,119.48594945790816,65.25936407976269,98.7826849489796,58.67533867168964,51.2197265625,45.19856332503469,129.90967793367346,67.01615025155601,37562.5,2641.436844229698,2.97796012209141,0.06765250634946263,CIN2,synthetic_CIN2_4.png
4167.5,684.423440694809,0.11179843447640021,2.253968253968254,142,63,0.7290937718684395,0.4658506595126313,0.038461538461538464,0.10647424631218477,2.786429612586079,75.6257459389913,3.6560257339264446,0.43344360399992016,0.11658893075300807,0.9007458626623559,214.36369977678572,15.717566268502384,228.8192362882653,25.13582065683881,239.56989397321428,20.763380322313584,102.36065051020408,15.845180587639188,33.12362484056123,16.12961450836123,242.12948421556123,14.091391622623906,4167.5,684.423440694809,0.09058108827716617,0.11179843447640021,CIN2,CIN2_0014.png
29046.5,1489.2905324697495,0.16456778190133167,1.0980392156862746,224,204,0.8244936771739593,0.6356464460784313,0.038461538461538464,0.039841065347879484,4.17894366367996,52.84923664769309,5.160652372086011,0.20308711410379296,0.023330249919050503,0.9616070242832067,125.60764110331633,29.911055645173963,85.3362962372449,30.216991122233214,84.57764668367346,31.754736826432428,80.4604193239796,78.92049280336963,92.65539301658163,50.03779908933121,127.37846779336735,28.505925505324292,29046.5,1489.2905324697495,1.3746894152724862,0.16456778190133167,CIN2,CIN2_0028.png
5024.0,603.1025927066803,0.17357097529922194,0.9479166666666666,91,96,0.7389321959111634,0.575091575091575,0.038461538461538464,0.09769368163695247,3.059122506178814,128.13319249294528,5.2258432016862875,0.3886231951469849,0.10282716934511199,0.9253975685504157,199.14481026785714,20.023863617443975,200.05729830994898,35.32367143910887,211.08324697066325,32.692489863012135,116.32427853954081,26.43978506367312,28.958486128826532,17.92577243120608,215.01632254464286,25.924107385727485,5024.0,603.1025927066803,0.111268603827073,0.17357097529922194,CIN2,CIN2_0029.png
2375.5,487.428493976593,0.12564438121778496,0.425,51,120,0.6846807897391555,0.38815359477124184,0.038461538461538464,0.09499479742697027,3.1552585459191578,360.806726117359,11.240268039129713,0.14031634350513217,0.02573878186451431,0.7916782549594823,177.13107860331633,24.824605918178538,142.7917330994898,34.43898949369931,229.2284159757653,41.269450115609985,132.12460140306123,10.232030852069501,99.95151068239795,20.39199271914744,231.7366270727041,36.290042793723735,2375.5,487.428493976593,0.049696132885639274,0.12564438121778496,CIN2,CIN2_0015.png
8368.5,1010.2224304676056,0.10304418062371896,2.6987951807228914,224,83,0.6212694877505568,0.45011295180722893,0.038461538461538464,0.06990498001162343,3.766225790707887,118.537717751216,7.451633000922145,0.16440874072721728,0.023541213636796097,0.9510249894998248,141.21727519132654,27.76743772143341,118.72064333545919,39.80010921782327,134.7400350765306,37.94378536422832,145.07174744897958,27.430647892848288,53.46370774872449,38.50955631749679,144.8797233737245,29.572940597451005,8368.5,1010.2224304676056,0.20016743407283383,0.10304418062371896,CIN2,CIN2_0001.png
2722.5,841.0752427577972,0.04836242321909335,0.3968253968253968,50,126,0.5874420110044234,0.43214285714285716,0.038461538461538464,0.1132623419705404,2.562332456520252,475.33537513950887,12.752516333157756,0.1245135643634219,0.020515838292133822,0.8020362343372336,201.74272560586735,32.072242573899196,139.32942044005102,39.209855740362705,217.52293925382654,49.919663936319964,143.27780213647958,13.974027757599497,99.97163982780613,24.581307647397242,225.216796875,39.63515391383202,2722.5,841.0752427577972,0.057371953596678855,0.04836242321909335,CIN2,CIN2_0017.png
18905.0,2282.1992540359497,0.04561203275872994,1.0717703349282297,224,209,0.5776311166109048,0.40381493506493504,0.038461538461538464,0.04728033777360347,4.132336085533138,355.52961087174407,12.78020471665998,0.12677633468354066,0.015307058878732644,0.9278536166088407,129.81672512755102,48.74325866774523,112.97831632653062,51.93817044592383,125.94487404336735,51.35155861100436,134.53138950892858,42.86470788922189,52.18437101403061,34.39423029581685,135.91804846938774,49.29178457524587,18905.0,2282.1992540359497,0.6045537398867961,0.04561203275872994,CIN2,CIN2_0003.png
15774.0,1120.8569866418839,0.15777976105129607,1.1073825503355705,165,149,0.8098367388848958,0.6416107382550336,0.038461538461538464,0.06780870199063556,3.796608302340188,185.20769109116947,8.508771443324164,0.2197699635388897,0.03651263639233581,0.9430077002736088,153.57934072066325,42.95336624998857,143.63364955357142,46.320272417594836,155.28693000637756,36.62146281020107,117.30500637755102,38.151983744596016,56.25111607142857,41.686206287844804,169.18120216836735,32.54665586008322,15774.0,1120.8569866418839,0.45851985349688973,0.15777976105129607,CIN2,CIN2_0002.png
18818.5,1706.6875015497208,0.08118706683165738,0.8916256157635468,181,203,0.7097437251315318,0.5121655825599434,0.038461538461538464,0.06849246159044772,3.787292337018801,165.12677330042237,7.998318488824367,0.2258563286107841,0.04292486082622811,0.937201152417904,172.09715800382654,36.64503519995186,149.8455038265306,42.73053339532178,156.52660634566325,39.24961015515902,113.71412627551021,57.52327429142045,47.894112723214285,45.605537421073905,178.27375637755102,30.523027492668533,18818.5,1706.6875015497208,0.600127561189508,0.08118706683165738,CIN2,CIN2_0016.png
10641.0,802.5483303070068,0.20761078766552346,1.1914893617021276,168,141,0.7559676044330775,0.4492147922998987,0.038461538461538464,0.08998802347593103,3.2379522427302994,77.18300486991501,4.41412558996986,0.3910687890683849,0.08834286744175954,0.9452264390082061,214.65216438137756,20.242837877889794,214.94128667091837,36.78133182722975,227.41553730867346,32.26683371541217,112.26273517219387,29.415549304078443,40.63524394132653,26.43437218955514,237.6950135522959,17.881069791697122,10641.0,802.5483303070068,0.26915391425319335,0.20761078766552346,CIN2,CIN2_0012.png
29913.5,1704.5453664064407,0.12937786059640538,1.103448275862069,224,203,0.8320630858668744,0.657844387755102,0.038461538461538464,0.054962825339675,4.039312747831371,132.063588271711,8.028224708793179,0.17231941161892475,0.01997784727210027,0.9367749366028152,105.38663903061224,32.33579593941546,82.96916852678571,35.865156583881394,81.62049585459184,31.660381125014414,79.017578125,74.66645358404398,69.38458625637755,44.07079764264665,106.73078762755102,32.00977206726112,29913.5,1704.5453664064407,1.4762985811227638,0.12937786059640538,CIN2,CIN2_0006.png
22333.0,1221.2001329660416,0.18818423769363185,0.8125,169,208,0.7743892924634616,0.6353265817023214,0.038461538461538464,0.05499660858462474,4.009170924647102,84.80614983105164,6.063897182481878,0.21291602941196502,0.022138189095172484,0.9699951470630953,154.86555325255102,33.47147419976096,123.78764748086735,43.299430578874954,131.21785315688774,44.375192145122874,118.72526705994898,65.10107792431178,62.8889309630102,49.280406597502775,158.26789700255102,31.475936093204172,22333.0,1221.2001329660416,0.8021046582623998,0.18818423769363185,CIN2,CIN2_0007.png
1211.0,220.65180146694183,0.31256406914042606,0.8,44,55,0.7319431852523421,0.5004132231404959,0.038461538461538464,0.10937125480581737,2.6826330860140843,48.22719727470695,2.7406777001053984,0.4560351548758868,0.11211960972171595,0.8790367042625636,215.62276785714286,9.705956486537463,232.77933673469389,19.150933847358342,242.25845025510205,16.738577443451806,101.30428890306122,13.949416434037966,32.137137276785715,12.195083131445926,244.0099250637755,10.78010942772481,1211.0,220.65180146694183,0.02473195139385275,0.31256406914042606,CIN2,CIN2_0013.png
1865.0,453.24472737312317,0.11408358993673179,2.159090909090909,95,44,0.6228084822173986,0.4461722488038278,0.038461538461538464,0.09379785658637758,3.194133722670293,148.66080386066957,7.2966139213527645,0.20697394686948745,0.041871530889919954,0.8637549372799755,136.7877869897959,25.45653791820791,121.8480149872449,25.42370263470564,115.75418526785714,20.25553438771111,36.92787388392857,51.99874095032537,44.97245695153061,25.011631515899033,137.94499362244898,23.01762863817555,1865.0,453.24472737312317,0.03860404462751754,0.11408358993673179,CIN2,CIN2_0039.png
12486.0,798.1219244003296,0.24631718493829027,1.9626168224299065,210,107,0.7905033238366572,0.5556742323097463,0.038461538461538464,0.09364701324556673,3.1919465139411454,125.88911277822316,5.666361832723515,0.36219948038758915,0.08666014064685497,0.9575626927194891,130.52537069515307,39.32047561711836,138.05606265943877,40.44444849293731,130.4006497130102,32.44632376337449,63.84420838647959,31.38850402818671,36.89429209183673,29.471557992304444,142.45796795280611,34.964553432009765,12486.0,798.1219244003296,0.3312815070310427,0.24631718493829027,CIN2,CIN2_0005.png
14862.5,1297.4671589136124,0.11094531914386259,1.4834437086092715,224,151,0.7139425963732436,0.43940692999053926,0.038461538461538464,0.05495170179629366,4.008773006518213,99.7969860431929,6.296704620753006,0.23328203606988768,0.025561489147148682,0.9568363950066638,122.91276705994898,34.024273269310704,93.82280373086735,36.511639781366945,89.16095344387755,35.08978102499018,43.90326052295919,67.41775188349581,74.78465800382654,44.81575452972209,123.08320711096938,33.834873443236,14862.5,1297.4671589136124,0.42087303722372466,0.11094531914386259,CIN2,CIN2_0011.png
2877.0,471.7888847589493,0.16242553889273142,0.4065040650406504,50,123,0.669848661233993,0.4678048780487805,0.038461538461538464,0.09243077962398884,3.2185895345554534,306.2915936066255,10.787574254835897,0.13944322258034983,0.025231860049076148,0.8386231295479615,146.2985690369898,27.603749003519138,141.4412468112245,33.50783442755654,216.66155133928572,41.512555936721945,122.61762595663265,8.478875982262718,95.23814174107143,12.991842641210122,216.79328762755102,41.21242780499362,2877.0,471.7888847589493,0.06082581027083025,0.16242553889273142,CIN2,CIN2_0010.png
13297.0,2446.306900024414,0.027921686860943557,0.8660714285714286,194,224,0.41389507104726625,0.30598766568483066,0.038461538461538464,0.08596174345138505,3.3987923422631505,525.4324928845335,14.491575127681752,0.11710623338909953,0.015333945448129289,0.9021041813361389,210.18849649234693,45.08442406608786,171.1726522640306,59.57664057655758,139.279296875,58.97694712380322,20.065011160714285,22.71260449647438,94.63534359056122,49.19113735515389,213.08344626913265,45.07071612188229,13297.0,2446.306900024414,0.36055749884758265,0.027921686860943557,CIN2,CIN2_0004.png
5081.5,904.1046802997589,0.07812038212965979,0.6296296296296297,102,162,0.5317045097834049,0.30752239167271844,0.038461538461538464,0.10293805134057998,2.9228244425626078,248.24492216562206,8.978133694548415,0.18341464463569992,0.030929806629863648,0.9216998452047369,180.67040019132654,36.233208053930134,176.86633051658163,45.98488169694702,241.05410953443877,35.43476387229169,120.56164301658163,7.599857838744023,76.3131178252551,29.956314389460726,241.20388233418367,35.15574922651317,5081.5,904.1046802997589,0.11268558249897438,0.07812038212965979,CIN2,CIN2_0038.png
10115.5,2470.6916768550873,0.020823806235758326,0.7351598173515982,161,219,0.3777259148618372,0.28689129016704956,0.038461538461538464,0.08998816030695511,3.291351488722235,732.2322656637987,17.907002114786348,0.08499732067943164,0.012609688375924945,0.7556312602110395,186.94913903061226,39.19231801044295,109.68373325892857,41.388701316680624,182.86772560586735,58.09049425213966,148.34659996811226,20.79306011271874,119.35275829081633,27.055744615336334,200.2450573979592,45.78971498633584,10115.5,2470.6916768550873,0.2525055853022304,0.020823806235758326,CIN2,CIN2_0021.png
8198.5,983.903669834137,0.10642388386589913,0.7368421052631579,112,152,0.6700858193706579,0.48158482142857145,0.038461538461538464,0.09021197808070484,3.252010175419757,46.87279839012766,3.5222213530364503,0.422014911012963,0.10775498867306124,0.9359441717210538,151.25316884566325,17.450385775986117,149.24362244897958,23.593341562547835,142.99471859056123,17.421196249719912,61.47118144132653,47.26264128260854,27.094308035714285,24.985077551502695,156.51719945790816,14.493749722833543,8198.5,983.903669834137,0.19530700970758144,0.10642388386589913,CIN2,CIN2_0035.png
22836.0,1090.1219252347946,0.24147921160412808,0.7366071428571429,165,224,0.7666302979437684,0.6178571428571429,0.038461538461538464,0.051167393654913094,4.059711106040918,85.99268895022303,6.13010956100038,0.22652632859852134,0.027721591191552753,0.9375572978328951,112.68504862882654,29.582678070560107,85.43339445153062,26.82506165216102,80.38048070790816,24.696068344362633,38.4489596619898,64.50820799240627,74.59408880739795,31.937308362984236,112.7549824617347,29.475056795574986,22836.0,1090.1219252347946,0.8352596927578639,0.24147921160412808,CIN2,CIN2_0009.png
17521.5,1545.0895229578018,0.09223034893785852,1.265536723163842,224,177,0.688508163545985,0.44192645278450365,0.038461538461538464,0.07591335020346406,3.6329629369737226,134.58588179676397,7.368303260043978,0.23276032349957698,0.04553315287350626,0.8906366523625717,146.43142139668367,28.266796756768045,124.76737882653062,30.43526150389663,123.27816087372449,23.454903703627544,74.2923509247449,67.54650887687227,51.341477997448976,38.92369704390275,149.42600047831633,24.854351415292903,17521.5,1545.0895229578018,0.5365722947832611,0.09223034893785852,CIN2,CIN2_0008.png
14880.5,1445.3494079113007,0.08951208854713477,0.7142857142857143,160,224,0.671093873317248,0.41519252232142856,0.038461538461538464,0.047693919642322044,4.102416935915606,273.74836765299233,10.444208364979207,0.17869288145994805,0.021603584567213743,0.9425724475228971,153.77483258928572,44.71324006672636,131.8302375637755,53.279143863523586,141.80450813137756,53.08621960527089,123.90973772321429,55.46152676491258,52.19192442602041,44.06758586398276,158.57455755739795,44.92190269080286,14880.5,1445.3494079113007,0.4215976540918814,0.08951208854713477,CIN2,CIN2_0034.png
17871.0,1169.283392548561,0.16425521084713562,0.8518518518518519,184,216,0.7431387225548902,0.4496527777777778,0.038461538461538464,0.05594680658418787,3.8943036924133274,227.0095253745177,8.80658540613919,0.23845252868905975,0.0433053653973646,0.9653977490411644,154.49170918367346,52.77237912531069,165.18648357780611,61.528663794160614,180.76124043367346,55.1969105382165,108.6274115114796,24.36167032268794,51.39066485969388,25.67416116578865,183.23979591836735,53.919918737227974,17871.0,1169.283392548561,0.553196099674973,0.16425521084713562,CIN2,CIN2_0020.png
7158.5,998.6732218265533,0.09019554422688154,1.4153846153846155,184,130,0.5530147939279231,0.29926839464882943,0.038461538461538464,0.09208757952928248,3.20582622259258,81.89780308857434,4.697094882470986,0.40130470934350965,0.11222377585758904,0.9122448392874456,154.50446428571428,19.073342412499148,147.98580994897958,28.319783935666955,141.2057955994898,22.646975562430235,62.13482541454081,49.70648641429796,35.120874521683675,33.937385455239585,160.40190529336735,16.207395568528433,7158.5,998.6732218265533,0.16640901958505258,0.09019554422688154,CIN2,CIN2_0036.png
11342.5,1156.3544609546661,0.10659496508615086,0.8392857142857143,141,168,0.7477914029535865,0.4788289429246876,0.038461538461538464,0.0980509074263032,3.0706157939408794,285.3257588233913,10.177377268816848,0.14895056053079442,0.023728304350943915,0.8902266092485239,172.8011399872449,25.877683275075512,144.85056600765307,45.03418697313654,218.79761240433675,51.978130779013725,130.37615593112244,19.314980910754958,97.8192362882653,28.33440695566063,226.3972018494898,39.61720478129557,11342.5,1156.3544609546661,0.2920802915008949,0.10659496508615086,CIN2,CIN2_0022.png
12101.5,2180.843916654587,0.03197421573073574,0.7941176470588235,162,204,0.5194222680058375,0.366179496489954,0.038461538461538464,0.0561084173635534,4.024081829129372,405.9207553649561,13.844260774458986,0.11044176727898501,0.015203255748701553,0.8820615413888361,137.39229910714286,40.690623504764005,104.38261320153062,44.04224471833084,126.97843590561224,43.700537515987854,154.41940369897958,16.815123166926696,70.92103794642857,36.36581964777928,139.62527901785714,40.84284617734989,12101.5,2180.843916654587,0.3178373977333911,0.03197421573073574,CIN2,CIN2_0023.png
2720.0,505.18585336208344,0.13392954916329336,1.0365853658536586,85,82,0.6570841889117043,0.3902439024390244,0.038461538461538464,0.1108534043299222,2.595436863875954,53.35629860712807,2.959297281875797,0.47755236850280114,0.1292495013363209,0.9083725382916216,213.03665098852042,13.860023056794944,231.9659199617347,21.68795566991683,241.36320153061226,17.572480536678263,100.29510124362245,14.30562746885631,34.371073820153065,13.035287707476222,243.0966198979592,12.386620358022915,2720.0,505.18585336208344,0.057316250842886045,0.13392954916329336,CIN2,CIN2_0037.png
8201.5,962.531086564064,0.11124323859947195,1.9238095238095239,202,105,0.6158438145297541,0.3866808109382367,0.038461538461538464,0.10323842101117771,2.8416869073612023,42.19169021541118,2.985360099626423,0.4893235365612951,0.14996443831144818,0.9479021560300849,153.84343112244898,18.391182956754776,154.11316167091837,25.220506123591424,145.57049186862244,18.71115804094425,59.0358737244898,39.98924526260568,29.221859056122447,28.17699921809928,160.95493861607142,14.687054321974419,8201.5,962.531086564064,0.19539244064848896,0.11124323859947195,CIN2,CIN2_0033.png
12056.5,1322.9230027198792,0.08656891584372033,0.7527472527472527,137,182,0.6347697896648854,0.4835365364562445,0.038461538461538464,0.07732780961774018,3.6085702896625005,301.79647551093007,11.2378795812281,0.12901963034384922,0.01566157730448521,0.8888666145561881,166.98995535714286,32.697987418922395,113.66834741709184,40.70692631280252,180.32585299744898,57.57632992132494,144.4954759247449,17.006842165011125,108.09157764668367,22.566344841325943,192.96655771683675,47.751213698448765,12056.5,1322.9230027198792,0.31628169309670906,0.08656891584372033,CIN2,CIN2_0027.png
3551.0,491.3868634700775,0.184804887277604,2.411764705882353,123,51,0.7293827667659444,0.5660768372389606,0.038461538461538464,0.08901909888750204,3.269370872619511,28.997789550266376,2.816196030829544,0.43618890068225846,0.1079548657080643,0.9658426857179196,154.79663584183675,16.033944924141377,145.8277662627551,24.444823118867394,136.2969347895408,19.97761470888168,36.828045280612244,44.961323545121225,34.210319674744895,21.932127253070423,156.16332509566325,16.244741686789745,3551.0,491.3868634700775,0.07616085790884719,0.184804887277604,CIN2,CIN2_0026.png
9713.0,1314.8813718557358,0.0705976276541188,0.5566037735849056,118,212,0.5274504480043443,0.388271506236009,0.038461538461538464,0.07386640259959455,3.672455561078861,160.40016502689596,8.401070083390229,0.15750566741109695,0.021266840543113386,0.8894597974580147,109.2455755739796,30.3349518477754,88.017578125,27.647374590534223,83.56586814413265,24.166821924351222,45.038105867346935,65.15002082945237,64.45659279336735,27.646447897978444,109.61419802295919,29.852607352844117,9713.0,1314.8813718557358,0.2400464622000346,0.0705976276541188,CIN2,CIN2_0032.png
1312.5,357.74725461006165,0.12887140306617687,1.880952380952381,79,42,0.6214488636363636,0.39556962025316456,0.038461538461538464,0.11407771225338262,2.5711785396753495,329.04030940483426,8.501516217876025,0.2465817420574683,0.05476433850619415,0.830448590771006,197.23688616071428,25.67245961684417,204.7517538265306,37.78601066735789,246.09434789540816,30.43559890564075,114.74170918367346,11.442160718713701,57.63046077806123,18.39627330648847,246.38881138392858,29.31336608267222,1312.5,357.74725461006165,0.026860540075925792,0.12887140306617687,CIN2,CIN2_0018.png
15219.0,1339.7097990512848,0.10655516677786316,1.4088050314465408,224,159,0.6571669149556318,0.4273079514824798,0.038461538461538464,0.059528502874502696,3.953173284076238,189.15747619776653,9.284986718410824,0.18687717893289948,0.027502916391046624,0.9207955584505818,108.01835538903062,35.619392934678864,112.45499840561224,36.606050284871536,110.72634327168367,30.494027459285356,78.7934869260204,41.52024381377568,37.276646205357146,27.09237069039522,118.47510762117346,32.610673299129196,15219.0,1339.7097990512848,0.4353634465200103,0.10655516677786316,CIN2,CIN2_0024.png
14542.0,1338.8224965333939,0.1019501811385626,1.1470588235294117,195,170,0.701800106172482,0.43867269984917046,0.03846153846153846,0.08005577524209562,3.525991317595863,117.59039775501265,5.81844486735838,0.32929060802955473,0.07520171988946403,0.9486316127023068,133.62338568239795,32.355985534197465,133.22108179209184,36.103764275704606,121.03443877551021,34.38973028830517,41.65377869897959,28.23172616042002,40.770428093112244,29.451679040456554,139.80897241709184,31.551946861923106,14542.0,1338.8224965333939,0.4080933939495987,0.1019501811385626,CIN2,CIN2_0030.png
15269.5,1505.266147017479,0.08468531185323974,0.47767857142857145,107,224,0.6903184972535545,0.6370786048064085,0.038461538461538464,0.062153748432517635,3.915148266650137,113.10130178463726,7.0967278223619354,0.20157364170153408,0.02769604105247763,0.9210105334543104,101.7711256377551,33.25887512184823,75.08428332270408,26.02542746617775,72.71372767857143,21.00496952879087,69.73395647321429,79.12749929367591,76.56806042729592,24.384496438649325,101.86627072704081,33.123453912157764,15269.5,1505.266147017479,0.4374400183346941,0.08468531185323974,CIN2,CIN2_0031.png
8110.0,830.0630501508713,0.14791375230127246,0.576271186440678,102,177,0.6357543213263827,0.44920793176027474,0.038461538461538464,0.05719696088095789,3.9030385255764246,70.79637100680429,5.2286596057567,0.27649109881393374,0.03666930904468109,0.9575535789912326,202.2293327487245,26.901369385698967,191.9600207270408,36.034436643775415,205.25444435586735,36.99311561973006,122.51092155612245,38.0919975758236,40.67281170280612,33.750112655035956,218.1846699617347,21.235356997261697,8110.0,830.0630501508713,0.19279227879998098,0.14791375230127246,CIN2,CIN2_0025.png
1566.0,364.33304154872894,0.14825334564789816,2.0,92,46,0.6031195840554593,0.3700378071833648,0.038461538461538464,0.10275356063836258,2.837338612351382,65.03462694815957,3.4452544959777094,0.4762307253394366,0.1351776020287396,0.9065717604038561,186.79392538265307,17.381856343203356,197.3011399872449,23.007199515972736,197.8209303252551,19.26607075564542,92.40708705357143,21.353980501438475,24.891123246173468,20.197126329153672,202.9295878507653,13.905333633156493,1566.0,364.33304154872894,0.032215593499279986,0.14825334564789816,CIN2,CIN2_0019.png
25497.5,2190.4175119400024,0.06678111388882903,0.7678571428571429,172,224,0.7174411570224679,0.6617914244186046,0.038461538461538464,0.08819150446493916,3.33124064077303,857.198572471423,19.617584809389353,0.08420613037131502,0.014125494347259761,0.8299126890354454,227.76707987882654,36.61990110389068,168.11084980867346,62.52820368956634,134.92707669005102,58.142661448453566,17.808753188775512,25.510762501735453,109.10100446428571,51.3506781050474,228.4627311862245,36.74881186563071,25497.5,2190.4175119400024,1.0331867820167353,0.06678111388882903,CIN2,CIN2_0042.png
26571.5,1838.9473875761032,0.09873868232875761,1.0,224,224,0.5438237431053714,0.5295659279336735,0.038461538461538464,0.08651413055389143,3.2377450170861457,841.8081080420684,15.696553107951143,0.1559552224204846,0.020648844954112327,0.9019651958443616,122.1206353635204,88.30660709001705,110.24808673469387,65.36457342986718,82.98848054846938,67.8765185186899,66.7573541135204,42.95638453482941,161.96623883928572,83.47284478498263,142.92386798469389,76.28570738546932,26571.5,1838.9473875761032,1.1256963714545956,0.09873868232875761,CIN2,synthetic_CIN2_14.png
45944.5,1235.0508573055267,0.37850682136399333,1.0,224,224,0.9249204815396385,0.9156668526785714,0.038461538461538464,0.08582999655135562,3.342340752827858,1092.4806852662764,21.331068068390334,0.08859321112137684,0.012484143104800798,0.8931255397771416,115.72347337372449,79.39325353964543,69.58244977678571,85.09279370219615,115.7549824617347,76.2792401376172,101.59050143494898,57.838686676984054,204.37737165178572,50.165349496383826,163.98610889668367,71.23222977551015,45944.5,1235.0508573055267,10.857733664185277,0.37850682136399333,CIN2,synthetic_CIN2_9.png
30715.5,2904.220675945282,0.045762340420404425,1.0,224,224,0.6240387643359983,0.6121552136479592,0.038461538461538464,0.09539455595303065,3.101230744660061,624.9758417485909,16.84043686837446,0.10522415655336981,0.015803354090428386,0.7538819611493257,107.23909837372449,70.79557953128493,114.98080755739795,31.054610634026865,117.83633609693878,31.239857407625497,63.780931122448976,55.27491228244502,123.25532126913265,84.9032504886777,143.7125318877551,29.392024335628484,30715.5,2904.220675945282,1.5783510187302485,0.045762340420404425,CIN2,synthetic_CIN2_8.png
12016.0,2124.34139084816,0.033459632115861164,1.6470588235294117,224,136,0.47694841923512016,0.3944327731092437,0.038461538461538464,0.08441909835774052,3.4138852533710056,1232.449623325176,24.13958782995984,0.05860955576961861,0.00994462565149037,0.7303395518023799,155.39821827168367,66.53009358338882,91.57726801658163,49.507440809134344,90.48666693239795,53.140413257791856,78.16551737882654,75.62537374177245,139.15844228316325,63.081661721902016,161.5899433992347,61.763317847649105,12016.0,2124.34139084816,0.3148846960167715,0.033459632115861164,CIN2,synthetic_CIN2_15.png
4303.5,621.0264716148376,0.14022047891017347,1.9333333333333333,145,75,0.6578766337995873,0.3957241379310345,0.038461538461538464,0.0945561322997303,3.1323533088100004,55.71121129351589,3.6739896643855596,0.4332053409737346,0.11794729511366145,0.9187140845333346,155.06544961734693,18.236094624429885,153.16280691964286,23.298249182818918,145.54777184311226,17.81561661045442,56.029575892857146,43.596570457132344,28.670061383928573,27.519273331606634,160.84333147321428,13.976070443999017,4303.5,621.0264716148376,0.09381437680527549,0.14022047891017347,CIN2,CIN2_0043.png
33598.5,2123.706833600998,0.0936139614921832,1.1487179487179486,224,195,0.7974958461903632,0.7691964285714286,0.038461538461538464,0.06349143767237053,3.8885189701684055,195.76137447978994,9.816347035038094,0.13804551631719061,0.018739542794798114,0.9131873562461978,106.33683434311224,33.5513844045713,75.99868463010205,37.749088208571024,76.4190449617347,34.37997388662541,86.10096460459184,77.91099650230899,85.27495216836735,49.79804694073085,107.37450175382654,33.436093850828804,33598.5,2123.706833600998,2.026753129241442,0.0936139614921832,CIN2,CIN2_0041.png
16436.0,2588.2480268478394,0.030831468698016798,0.8616071428571429,193,224,0.5261119380291609,0.3801813471502591,0.038461538461538464,0.07617140021608698,3.5423883462052883,961.1775849450837,20.07883352094966,0.0808798916059632,0.011454731361077719,0.8856344776404907,112.05626195790816,74.53480866505411,124.39331552933673,69.15767649302221,158.04418447066325,69.86014338198265,114.69383769132654,20.427044936360087,114.12141262755102,70.65253582571523,160.9441764987245,70.54514949304193,16436.0,2588.2480268478394,0.4871369294605809,0.030831468698016798,CIN2,synthetic_CIN2_17.png
20401.5,5199.83117890358,0.009481858635037995,1.0,224,224,0.462718726256223,0.40659877232142855,0.038461538461538464,0.09539037561956264,3.111451489202568,934.5266490338488,22.629346184475637,0.05459499199952382,0.010772161961253808,0.6746420565118897,134.62276785714286,47.49941799245681,96.18355389030613,41.76500113071883,143.56371572066325,46.25501091099015,141.8401426977041,14.02987200105963,96.27959582270408,33.12673950663523,148.67703683035714,48.07543568579555,20401.5,5199.83117890358,0.6852004231809098,0.009481858635037995,CIN2,synthetic_CIN2_16.png
3169.5,601.8548994064331,0.10995551566300779,1.2173913043478262,112,92,0.5075666586596205,0.3075989906832298,0.038461538461538464,0.08967898957471719,3.293687010432967,436.7094646337737,12.87895529306661,0.13228676436957426,0.02262981182760709,0.8687385972999626,221.34367028061226,30.844318853463797,187.85969387755102,48.37120715403888,156.15206473214286,52.24786960775894,20.282126913265305,21.168852136325373,79.77044802295919,47.90466682279078,222.45073341836735,29.93269721664969,3169.5,601.8548994064331,0.06742684522353291,0.10995551566300779,CIN2,CIN2_0040.png
15739.0,1570.243849158287,0.08021448464161902,0.9252336448598131,198,214,0.5865538702344129,0.3714481261210233,0.038461538461538464,0.03977770504788625,4.220505713845187,203.52823584944585,10.03837965097818,0.13075998261930816,0.015106111579761992,0.9451077394346894,150.51899314413265,43.768833386999766,111.18287627551021,44.832837266219094,122.79368622448979,49.641853118017565,135.02947624362244,60.57349178855764,75.17476482780613,41.168989931354545,152.5975566007653,43.67828087954356,15739.0,1570.243849158287,0.457037488747568,0.08021448464161902,CIN2,CIN2_0050.png
16590.5,1149.9280544519424,0.15766235160780132,1.028735632183908,179,174,0.7663225478648468,0.5326687215051692,0.038461538461538464,0.07624836524427304,3.6173070634131355,132.63782857643773,7.00075381010127,0.23180049367075853,0.03974245986769784,0.9419851991671675,163.7805325255102,37.09929816841372,162.33539939413265,38.15931735955428,170.39676339285714,31.1966308417498,109.17083864795919,35.68427019139649,41.76385124362245,37.89124318961985,179.54422433035714,25.29821177508952,16590.5,1149.9280544519424,0.4939780560063122,0.15766235160780132,CIN2,CIN2_0044.png
24497.5,2382.500771522522,0.05423323745918737,1.0467289719626167,224,214,0.6336079247869437,0.5110459779706275,0.038461538461538464,0.0636405111725829,3.7166895626091665,943.6749040452303,16.460253076757898,0.21281800060210412,0.018262132509664467,0.9060726133043142,116.5074537627551,81.44986911283249,121.4564134247449,71.95245198534101,136.06576849489795,63.094590852540335,61.49404097576531,53.61817718786432,83.69216358418367,85.97830654069602,145.63277264030611,63.69921281759766,24497.5,2382.500771522522,0.9540082169908678,0.05423323745918737,CIN2,synthetic_CIN2_12.png
18101.0,2350.7677965164185,0.04116166816364631,1.0,224,224,0.4568479234758906,0.36075015943877553,0.038461538461538464,0.10071798871758098,2.919959226976245,1307.3211005798314,22.32776438209359,0.16171829472027804,0.030668862742151547,0.8375685688159422,132.45254703443877,76.54224156888489,99.56363600127551,63.367310120545774,84.56154336734694,58.73167931648859,65.78696986607143,71.28574111404482,98.92885044642857,49.37125486234225,132.74005500637756,76.12264562851334,18101.0,2350.7677965164185,0.5643335931410756,0.04116166816364631,CIN2,synthetic_CIN2_13.png
14539.5,2177.0449256896973,0.038550015168379546,0.5714285714285714,128,224,0.5746156582223452,0.5070975167410714,0.038461538461538464,0.0902709693259181,3.2823107326183614,736.1775794957973,16.841297604470203,0.12672494620814853,0.02395395821178595,0.8895489494072413,217.7472297512755,45.866641326458414,178.1462850765306,67.56649400284951,146.46398676658163,63.22836350194233,20.590601084183675,24.966628766545632,92.31449298469387,51.24999636415445,219.15134725765307,46.22524215593627,14539.5,2177.0449256896973,0.4079946122655143,0.038550015168379546,CIN2,CIN2_0045.png
18056.0,2324.4246500730515,0.04199527845903216,1.341317365269461,224,167,0.6285594931421012,0.48267750213857996,0.038461538461538464,0.07532592825225116,3.6589874524165147,156.63097962133722,8.08835235639227,0.1756458319868523,0.023399227203751642,0.8646040028749493,121.44624920280613,30.775542706835736,87.65943877551021,27.320735026282758,78.38472576530613,25.32461336739336,31.473513233418366,51.65546829057445,88.67942841198979,49.40371214672126,122.03515625,29.938167699636452,18056.0,2324.4246500730515,0.5621419676214197,0.04199527845903216,CIN2,CIN2_0051.png
8828.0,1405.6753083467484,0.05614384554123512,0.5267857142857143,118,224,0.5111606496627197,0.33398910411622273,0.038461538461538464,0.08942471749137658,3.309085979770883,365.1543317500695,10.656273855516257,0.18116947994993884,0.024939877810821156,0.89386376472626,183.94040975765307,32.43711716809135,148.44933832908163,47.4314348927416,203.58444276147958,60.88882740515394,135.68062420280611,27.44070565903377,84.34530452806122,24.518777804735752,214.72088249362244,47.523268996651446,8828.0,1405.6753083467484,0.2135048853632582,0.05614384554123512,CIN2,CIN2_0047.png
40105.5,2285.3291977643967,0.09649754455144188,1.0,224,224,0.8089863842662632,0.7992964764030612,0.038461538461538464,0.09884510340554219,3.049361319139525,351.0787272004424,13.736480703430928,0.08214861216331401,0.01401455545773369,0.8315871147389003,156.46251195790816,49.65442549823696,92.80357142857143,51.97029872856442,117.60762117346938,85.6330559163833,81.64351482780613,60.77569513690734,154.28023357780611,67.52134645631149,193.2386399872449,34.46883023238736,40105.5,2285.3291977643967,3.982473561392185,0.09649754455144188,CIN2,synthetic_CIN2_11.png
1585.0,1041.969685435295,0.018345475068642873,0.7254901960784313,74,102,0.3457678883071553,0.20998940116587175,0.038461538461538464,0.09684346881507716,3.015656382641389,2932.2849000157803,40.25103777552273,0.04976878870726236,0.009058716578334972,0.5420819832289171,148.8649752869898,77.97424053399726,88.89323580994898,63.08010803083613,68.7798150510204,40.91599893882859,45.8723294005102,60.821716295361426,171.47407126913265,45.574560257059915,158.5178770727041,64.8750804818585,1585.0,1041.969685435295,0.032619209318598096,0.018345475068642873,CIN2,synthetic_CIN2_10.png
2778.0,579.4701236486435,0.10396328803449387,0.5118110236220472,65,127,0.5222786238014664,0.33652331920048456,0.038461538461538464,0.09125072457068949,3.223135629006165,192.41382224951553,7.1027676274100155,0.3346894765838851,0.09325888728704963,0.9282665935784289,177.74170918367346,30.31929447015509,172.42221380739795,42.85358765027226,171.47512755102042,41.64872877677032,82.10190130739795,47.06550065190662,35.7841796875,33.614400060967675,187.49577487244898,30.959216991303634,2778.0,579.4701236486435,0.05861006793535592,0.10396328803449387,CIN2,CIN2_0046.png
354.5,197.72286915779114,0.1139494663883631,0.625,25,40,0.5898502495840267,0.3545,0.038461538461538464,0.12098810909889564,2.237793595722323,396.2117215836025,10.986840594775002,0.1327280687029676,0.02949694108167857,0.7021261112970507,198.2971739477041,24.773390146695046,171.38855229591837,31.413556295672695,241.76163903061226,31.395393024788294,131.07836415816325,8.731442000214118,76.29890784438776,18.550242777333466,242.30311304209184,30.089960964280564,354.5,197.72286915779114,0.00711540198508676,0.1139494663883631,CIN3,CIN3_0048.png
2653.0,487.58787405490875,0.14023012494770046,0.7,70,100,0.6029545454545454,0.379,0.038461538461538464,0.08512992925376005,3.42103767011535,457.65910273226973,13.20021535355546,0.1281994955390095,0.020090223284553135,0.8401925887779784,158.05935108418367,35.273062243741286,154.20661272321428,43.06084380559917,224.8087930484694,43.24125061735271,122.46518255739795,12.717054566214554,92.19383769132654,21.063132415817407,225.70772879464286,41.61100266689454,2653.0,487.58787405490875,0.05582560023567536,0.14023012494770046,CIN3,CIN3_0049.png
6315.0,721.6955187320709,0.15236148668317087,0.421875,81,192,0.6107054784584884,0.4060570987654321,0.038461538461538464,0.07207579112209059,3.7183483910671558,282.0298771574111,10.401146251511056,0.14868078736271859,0.02318430192503246,0.9067660743548153,139.95218829719389,31.956888328645096,142.31305803571428,41.989730717613604,217.16075414540816,54.410949322645244,120.72869499362245,14.620814286432935,101.51604352678571,15.60981857181704,218.78559470663265,50.827990739503704,6315.0,721.6955187320709,0.14397756549098287,0.15236148668317087,CIN3,CIN3_0014.png
1867.5,261.9238796234131,0.34207417223927217,1.3148148148148149,71,54,0.7188221709006929,0.48708920187793425,0.038461538461538464,0.09106956365391627,3.244315159220161,89.46118755909339,4.4703003663819585,0.3529458876037177,0.08480586162327744,0.9046323725332983,207.27871890943877,21.888892780436606,221.28061224489795,23.897039533741353,235.03563456632654,20.80954671880117,104.57912149234694,12.195260061934896,32.88345025510204,14.316614472632299,235.85596699617346,18.46383025302256,1867.5,261.9238796234131,0.03865779314199364,0.34207417223927217,CIN3,CIN3_0028.png
7182.0,769.9554055929184,0.1522383681538403,0.3169642857142857,71,224,0.6615696389093588,0.4515845070422535,0.038461538461538464,0.08826991370833201,3.1907019205911697,841.9484971509966,17.326737383945346,0.1516107492802035,0.0156694996030788,0.8607474970875014,123.43919403698979,85.54090240205156,111.64817841198979,54.19484771565953,135.57999840561226,55.41145357225159,91.41107302295919,57.83219383397899,143.3460618622449,86.2690497880196,172.03724888392858,39.981016147928266,7182.0,769.9554055929184,0.16704656463692608,0.1522383681538403,CIN3,synthetic_CIN3_3.png
12328.5,1262.0113145112991,0.09727329032283696,2.174757281553398,224,103,0.6313727498527641,0.5343489944521498,0.038461538461538464,0.09520597537616263,3.0682412791257976,748.1032541831726,18.014408489756843,0.12648386507566894,0.018439140716451623,0.8266033202103006,113.0870137117347,65.70038856384718,65.00717474489795,43.69197031071876,86.48975605867346,57.33113700304282,129.44836176658163,57.144962329618906,119.08986367984694,57.51442701882271,117.09893176020408,65.85076279916059,12328.5,1262.0113145112991,0.325741462447982,0.09727329032283696,CIN3,synthetic_CIN3_2.png
11501.5,960.9919821023941,0.15650377565496598,1.6115702479338843,195,121,0.7573253440442483,0.4874549692731511,0.038461538461538464,0.05695742356631907,3.9968466572761674,196.5683421796541,9.436436431466491,0.17311714708916467,0.024324705631601457,0.9046003303405457,112.32380022321429,34.667016330233864,111.98363759566327,34.335698070073136,109.49402104591837,29.239970060472228,69.96267139668367,43.06425658690479,41.39483019770408,33.28170391653941,121.40939891581633,30.565727772706108,11501.5,960.9919821023941,0.29739233862105524,0.15650377565496598,CIN3,CIN3_0029.png
16170.0,1496.5037356615067,0.09073279164450171,1.0360824742268042,201,194,0.5471896044127103,0.414679181412525,0.038461538461538464,0.07193394260213706,3.7018024807728023,274.05061389810044,9.656080952786525,0.22999804885019628,0.03560921452610113,0.9391779983143211,177.1803651147959,43.38693689766067,175.89640465561226,52.472075130633286,188.09978874362244,47.31395143036958,110.11896125637755,36.5823655587124,40.80560427295919,28.75945866203763,195.06483179209184,42.74732864157151,16170.0,1496.5037356615067,0.4755043227665706,0.09073279164450171,CIN3,CIN3_0001.png
26911.0,2019.6063290834427,0.08290987382272133,1.0,224,224,0.7354540734060288,0.5363321109693877,0.038461538461538464,0.08459131238892659,3.437363237084415,550.0716712957221,15.616559627651219,0.10630883349445965,0.014787737841253168,0.8769654948117136,225.2976921237245,31.634864877159757,158.37069515306123,58.00622792665902,118.69256218112245,63.01670239275387,15.11766581632653,19.524116197707556,125.10959422831633,61.499041794876995,225.44981664540816,31.663539160671718,26911.0,2019.6063290834427,1.156716097141629,0.08290987382272133,CIN3,CIN3_0015.png
17187.0,2923.634889125824,0.02526758115315504,1.2513966480446927,224,179,0.5643037725317661,0.42864624900239423,0.038461538461538464,0.1086392439829901,2.710990055291516,716.7643326849409,17.70667741335525,0.07733651896640975,0.013622356473939078,0.8177167623795362,187.78152901785714,41.00510442601793,121.34414859693878,49.299715605120646,198.78930165816325,61.321746182487836,145.7979113520408,13.065989504606549,112.78948102678571,31.398712888899105,209.24216757015307,51.05640591793547,17187.0,2923.634889125824,0.5209918457667707,0.02526758115315504,CIN3,CIN3_0003.png
13811.5,1311.550418496132,0.10089757561806026,0.5446428571428571,122,224,0.7329777636257496,0.5053973946135831,0.038461538461538464,0.09252935819094978,3.228540176107493,612.615770942512,15.341378253069621,0.11681297796829482,0.014156783087923567,0.8454141900492493,237.0056600765306,30.531156455654543,156.25368702168367,56.33804012551884,143.40638950892858,53.1786775473559,51.34295280612245,72.46900733855493,108.98832110969387,46.40551607253294,237.1458067602041,30.53094850998395,13811.5,1311.550418496132,0.3798072295782975,0.10089757561806026,CIN3,CIN3_0017.png
1094.5,327.32084810733795,0.12837436085126425,0.9,45,50,0.7137267688294751,0.48644444444444446,0.038461538461538464,0.08258969685372015,3.346299381054397,2695.3227943220904,36.47050259335897,0.05792179313898715,0.01318151044588961,0.5116493396423365,96.47084263392857,58.06692796301772,91.67976721938776,59.31862362807727,56.721061862244895,40.648721484337294,33.2097018494898,27.945024182086186,114.60596699617346,52.44505950850198,98.72397161989795,57.95767400769158,1094.5,327.32084810733795,0.022299644468893574,0.12837436085126425,CIN3,synthetic_CIN3_1.png
8416.5,1345.6925542354584,0.05840495489664526,0.8653846153846154,135,156,0.6012859439185568,0.39964387464387463,0.038461538461538464,0.09840052613696365,3.056092136996598,507.32546371733895,14.497775866645297,0.10389620614082953,0.016047185391515513,0.8543799605110171,236.15852200255102,26.08005954095794,181.0305723852041,54.49104895388388,156.0676817602041,47.228827893211374,23.514409279336736,40.26133330856521,89.9281927614796,43.24458203208738,236.59223533163265,25.83122094952324,8416.5,1345.6925542354584,0.20154695338785186,0.05840495489664526,CIN3,CIN3_0016.png
2985.5,702.6244515180588,0.07599419536029357,2.509433962264151,133,53,0.6256942261343393,0.42353525322740815,0.038461538461538464,0.11244508600666231,2.620797456441802,355.2951692700228,9.363240562418383,0.21849254645340266,0.051513070911034325,0.8267652040372394,203.94529257015307,23.077432646693627,189.3607102997449,41.42863408830625,244.75687579719389,32.149336874105416,125.34052136479592,11.497004805539001,64.00438456632654,29.591994954813032,246.31012834821428,27.685134263987813,2985.5,702.6244515180588,0.06326485203589706,0.07599419536029357,CIN3,CIN3_0002.png
2663.5,292.49242103099823,0.39123106387686285,0.7307692307692307,57,78,0.8848837209302326,0.5990778227620333,0.038461538461538464,0.11529437372283556,2.51173014208065,345.3384087861913,8.810167729710331,0.21120639307434336,0.03779604489458653,0.8547884798681857,195.96388711734693,26.84247503990401,194.3107461734694,41.900401326609995,243.8792649872449,34.440662178912895,119.7192681760204,11.420864110399405,62.22939253826531,23.0298899457396,244.42191485969389,33.02765649269774,2663.5,292.49242103099823,0.05605893186003683,0.39123106387686285,CIN3,CIN3_0006.png
26461.5,1312.4133359193802,0.19305588881476354,0.9230769230769231,192,208,0.8056109478939918,0.66259765625,0.038461538461538464,0.05977465563282405,3.915321977596977,110.54343653609418,6.709061875154988,0.24153850577955732,0.03895279432340319,0.9651609945848391,171.64783960459184,31.76959090398264,131.6726921237245,49.515945259642514,135.38325095663265,49.3400184632798,103.94463488520408,69.01398618610506,71.39086415816327,56.929737965446975,175.1336296237245,30.81417487446023,26461.5,1312.4133359193802,1.115836302684012,0.19305588881476354,CIN3,CIN3_0012.png
1911.0,597.5289990901947,0.06725933618335508,0.9805825242718447,101,103,0.2980116959064327,0.1836970104777468,0.038461538461538464,0.09200003539271029,3.0691956159126947,607.0655947991592,15.031390832312844,0.1283212265113727,0.027362069892367936,0.8858479611917714,147.92833227040816,78.38120188266265,116.49031409438776,48.379756416585344,76.71906887755102,36.8623389267192,42.37850765306123,40.690141401517046,146.7051379145408,57.51632880729768,157.54884805484693,67.78675071202763,1911.0,597.5289990901947,0.03959390862944162,0.06725933618335508,CIN3,synthetic_CIN3_10.png
2273.5,688.0802956819534,0.060342955861007845,0.8641975308641975,70,81,0.6294296788482835,0.40097001763668433,0.038461538461538464,0.07504151728746339,3.562102340358756,330.12581956415517,12.254328141469296,0.14158439638779746,0.020173302231424734,0.8339203279495051,123.24675143494898,48.20747140388766,87.5006178252551,40.5899063446477,110.20623405612245,39.771229242031964,114.8885722257653,49.639669413509466,115.59620137117346,45.17277666905824,135.01733896683675,43.283993391628684,2273.5,688.0802956819534,0.047460988466155214,0.060342955861007845,CIN3,synthetic_CIN3_5.png
37634.5,2190.3931254148483,0.09857161657149703,1.0,224,224,0.7692755815379584,0.7500498246173469,0.038461538461538464,0.057480844469042086,3.8955532267474764,1025.1642515279461,20.465019215198957,0.0972998933261992,0.014560553100565516,0.85785130926404,144.57856345663265,54.266481831419775,103.34418845663265,63.050147241308714,112.70669244260205,69.26785403441225,117.45454001913265,75.94339209129038,91.97720025510205,49.093464393089135,144.8020169005102,54.504875689515714,37634.5,2190.3931254148483,3.0007973527887413,0.09857161657149703,CIN3,synthetic_CIN3_4.png
17057.0,1365.0235072374344,0.1150355974849545,1.138157894736842,173,152,0.7735776321458536,0.6486537876483115,0.038461538461538464,0.08074758025591133,3.5239385316422864,518.8765361983837,13.513150323175395,0.165338355950571,0.03102938513293358,0.937661989218072,181.86104910714286,57.518956092720536,181.90658880739795,72.97807185213915,169.37838807397958,50.28361445890903,75.60881696428571,51.648334914394944,48.08330676020408,29.970485913041287,194.1832350127551,59.46342323908205,17057.0,1365.0235072374344,0.5150215888160874,0.1150355974849545,CIN3,CIN3_0013.png
2913.5,522.0559097528458,0.13433551779235292,1.55,124,80,0.6453649352087717,0.29369959677419355,0.038461538461538464,0.08122310609704649,3.5131685792663534,265.17051172383475,10.402283929567691,0.138545137906439,0.02483854691823462,0.8847681692965808,189.91137197066325,35.280402061117435,188.23575015943877,37.08874629680413,208.32565369897958,30.947430256230632,120.25450414540816,20.524525281608298,37.048130580357146,24.110615145373334,210.73991549744898,28.014859415667146,2913.5,522.0559097528458,0.06164506744247553,0.13433551779235292,CIN3,CIN3_0007.png
16186.0,1788.7535163164139,0.06356944196786486,1.0706521739130435,197,184,0.6677392739273927,0.4465349812403443,0.038461538461538464,0.0491637467545008,4.058047937529015,148.75011915648957,7.939285894196705,0.22058297787982803,0.04424990280713227,0.9440845506505761,131.71769371811226,33.77207686022208,111.8511041135204,40.37425675149516,99.53999920280613,40.30966009060232,27.118064413265305,33.5619597999841,68.42466517857143,50.50295056402481,133.41934390943877,33.62818909394189,16186.0,1788.7535163164139,0.47619888202412475,0.06356944196786486,CIN3,CIN3_0039.png
16558.5,2147.8144793510437,0.04510631253879598,1.1666666666666667,224,192,0.5547979628760973,0.385009765625,0.038461538461538464,0.06404042261698567,3.8763679479499253,159.34435292699013,8.417608253185232,0.1722428010695641,0.024334103437574757,0.9185735411930458,106.58795041454081,33.74173234513312,92.7061543367347,32.53696985395537,90.28125,27.060004465581596,64.29791135204081,68.2617231192861,49.19901945153061,27.235427418925998,107.8897480867347,32.559145824941496,16558.5,2147.8144793510437,0.49255596043727223,0.04510631253879598,CIN3,CIN3_0011.png
28002.5,1971.3393026590347,0.09054905220889312,0.7857142857142857,176,224,0.7933393772841885,0.7102906858766234,0.038461538461538464,0.08807640834059341,3.3536769578089034,285.69639399045354,10.567712733081844,0.14332859521354377,0.01781858118044294,0.9246443900309027,179.6389708227041,37.72543499286991,110.98786272321429,46.67997687360107,190.19965720663265,63.05244425811984,146.46484375,13.66684764301079,119.26835538903062,28.700386148494207,201.2551817602041,51.53089721323404,28002.5,1971.3393026590347,1.2628813673980201,0.09054905220889312,CIN3,CIN3_0005.png
41508.5,1466.6143471002579,0.2425018439179701,1.0,224,224,0.8390640792399434,0.8272580516581632,0.038461538461538464,0.0963080662682701,3.0114840940214305,708.4771465364618,15.402637887309632,0.1883003083993562,0.02541013779031406,0.9030080148778433,102.51546556122449,73.01020309541161,107.91187021683673,56.639527529849545,120.57575334821429,57.89480387701729,98.66181042729592,38.92907116455655,87.46010044642857,53.70532970420972,125.76409040178571,59.88126181156246,41508.5,1466.6143471002579,4.7889818286703205,0.2425018439179701,CIN3,synthetic_CIN3_6.png
12158.5,2752.7404450178146,0.020163194313865627,1.0,224,224,0.28928490702958637,0.24231704400510204,0.038461538461538464,0.09798862914695249,3.0759353437473744,867.8564407715489,19.34117590500951,0.10641847491075458,0.01738254895798434,0.7936917569047717,110.5082708864796,54.10940047292028,75.63159677933673,42.42075658043531,120.40256297831633,67.22296074630114,137.7106385522959,41.055462191869694,108.04272959183673,37.94347425152801,126.71532206632654,64.44515069878318,12158.5,2752.7404450178146,0.31981324390083515,0.020163194313865627,CIN3,synthetic_CIN3_7.png
29216.5,1634.6631164550781,0.1373983524578113,0.8973214285714286,201,224,0.8021662731316237,0.6489094705046198,0.038461538461538464,0.08380216618355688,3.454329088092096,472.2365641372155,14.198510350146258,0.12011653324568616,0.016742784809592536,0.8931054795528812,223.8944316007653,31.162045165816693,157.28019371811226,57.40368863860876,117.78192761479592,65.28617155774226,14.303989955357142,16.506301605446026,125.31839923469387,64.98398412714505,223.99764827806123,31.17901623115895,29216.5,1634.6631164550781,1.3939502373625325,0.1373983524578113,CIN3,CIN3_0004.png
13260.5,1631.3737922906876,0.06261275328782252,0.7767857142857143,174,224,0.5741470384482161,0.3402221880131363,0.038461538461538464,0.07333889191827415,3.6923759871527424,557.3971007434831,16.090586419455676,0.09010708184674562,0.011136190992525944,0.9046748109882716,169.25470344387756,55.691261427354675,117.41189014668367,59.28760594052395,106.49346301020408,52.996496340414815,49.493522799744895,69.12917755817624,104.62378427933673,47.84788006204435,170.09386957908163,56.03902788033114,13260.5,1631.3737922906876,0.35921225501483117,0.06261275328782252,CIN3,CIN3_0010.png
19589.0,1381.7341842651367,0.1289356831973439,1.3176470588235294,224,170,0.7359029264810849,0.5144170168067227,0.038461538461538464,0.05839834441634208,3.979086419483226,230.95888701544098,10.228909907038831,0.12916198641718576,0.014953168527419212,0.9253625337553363,158.5037069515306,39.81473541167098,111.08262914540816,43.024731255322166,117.73325892857143,47.721025511392526,119.44100765306122,73.3510448793352,82.7239915497449,49.9914725985223,159.46667729591837,38.91915799020156,19589.0,1381.7341842651367,0.6404354791251186,0.1289356831973439,CIN3,CIN3_0038.png
5197.0,875.4600182771683,0.08520987869151743,1.0,102,102,0.663051798928298,0.499519415609381,0.038461538461538464,0.10859680859919804,2.672166205131014,42.24115807997211,2.7876194228950784,0.5002126341635569,0.16327688760214432,0.9076386262352607,158.36639030612244,11.04057506130889,158.20671237244898,21.131535968920737,148.677734375,15.94752396156527,54.51684072066327,37.10267072081427,26.670738998724488,25.340363726297404,164.66489955357142,10.079615329505554,5197.0,875.4600182771683,0.11554280886635986,0.08520987869151743,CIN3,CIN3_0035.png
17719.5,1672.4276151657104,0.07960982458920778,0.9583333333333334,161,168,0.7942580515027231,0.6551131322094055,0.038461538461538464,0.10111543434340334,2.96856830034324,549.299306325178,14.854612615475137,0.11091984519885038,0.018242902941591647,0.9066286323158005,156.37611607142858,45.740369480593635,144.23433514030611,61.169064648839914,212.23301977040816,60.38718569140249,124.66432158801021,13.855732715801581,93.89231903698979,34.553681939583356,213.09962930484693,58.98008350436155,17719.5,1672.4276151657104,0.5459461124890238,0.07960982458920778,CIN3,CIN3_0021.png
18306.5,1229.1828869581223,0.1522587196464434,1.0,188,188,0.7500819470621978,0.5179521276595744,0.03846153846153846,0.054675296605360954,3.971004422289429,78.49835360608235,5.5547691173507205,0.26376980486917456,0.04078327025137834,0.9666234346849961,143.59753667091837,26.61962519387946,116.91408242984694,40.17870997231944,99.13113839285714,41.79972176062044,20.852399553571427,22.993951306756735,84.39955357142857,57.64755595607558,144.69473453443877,27.066912835145843,18306.5,1229.1828869581223,0.5744206843533787,0.1522587196464434,CIN3,CIN3_0009.png
5114.5,705.737147808075,0.12904081314409171,1.5056179775280898,134,89,0.6318487862128606,0.42885292637933925,0.038461538461538464,0.10593219038192318,2.765470283403785,33.96635003816851,2.5229534873132082,0.5145858771791338,0.15961864131444983,0.9402922197370429,151.54940609056123,18.246353031816657,160.36067044005102,18.528791816434918,148.9961535395408,15.225937294190782,55.710718271683675,21.63577559573163,26.28025350765306,19.455644520253987,162.32358099489795,13.877397363505837,5114.5,705.737147808075,0.1135004382898927,0.12904081314409171,CIN3,CIN3_0008.png
6457.0,634.5584361553192,0.2015103725690779,1.72,129,75,0.7773430446036237,0.667390180878553,0.038461538461538464,0.0994171230161089,3.0303256130255622,414.66473336071044,10.913648842922314,0.17198675156754242,0.031173940444265767,0.9366114649860029,196.2936463647959,53.363293112278335,202.8181600765306,63.61571943708044,182.7974928252551,44.45953416159306,60.96211336096939,40.465528094870024,42.98016980229592,23.7725755640982,209.6633848852041,52.86529116630943,6457.0,634.5584361553192,0.14769322262631807,0.2015103725690779,CIN3,CIN3_0020.png
8170.5,925.8204091787338,0.11978570622469494,1.8468468468468469,205,111,0.5863714654801205,0.35906394199077124,0.038461538461538464,0.10535534631188871,2.7707710670235826,39.5293407110249,2.632281018468276,0.5117275513407432,0.14239623021316664,0.9371276386815888,150.6632453762755,20.154784522506198,158.83322704081633,19.2281571488614,147.65043048469389,16.114367583248505,54.22915338010204,21.17179825482908,28.0543287627551,20.445336790385046,161.5827088647959,14.668176035136945,8170.5,925.8204091787338,0.19451024270631226,0.11978570622469494,CIN3,CIN3_0034.png
15229.0,1440.763620376587,0.09219254052463491,1.0666666666666667,192,180,0.5598279601514539,0.4406539351851852,0.038461538461538464,0.07599746459243033,3.6165519000389823,257.6904839981519,9.129236594410287,0.24976289049982664,0.04274412962905729,0.942669779928501,179.98276068239795,43.21440887120656,180.50430484693877,52.28019254143794,193.01106106505102,46.748262950715265,110.26106106505102,32.814004873505255,39.70232780612245,26.906972545389777,198.93455038265307,42.92733627243925,15229.0,1440.763620376587,0.4357741723180817,0.09219254052463491,CIN3,CIN3_0022.png
16327.0,1687.7829533815384,0.07202496640537683,0.9285714285714286,208,224,0.6415702300724994,0.35042496565934067,0.03846153846153846,0.05297174389153172,3.945370300384112,436.68506843264186,12.789143390786656,0.3412829736987597,0.28708540485213563,0.955205361428883,206.41019610969389,59.213448544345376,177.5332629145408,78.80605953361881,210.60971380739795,66.2049197475994,94.73080755739795,69.77941525436671,56.551100127551024,50.992029974495246,215.4822225765306,59.29994688215133,16327.0,1687.7829533815384,0.4823480752754882,0.07202496640537683,CIN3,CIN3_0036.png
38400.0,4390.9325605630875,0.025028081156514045,1.0,224,224,0.7775325490513698,0.7653061224489796,0.038461538461538464,0.10340045378450682,2.8714027939036675,1627.4695733183435,30.589846535167347,0.037014147932593604,0.009380489066359863,0.5557849035085989,110.6282884247449,55.19089816358342,107.53920200892857,49.90889197926462,76.77764269770408,55.172245606459164,48.18706154336735,33.00013716548353,131.36690848214286,66.65039516520878,127.19989636479592,50.032297652055234,38400.0,4390.9325605630875,3.260869565217391,0.025028081156514045,CIN3,synthetic_CIN3_9.png
29664.5,2062.7951464653015,0.08760617015734272,1.0,224,224,0.6039189739413681,0.5912089445153061,0.038461538461538464,0.0878525182784307,3.231676070556019,1221.906174921806,21.12575441557285,0.1406397755037372,0.02938383409930685,0.8768462387523597,128.41047512755102,73.36378788865248,119.8665696747449,70.76772163762728,162.69070870535714,78.9618330837909,126.32696906887755,8.957835686262557,97.73128587372449,63.8891669397307,162.7969746492347,78.8642730055598,29664.5,2062.7951464653015,1.446237476537552,0.08760617015734272,CIN3,synthetic_CIN3_8.png
15595.5,1506.6631157398224,0.08633300425849395,0.6328502415458938,131,207,0.6914891258562973,0.5751189290850758,0.038461538461538464,0.05138720665644061,4.0846626869340685,93.52150883598833,6.483801377759044,0.2070748771047068,0.02405953427029964,0.9318139538721174,107.60028698979592,30.267049661277674,77.10435267857143,26.542044798533375,71.89445153061224,24.516574812063528,40.43989158163265,66.89470890094617,86.80265465561224,33.11038793957157,107.64397321428571,30.208903401754384,15595.5,1506.6631157398224,0.4509911655412733,0.08633300425849395,CIN3,CIN3_0037.png
20241.5,2759.7698838710785,0.03339695064050402,1.0135746606334841,224,221,0.5777590660634517,0.4088861506140918,0.038461538461538464,0.07243224922791802,3.7045245545657153,128.45986981427183,7.111956360631416,0.25003348540993997,0.0529721536351002,0.89886033833535,154.94826211734693,21.84729463100751,126.33689413265306,34.073317049288626,122.53152901785714,29.388235227048234,67.4403300382653,68.15590617107786,61.15351961096939,46.91447921634682,157.65148676658163,20.25797851072963,20241.5,2759.7698838710785,0.6761930214301224,0.03339695064050402,CIN3,CIN3_0023.png
3648.5,668.6833263635635,0.10253761844518941,0.5220588235294118,71,136,0.5904677132222043,0.3778479701739851,0.038461538461538464,0.0983133403821125,3.0605008463961667,339.4202787389961,11.414019148350668,0.13387088510436373,0.0233867815067672,0.8351408890801229,148.67374840561226,28.727684212106738,140.62147241709184,35.35427410620795,215.85489078443877,42.58562719662703,123.83970424107143,9.160139633634397,95.34779575892857,14.76836295356339,216.11449697066325,42.07619699939895,3648.5,668.6833263635635,0.07841599054322712,0.10253761844518941,CIN3,CIN3_0027.png
2957.5,450.2914105653763,0.18329359607524737,0.2824427480916031,37,131,0.6956368340585676,0.6101712399422323,0.038461538461538464,0.0746147947945962,3.665705304067127,378.4169898261687,12.097803984670309,0.13477127504886513,0.02009469650183912,0.8665966734672325,155.45113201530611,35.2630071754782,151.57238520408163,42.084374878515106,222.23869977678572,45.37688294006777,122.72757892219387,14.004753369983744,93.45776865433673,19.92486410237564,223.4618144132653,43.04371332846775,2957.5,450.2914105653763,0.06263434882514268,0.18329359607524737,CIN3,CIN3_0033.png
33954.0,1210.2295707464218,0.29131663702238825,0.96875,217,224,0.8959666459963321,0.698526991441738,0.038461538461538464,0.05554895720645617,4.025429760966425,816.3239695386891,17.604617701425312,0.1667557480259066,0.03875419504127653,0.931837691668975,168.58344626913265,68.56786295174028,139.7549426020408,86.411167583225,127.48461415816327,77.88166826331728,56.41860650510204,62.34960437913132,84.26985012755102,58.641493682844484,172.89825813137756,70.13194669720693,33954.0,1210.2295707464218,2.093083466896807,0.29131663702238825,CIN3,CIN3_0032.png
13250.5,1569.5991885662079,0.06758722249372015,0.5446428571428571,122,224,0.6876946232094665,0.48486899882903983,0.038461538461538464,0.09681945073343588,3.111957771904692,555.5047976229002,14.032146216636539,0.1280686157625719,0.01582521073971513,0.844189493974772,241.10676419005102,27.571169453784588,163.54848931760205,54.306345576111056,152.43973214285714,50.036530371438886,58.60243941326531,75.75831975582143,102.18235809948979,43.94324201151679,241.19242267219389,27.564543762696,13250.5,1569.5991885662079,0.3588441591853868,0.06758722249372015,CIN3,CIN3_0026.png
11341.0,2059.7484632730484,0.03359176623888982,0.8379888268156425,150,179,0.5902006192917176,0.4223836126629423,0.03846153846153846,0.058704672477753315,3.9782135009853272,284.24896476746716,11.59486975614577,0.1413218443824139,0.019235426067651204,0.857995132565522,107.48652742346938,34.223800383448214,108.24079241071429,34.25494828059544,107.66151147959184,29.12702579796515,77.93008609693878,45.123093041483116,44.57421875,33.05136622740529,118.04974489795919,29.999447219587914,11341.0,2059.7484632730484,0.2920303849620188,0.03359176623888982,CIN3,CIN3_0018.png
37003.5,1675.0407519340515,0.16573029874698925,1.0,224,224,0.8103429397337071,0.7374740911989796,0.038461538461538464,0.04600348791235912,4.157444551754088,128.12793640822483,7.620742940704888,0.17496219748342356,0.02201581715879098,0.9593868522089923,134.48959661989795,38.91096540595277,92.92115752551021,44.587985496512125,102.68781887755102,47.17865887131348,122.52453364158163,64.41038131979305,92.1684869260204,49.020584349453465,138.73064811862244,38.699514694710196,37003.5,1675.0407519340515,2.809147845891061,0.16573029874698925,CIN3,CIN3_0030.png
14089.5,1282.4377210140228,0.10765467100660936,1.1891891891891893,176,148,0.6021797200555615,0.5409052518427518,0.038461538461538464,0.08006777417482777,3.5308144601277864,242.06187781906323,8.55625542501043,0.2693179686999487,0.04969702172931091,0.9436389590098136,183.38333067602042,42.26414829830464,185.2174147002551,51.158908910553066,197.37707270408163,45.59368416658682,108.87699298469387,31.77392149338122,38.916673309948976,26.105752162700217,203.0784837372449,41.75501937775459,14089.5,1282.4377210140228,0.39043686697241353,0.10765467100660936,CIN3,CIN3_0024.png
3624.5,466.6589413881302,0.20915044121165585,2.3653846153846154,123,52,0.7429537767756482,0.566682301438399,0.038461538461538464,0.0897617176575914,3.232169671223795,29.25540188189729,2.7986021636105605,0.44785343469042804,0.09642409199381619,0.9662795618380016,154.3059630102041,15.520912781636342,146.83406409438774,24.952479715936214,137.24418048469389,20.46098704866631,39.93564652423469,45.30086699781673,32.98814174107143,22.636599036045254,156.19489397321428,15.996151290333414,3624.5,466.6589413881302,0.07786000451113283,0.20915044121165585,CIN3,CIN3_0025.png
3327.0,654.5239461660385,0.09759140818828549,0.27388535031847133,43,157,0.6768385718645102,0.4928158791290179,0.038461538461538464,0.10828576103967047,2.745854625617257,533.2770924799668,14.200799632067747,0.11573454320162492,0.019620033988261943,0.8174127392284669,199.42751514668367,29.42236681670171,177.67289142219389,48.36593383387173,235.54958545918367,41.23071563166317,127.8870774872449,16.862194085771137,72.18181999362245,29.197107850400688,237.86212531887756,35.57370719553319,3327.0,654.5239461660385,0.07101538986958099,0.09759140818828549,CIN3,CIN3_0031.png
2686.5,576.0559101104736,0.10173430805315992,0.9425287356321839,82,87,0.5550619834710744,0.37657695542472663,0.038461538461538464,0.07481703106091923,3.6599787324680424,264.9770666142884,10.567576865622366,0.1443749911385882,0.026158247405235223,0.8095095964809493,160.10275829081633,23.689760716393803,134.9352877869898,30.49631467659202,155.6028380102041,26.95992653234373,149.56196189413265,17.53542410500964,46.894610969387756,28.12314786376203,163.56794084821428,23.04351092693154,2686.5,576.0559101104736,0.056570399772581305,0.10173430805315992,CIN3,CIN3_0019.png
1149.5,270.9777022600174,0.19672145499061935,1.7894736842105263,68,38,0.6811851851851852,0.44485294117647056,0.038461538461538464,0.10068451593402064,2.98081460282234,99.06877630161435,4.265310155620294,0.42496048653364993,0.12213252626174484,0.8645088786313658,150.30763711734693,20.0021449909307,154.80482700892858,21.667985320024826,145.4597616390306,18.50079973986564,53.08613679846939,27.71541820045169,26.386838329081634,21.35567281544931,158.84733737244898,16.69199628685906,1149.5,270.9777022600174,0.02344650342161892,0.19672145499061935,CIN3,CIN3_0042.png
1534.5,433.1442217826843,0.10278073199516626,0.6923076923076923,81,117,0.6170084439083233,0.16191832858499525,0.038461538461538464,0.09920441488108846,3.0292601571105564,356.96249246795117,9.49264051262455,0.23918259140378784,0.03801430844114993,0.8492889442059582,178.7683952487245,32.22960439684603,194.23893893494898,40.18345663780882,243.50741390306123,30.482666968811806,112.7122727997449,10.687282827645214,74.10700334821429,23.160646520642167,243.9444355867347,29.127478752259446,1534.5,433.1442217826843,0.03154713567632577,0.10278073199516626,CIN3,CIN3_0043.png
390.5,145.2964632511139,0.23244532514195068,0.3617021276595745,17,47,0.738883632923368,0.48873591989987486,0.038461538461538464,0.10784736193361823,2.768532473636639,322.84574696102607,8.466266967690144,0.19587924574795437,0.03880966613034862,0.7522408640619509,196.98907844387756,24.43099273281662,172.84805484693877,29.331439413249296,242.5655293367347,32.14713963892745,130.0169005102041,8.994353285863198,75.0356146364796,15.498643011598942,243.10309709821428,30.686394520174225,390.5,145.2964632511139,0.007843649255305259,0.23244532514195068,CIN3,CIN3_0041.png
21497.0,2204.6012758016586,0.055581160671219786,1.2108108108108109,224,185,0.606326418367203,0.51875,0.038461538461538464,0.06395700274632621,3.8765091649088093,162.74969351110838,8.10021871996862,0.21719018146898483,0.0333098017526794,0.9311762872346352,121.65828284438776,36.055649538359575,106.9791334502551,37.46764206437186,101.47337372448979,34.39403821916008,48.690748565051024,52.423867893679024,54.930345184948976,41.379517881291434,125.4345703125,34.288357062608476,21497.0,2204.6012758016586,0.7495728581889187,0.055581160671219786,CIN3,CIN3_0040.png
12890.0,1571.4742985963821,0.065591598694519,0.47767857142857145,107,224,0.6795655841417123,0.5378004005340454,0.038461538461538464,0.07518308084962219,3.647047901060726,638.942914354628,17.11365252418107,0.09098661467022955,0.012218205558669076,0.8445783742598489,228.93263711734693,33.02883444091244,152.08364556760205,55.88512967526162,129.71287069515307,55.564416160648875,27.081273915816325,51.28290937325321,115.92699697066327,49.92433121291093,229.09681919642858,32.981330614328954,12890.0,1571.4742985963821,0.3457061631711634,0.065591598694519,CIN3,CIN3_0044.png
3969.5,915.9036697149277,0.05946289811487307,1.1222222222222222,101,90,0.6390565885856878,0.4366886688668867,0.038461538461538464,0.10590144950385422,2.8228197057187505,354.2293875017525,11.999684792338526,0.11910635883095508,0.01922366244970927,0.8095244344916805,183.3303770727041,30.093203412842563,121.62677375637755,33.94328968592996,203.89305644132654,42.4030839331539,142.69451530612244,9.296321134046345,108.9638671875,22.037437839233377,208.7557597257653,37.733067667977195,3969.5,915.9036697149277,0.08590782682090183,0.05946289811487307,CIN3,CIN3_0050.png
21117.0,1486.0773301124573,0.12015981905733761,1.3493975903614457,224,166,0.7564750134336379,0.5679055507745266,0.038461538461538464,0.07126449315630927,3.7386321177387383,152.3893349857042,8.023780074903904,0.19305772245458058,0.027339453757530156,0.9281137087186402,112.54647640306122,30.350854658940698,100.87914540816327,36.727306899653094,97.13113839285714,32.13173763189408,64.78593351403062,61.43484863845305,52.14371412627551,40.1224381387792,115.99960140306122,29.4644507544174,21117.0,1486.0773301124573,0.7266939674455418,0.12015981905733761,CIN3,CIN3_0051.png
16887.5,2346.584030866623,0.03853922742505444,1.0,224,224,0.4436024061572408,0.33656529017857145,0.038461538461538464,0.0713953435153504,3.6817419733466643,168.93227673174047,7.592190793756442,0.2753902399863617,0.04245864693073352,0.9093698254433693,122.51606345663265,30.50555732452116,126.14841757015306,32.73065038486787,118.8026347257653,27.6684603117662,60.628348214285715,37.577046021544554,31.992267219387756,22.404126717345157,130.54406489158163,29.025841817840696,16887.5,2346.584030866623,0.5073073283566397,0.03853922742505444,CIN3,CIN3_0045.png
17064.0,2551.1008384227753,0.03294848540493031,1.2584269662921348,224,178,0.56757970363718,0.42796950240770465,0.038461538461538464,0.10757430110762971,2.765986943110564,640.6302426433094,16.267697644770408,0.09016766644386395,0.015584315007421337,0.8318608406364666,189.83334661989795,39.86762876008456,125.46673708545919,48.364265836514534,202.4366230867347,60.076406306096,145.06267936862244,12.63524875846656,109.77678571428571,29.691527653747716,212.43937340561226,50.12680142180278,17064.0,2551.1008384227753,0.5153418700169123,0.03294848540493031,CIN3,CIN3_0047.png
3936.5,741.8792839050293,0.08987804798083483,1.8513513513513513,137,74,0.5362348453889116,0.3882915762477806,0.038461538461538464,0.08465995573404547,3.435193150883502,104.267120631897,5.588981681869588,0.30843637332806606,0.04598687893207693,0.9108333418911828,134.86027184311226,23.698950475180983,126.20505819515306,26.734733909549327,118.0418925382653,22.874766478454138,35.770149075255105,43.21921923609506,37.25765306122449,23.51291652957098,136.42077885841837,22.61022951661238,3936.5,741.8792839050293,0.08513284096930114,0.08987804798083483,CIN3,CIN3_0046.png
7012.0,843.0336124897003,0.12398295700423376,0.8134328358208955,109,134,0.7435843054082715,0.480076680816103,0.038461538461538464,0.09472021387065102,3.1609361786060113,211.9319181724253,7.223663630920731,0.33565012884287737,0.08937422450294916,0.8976314244655665,190.97905373086735,25.983849886191734,196.04844945790816,36.84946777442582,206.06564891581633,32.79598033876356,110.91770966198979,24.745031623880617,28.15756536989796,15.951169788004249,208.31658561862244,29.837537764806175,7012.0,843.0336124897003,0.16245018997312574,0.12398295700423376,Cancer,Cancer_0026.png
1532.0,368.67618668079376,0.1416375662491837,1.271186440677966,75,59,0.6288998357963875,0.3462146892655367,0.038461538461538464,0.1119941680605514,2.553786181670748,70.71525910239254,3.2503516569532804,0.47959856968813186,0.13511346867861734,0.907088408644673,214.7305683992347,15.316937972422211,231.99133051658163,26.498127742380913,240.77299904336735,22.343023687310282,101.32234534438776,20.215456168394976,37.176837531887756,17.47387805364022,244.72092235331633,12.480095021981313,1532.0,368.67618668079376,0.031494120549296935,0.1416375662491837,Cancer,Cancer_0032.png
8115.5,540.6000671386719,0.3489578363754208,0.7948717948717948,93,117,0.8563363933734304,0.7458413748736329,0.038461538461538464,0.0796603351507889,3.5358656411602527,150.4830279504299,6.624430131672659,0.28408916682470486,0.04922606879023522,0.9428215845720143,131.87942442602042,37.985768609103154,128.3810586734694,38.42987992696099,121.42855149872449,36.10811867707012,49.26538584183673,38.353536790259504,43.13173628826531,36.98677316518438,138.97458944515307,34.2306461713408,8115.5,540.6000671386719,0.19294825311158925,0.3489578363754208,Cancer,Cancer_0033.png
2216.0,340.6761862039566,0.23993636028827797,1.588235294117647,81,51,0.7405179615705931,0.5364318566932946,0.038461538461538464,0.09302605535820113,3.142077568378485,47.10701003433216,3.2800291303707394,0.4328887860986226,0.1063710312736128,0.9540005309324089,210.24461894132654,21.205014822008625,223.6067044005102,25.420101004702538,234.63657924107142,22.61247575474361,103.22468909438776,14.779212451217084,30.799964126275512,15.560926816804578,236.24703045280611,18.542042479628716,2216.0,340.6761862039566,0.04620517097581318,0.23993636028827797,Cancer,Cancer_0027.png
7822.5,1443.9179503917694,0.04714877406194524,0.75,120,160,0.5771784844683834,0.407421875,0.038461538461538464,0.10204392862473845,2.9674808489999163,508.3455808200729,14.449911770917133,0.10836464996939914,0.0188376920090175,0.8489187210000504,214.71338887117346,37.88005993443104,187.1290656887755,48.10627828149305,163.68536750637756,43.58815634529014,29.206333705357142,39.05622113494962,64.30769690688776,38.892310496518775,215.99567522321428,36.3402180638784,7822.5,1443.9179503917694,0.18469547971242045,0.04714877406194524,Cancer,Cancer_0031.png
11912.5,1262.0945738554,0.09397860161859155,0.9027027027027027,167,185,0.704090076245641,0.38558019096941254,0.038461538461538464,0.05662658986007231,3.9879489067500296,138.73410556586754,7.603050866257899,0.22035175046420907,0.0350268009666556,0.9130146137863576,119.32732780612245,30.731564377840904,94.39425223214286,29.949486764560987,91.33687420280613,26.609393187192683,60.54378587372449,74.4679598007015,64.47739955357143,34.46786631655998,119.68931361607143,30.206041264119136,11912.5,1262.0945738554,0.3113280280162557,0.09397860161859155,Cancer,Cancer_0025.png
5408.0,896.9747380018234,0.08446681589037067,1.489795918367347,146,98,0.5887540144793424,0.37797036622868324,0.038461538461538464,0.09867941526592408,3.0687547755689883,398.7853978325084,9.482103639988214,0.26430409126729426,0.08000520064990665,0.8964057294289489,239.66820790816325,29.902227715713533,219.53750797193877,54.53531218606089,190.73028938137756,42.7395664440315,34.6513671875,39.65607494770141,57.160475127551024,33.723522143400096,241.28738839285714,30.109695235876522,5408.0,896.9747380018234,0.12080057183702644,0.08446681589037067,Cancer,Cancer_0019.png
16128.5,2014.0499802827835,0.049964708166197705,1.5033557046979866,224,149,0.5793595200890853,0.4832364573346117,0.038461538461538464,0.0807251657206154,3.526255894610883,144.94442149040714,8.024666361832685,0.16381130495098986,0.02073713341299629,0.9191435703106515,161.16677295918367,30.615546894552352,134.8713926977041,34.280809352308125,147.27576929209184,30.113353154234943,141.70314492984693,44.1169549127394,49.45878507653061,34.696528738418486,165.0764309630102,27.064867502333403,16128.5,2014.0499802827835,0.473705852118364,0.049964708166197705,Cancer,Cancer_0018.png
12837.5,2074.667291522026,0.03747946651613351,0.7899543378995434,173,219,0.47823495445824876,0.3388365402380764,0.038461538461538464,0.10215401197710107,2.9330869232037386,530.3729606560842,13.990969899908412,0.14302103196547805,0.025050581607270438,0.8502883073245202,200.6198182397959,34.829164563281545,138.8683235012755,47.965812084583874,200.89317602040816,66.72889512426181,141.65300143494898,30.136909048365844,99.81232063137755,32.479402452833305,221.62051578443877,45.06335783017501,12837.5,2074.667291522026,0.3438140257375095,0.03747946651613351,Cancer,Cancer_0024.png
12981.0,2218.80228638649,0.033134529221975975,1.1727748691099475,224,191,0.46103849978690153,0.30340781600598354,0.038461538461538464,0.05198181046761303,4.091777157087264,271.6483941483614,11.512764517716825,0.115775529979364,0.014738274316687852,0.8984206652888471,151.61732700892858,45.61180732870978,92.2635722257653,35.06625677235763,98.40158641581633,39.21107866515949,121.30233577806122,78.01567651550356,103.83131377551021,35.51111805809173,151.74180883290816,45.45897203875116,12981.0,2218.80228638649,0.34899852130662723,0.033134529221975975,Cancer,Cancer_0030.png
16232.5,1993.3636883497238,0.05133601935503263,0.6875,154,224,0.6379445863627432,0.47056180426716143,0.038461538461538464,0.06390872347778097,3.874246055739353,222.2039038765636,9.932268012973621,0.15358427935434604,0.019075273600184826,0.9027460778349493,117.86112882653062,33.339312120293094,96.41569674744898,37.94619364350642,93.94441565688776,33.92847273695323,65.93640385841837,69.04874217487645,64.66487962372449,44.974313714721546,119.92109773596938,32.41139702705255,16232.5,1993.3636883497238,0.47822116163624845,0.05133601935503263,Cancer,Cancer_0008.png
19655.0,1703.6652019023895,0.08509703070615758,0.9481132075471698,201,212,0.7032326159680853,0.4612550455270816,0.038461538461538464,0.052917123675519616,4.009787954756545,148.35981057509048,7.694312384718381,0.21000035900339614,0.028259752971566382,0.9592098387914958,168.4787747130102,32.70144270474754,137.28224649234693,49.96411874708349,123.49621332908163,55.4492492813492,34.76586415816327,43.8734613143696,78.0062181122449,62.57402345694403,171.17928890306123,33.89758956599491,19655.0,1703.6652019023895,0.6439828314930703,0.08509703070615758,Cancer,Cancer_0034.png
11027.0,2148.174870610237,0.030028108388422833,1.1180124223602483,180,161,0.5462426313964432,0.38050379572118703,0.038461538461538464,0.06935949918281502,3.778295656899665,200.36732663699823,9.338401399458972,0.15502578692113061,0.021078446357098848,0.9028349313573063,148.68742028061226,26.914966241076975,124.68273676658163,36.56443133487812,141.15786431760205,35.41294370096458,146.49559550382654,30.380368946658752,51.55683992346939,30.78242412441962,152.69393734056123,28.606004746698552,11027.0,2148.174870610237,0.28166747554215943,0.030028108388422833,Cancer,Cancer_0020.png
3616.0,703.5533835887909,0.09180031549650833,1.2413793103448276,108,87,0.5366577619471653,0.3848446147296722,0.038461538461538464,0.08415283823991149,3.4296139391917944,475.9873824903944,14.020632478764753,0.11886621146094473,0.01851593295815873,0.8610033627013042,168.83747209821428,42.5537937957294,160.79916693239795,44.67134296657507,174.33950494260205,37.60081779681942,121.7022480867347,43.50941585341373,36.794702646683675,30.331555731908885,180.25181361607142,36.15343989192221,3616.0,703.5533835887909,0.07766323024054983,0.09180031549650833,Cancer,Cancer_0021.png
1634.0,392.13203048706055,0.13353566694353694,1.1851851851851851,64,54,0.6672111065741119,0.47280092592592593,0.038461538461538464,0.11538914838288258,2.5167050387802785,365.6936192427055,9.531880536417129,0.2088246218155451,0.04311726010485004,0.8260574219730754,202.0000996492347,25.303200058198627,189.44122688137756,40.948889081653334,244.66623485331633,31.967362380327465,124.64301658163265,11.045082882780019,63.756417410714285,27.417260493038235,245.5536511479592,29.269904531557078,1634.0,392.13203048706055,0.03366157142268551,0.13353566694353694,Cancer,Cancer_0035.png
17144.5,1683.6580637693405,0.07600232858313011,1.1666666666666667,189,162,0.7071354918539905,0.5599483963681494,0.038461538461538464,0.06185152997142944,3.9206243685264575,260.2536869487868,10.821830655380202,0.15859311312360647,0.024196022902583266,0.9079367136237099,156.95314492984693,35.730493767423376,137.47257653061226,44.55980986807323,150.43429129464286,37.94956220212398,127.00428491709184,42.025062390391184,54.04370615433673,42.4884398557165,166.5960618622449,30.26977941833139,17144.5,1683.6580637693405,0.5190348606633063,0.07600232858313011,Cancer,Cancer_0009.png
20590.5,1866.3931245803833,0.07427976223005636,0.8928571428571429,200,224,0.6714658405348116,0.459609375,0.038461538461538464,0.04937003945966053,4.045549383620931,84.074320832236,5.95689792551459,0.22929444820993566,0.028602483709415306,0.9630261810806356,139.1435546875,28.31575510061083,111.58968431122449,39.02043102530187,94.02505181760205,41.05725723825349,21.2314453125,25.159823640826158,87.60606664540816,57.7020051207583,140.27638711734693,28.545496415061397,20590.5,1866.3931245803833,0.6959659292558855,0.07427976223005636,Cancer,Cancer_0023.png
21865.0,3118.1201689243317,0.028260097045556126,0.7857142857142857,176,224,0.6172107662559456,0.5546114042207793,0.038461538461538464,0.08454543246329813,3.4294579909955827,1006.0318341575185,21.40220473409903,0.0804016860023742,0.012256943991385619,0.8418527168418705,204.3758769132653,48.60086197903025,155.58235012755102,66.08579955457691,123.87218989158163,59.65662656392981,21.340601084183675,32.41533539206442,108.75284996811224,48.4036365524143,205.7432637117347,49.14443647274009,21865.0,3118.1201689243317,0.7723146480166719,0.028260097045556126,Cancer,Cancer_0037.png
15003.5,1796.65301156044,0.058408227527320035,0.8392857142857143,188,224,0.5581555402615279,0.3562761208206687,0.03846153846153846,0.056745038461999624,3.9869879539278523,148.46520267259586,7.8353572175894435,0.20932331688238792,0.02787397312394562,0.9238247455155524,112.9380181760204,30.742791108298807,92.79998405612245,34.32148798678893,89.65995695153062,30.190203467243393,62.11322146045919,71.58260035822269,61.56580835459184,39.888365801816796,113.73662707270408,30.168541142331108,15003.5,1796.65301156044,0.426569052526832,0.058408227527320035,Cancer,Cancer_0036.png
5162.0,940.5727158784866,0.07332348713592986,1.67,167,100,0.5788942469440395,0.3091017964071856,0.038461538461538464,0.09486508132295828,3.149676698771886,46.00223478962555,3.46404101792578,0.4136326687665421,0.10128896611616156,0.9031476685840805,156.2415696747449,13.739518655574747,150.6623086734694,19.567025988178877,143.68403220663265,14.896989410581009,45.797971141581634,46.979970271315445,25.322146045918366,22.27277055110203,158.2090840242347,12.442727130989773,5162.0,940.5727158784866,0.11467543430932599,0.07332348713592986,Cancer,Cancer_0022.png
20333.5,1183.702659368515,0.18236301234793884,1.5886524822695036,224,141,0.8288899759487994,0.6437911600810537,0.038461538461538464,0.0824038583314007,3.4490284045679442,94.9607719645115,5.441187917531988,0.35976688686657576,0.09003560571852104,0.9429208145877244,152.6456672512755,21.53733711738822,133.57603236607142,37.80605178208533,128.22146045918367,32.55342851582481,69.47987085459184,61.94867928041657,52.15581154336735,47.05154421488524,156.89331552933675,20.55548830484221,20333.5,1183.702659368515,0.6813604758314484,0.18236301234793884,Cancer,Cancer_0045.png
16124.0,1822.694640636444,0.060989464517066716,1.319526627218935,223,169,0.5594240610634054,0.4278398386711598,0.038461538461538464,0.05720563298274461,3.9268191387553344,138.06917312662947,6.9950374471061085,0.24600517714606487,0.04343206279604343,0.938939705233261,171.18799824617346,31.406023647696802,154.9211973852041,38.386861661868,144.6275709502551,44.07696684510966,45.343470982142854,43.54824576770722,56.60010762117347,41.46417736567485,177.9900350765306,29.920742261402197,16124.0,1822.694640636444,0.4735111006695642,0.060989464517066716,Cancer,Cancer_0051.png
34408.0,2384.625662446022,0.07603768162789398,1.0,224,224,0.6979805868570791,0.6857461734693877,0.038461538461538464,0.09557251378031534,2.99126782800473,822.4865747935776,16.812592273624134,0.17291356169789818,0.03998052745256225,0.8844963011604356,100.35054607780613,70.56983369595419,87.0522161989796,63.865838195828985,56.11391900510204,45.848565263072466,62.78037308673469,53.471443098435,137.7991868622449,69.87629070155846,104.98250159438776,68.208450140197,34408.0,2384.625662446022,2.1821410451547436,0.07603768162789398,Cancer,synthetic_Cancer_6.png
36124.5,1618.1189581155777,0.17337673351023367,1.0,224,224,0.7661043188734664,0.7199557557397959,0.038461538461538464,0.1016901235531828,2.8776849982775614,1205.351673180028,22.25510168989314,0.1843704263803147,0.03323183304385884,0.8489244525622062,127.0425103635204,62.96826912217548,98.29380580357143,68.88706546574197,106.72403140943878,72.68039464177893,100.93201929209184,59.364448766747,101.4508131377551,69.87338828168996,130.5372688137755,64.9034894024158,36124.5,1618.1189581155777,2.570864320535174,0.17337673351023367,Cancer,synthetic_Cancer_7.png
13461.0,1856.8367758989334,0.04906137664829889,1.0813953488372092,186,172,0.5631628490743646,0.42076144036009,0.038461538461538464,0.08162463863941707,3.505606494842408,146.71124205138958,6.923533624410926,0.2562896210020259,0.03894750325625439,0.8967011644948779,136.13103874362244,28.7829535452005,127.76010443239795,29.49442295878141,120.85000797193878,25.431975516405096,42.90314094387755,43.92094002768024,41.62796954719388,32.13472997066162,140.06369579081633,24.364676167753547,13461.0,1856.8367758989334,0.36663489037178265,0.04906137664829889,Cancer,Cancer_0050.png
3349.5,878.3300753831863,0.054559997067176604,0.6974789915966386,83,119,0.5261545711592837,0.3391211906449327,0.038461538461538464,0.11262171913054328,2.592091157172886,486.88126952035054,13.629817361197066,0.1030004418696693,0.018993612901521264,0.7739230028108786,201.10204081632654,29.171108215296485,152.76163903061226,40.24281055140575,235.9758450255102,36.67300497326815,136.73270089285714,8.029095717252996,93.40923947704081,27.792808853070042,236.86844308035714,34.70624108566105,3349.5,878.3300753831863,0.07153000971672023,0.054559997067176604,Cancer,Cancer_0044.png
14154.0,1508.2438502311707,0.07818904864192432,1.3154761904761905,221,168,0.7159513391840967,0.38122171945701355,0.038461538461538464,0.07808564089691247,3.5731098409863566,98.76827090372811,5.668517790160508,0.31030188331926684,0.05918390942081092,0.9322575186214228,181.4434191645408,25.511368954458074,168.3395846619898,33.56261366063595,172.8976602359694,29.161032595104537,105.99312420280613,53.34511396920953,33.16226881377551,36.22362605164653,187.8083944515306,20.262952671359496,14154.0,1508.2438502311707,0.39292654488923434,0.07818904864192432,Cancer,Cancer_0052.png
3673.5,738.0802940130234,0.08473887377030956,1.3076923076923077,119,91,0.5812959886066935,0.33922799889186445,0.038461538461538464,0.11147325617127855,2.554064452846958,37.609032182907924,2.41432927006478,0.5347711164093065,0.18296423080044819,0.9163243160832051,153.47046396683675,16.3804043428885,162.2177734375,16.677096446069413,151.2698301977041,13.081697707506486,56.09253427933673,20.37328785069309,24.011220503826532,17.475202617713503,163.78471779336735,12.387758607962962,3673.5,738.0802940130234,0.07899575291650987,0.08473887377030956,Cancer,Cancer_0046.png
24354.5,2967.6521340608597,0.03475066326147597,1.0,224,224,0.4969697588050443,0.48538145727040816,0.038461538461538464,0.08838946222122242,3.2934393610963184,905.8374073389983,19.87773139609037,0.11206982122609402,0.02637530062831186,0.8792593941834802,133.82378029336735,73.92155950741198,81.91816804846938,59.71774363299314,98.00424505739795,65.66705347421845,110.79270966198979,71.400855807787,133.62059550382654,54.11130830939175,134.10196109693877,73.85647315283215,24354.5,2967.6521340608597,0.943186879151095,0.03475066326147597,Cancer,synthetic_Cancer_5.png
37661.0,2389.655097723007,0.08287647392882251,1.0,224,224,0.7619828022255943,0.7505779655612245,0.038461538461538464,0.07265652397396746,3.6582771608056928,503.2416357958173,16.295985201346696,0.07900142874447796,0.012036066520273633,0.8856487357982331,125.57525510204081,46.78886427780505,117.60624601403062,50.017503633154924,142.67920918367346,52.09989870406755,110.28342235331633,45.2796732893672,73.4110331632653,24.512467564245462,151.83635602678572,53.77894801414815,37661.0,2389.655097723007,3.0092688773471834,0.08287647392882251,Cancer,synthetic_Cancer_4.png
4681.0,557.3868639469147,0.18933680592153662,1.0098039215686274,103,102,0.7121557888331052,0.44555492099752525,0.038461538461538464,0.08978330225835716,3.246571859096923,130.8528440377175,5.803253626038365,0.38096803804820184,0.10573721744014988,0.9319711922897251,146.7780612244898,27.884312560895243,141.9406289859694,35.14425224237678,132.91796875,31.73113867824319,47.15383848852041,38.299873260717874,35.39423230229592,32.98874275648143,151.64927455357142,27.4653204677448,4681.0,557.3868639469147,0.10289042751950764,0.18933680592153662,Cancer,Cancer_0047.png
28500.5,1914.653011918068,0.09769721520992226,1.0,224,224,0.7551901853495674,0.5680106026785714,0.038461538461538464,0.08330593859673101,3.4683411432209974,565.665228877373,16.010794076276607,0.10209590348893569,0.014027994678993102,0.8717081409233393,223.9495774872449,31.899871008972518,154.5606465242347,57.59318187481861,113.9658203125,62.550247082113124,15.143156090561224,20.410626752425987,129.64995216836735,61.30646862040208,224.10102439413265,31.937145210044264,28500.5,1914.653011918068,1.3148716292588407,0.09769721520992226,Cancer,Cancer_0043.png
44414.0,1943.7829531431198,0.14771827045451547,1.0,224,224,0.8941996013610098,0.8851642219387755,0.038461538461538464,0.060511532703860484,3.868251122065473,1731.9386218150808,29.546692874641636,0.04532781392330056,0.00902537454953864,0.7374032742175712,86.6221699617347,62.23248730083355,115.86710778061224,59.04415846609426,152.18702168367346,58.05812805309987,107.17185507015306,3.3626625576236933,133.26420998086735,63.58428158845902,152.18704161352042,58.05807598285957,44414.0,1943.7829531431198,7.708087469628601,0.14771827045451547,Cancer,synthetic_Cancer_1.png
10486.0,1534.7880070209503,0.055940059447084856,0.4642857142857143,104,224,0.607320745974748,0.4501201923076923,0.038461538461538464,0.0942560808339159,3.183462893408804,613.002899716764,15.370477623768188,0.1143594487238712,0.0143899043055421,0.8482991021086125,234.76042330994898,31.69744120886465,156.45422114158163,56.57462113013273,145.5900031887755,51.89705386751295,56.68520806760204,75.14029672070284,106.0660475127551,44.40049594485998,234.9807676977041,31.670736708080835,10486.0,1534.7880070209503,0.2641975308641975,0.055940059447084856,Cancer,Cancer_0042.png
14989.0,1352.3372148275375,0.10299414213880499,1.2792207792207793,197,154,0.7232851593601467,0.49406684685872504,0.038461538461538464,0.07385321286634228,3.6422839524367574,156.75730535835848,7.1881660169568224,0.29509458868566796,0.07709429996855517,0.9317378473926357,175.9137635522959,31.709534468194708,165.1261758609694,42.10520937297616,170.18038504464286,36.97808369517757,106.76536591198979,44.880468250927926,44.82934072066327,40.197916881546654,187.9939413265306,25.664828025991138,14989.0,1352.3372148275375,0.4259811862335522,0.10299414213880499,Cancer,Cancer_0040.png
30896.0,2250.0327339172363,0.07668924244783198,1.0,224,224,0.6364535266974292,0.6157525510204082,0.038461538461538464,0.09568990174951711,3.089827273611486,1641.8282414926941,25.935382550456765,0.09919472252411414,0.01694536268117318,0.7059438753133663,108.88618064413265,66.96565608384412,74.54249043367346,52.8873065271162,94.19971699617346,62.4081211837365,133.06401466836735,54.0584518333834,115.14122289540816,63.718680922008666,113.87117346938776,66.89852176477254,30896.0,2250.0327339172363,1.6024896265560167,0.07668924244783198,Cancer,synthetic_Cancer_3.png
35747.0,2490.189151287079,0.07244105904877259,1.0,224,224,0.7469154504330384,0.7124322385204082,0.038461538461538464,0.08148617974739907,3.4023150712470662,690.246627774583,17.202847936947745,0.0821386286788306,0.011430767157489335,0.8598657513982473,117.27630739795919,80.10632026327475,94.6698222257653,47.94306380868005,108.42289142219387,54.88061523842777,82.61696827168367,58.180092649189874,153.7605827487245,58.76099598582263,155.1238639987245,56.19949780555249,35747.0,2490.189151287079,2.4774412641208676,0.07244105904877259,Cancer,synthetic_Cancer_2.png
27789.0,2131.1210474967957,0.07688941314497336,1.0,224,224,0.6645065640020087,0.5538305165816326,0.038461538461538464,0.061015257310304716,3.935868521975391,157.98037768732408,8.691119741614628,0.1517552594073654,0.019802810567978786,0.9092262162709094,89.54304846938776,34.161226232332915,73.01052295918367,30.179632814927697,71.40541294642857,26.359278538832697,71.56479193239795,70.77472212225588,62.179707429846935,36.46979694661965,91.0284199617347,33.197595494892546,27789.0,2131.1210474967957,1.2413007549023987,0.07688941314497336,Cancer,Cancer_0041.png
367.5,77.35533833503723,0.771767751461969,0.9565217391304348,22,23,0.9447300771208226,0.7262845849802372,0.038461538461538464,0.054352930345065595,3.939722857402971,1213.2394366079602,24.539252496477157,0.06914527342585965,0.0123151830587803,0.8011064731636699,116.8814772002551,56.19664954124037,108.20750956632654,57.20922056885769,93.53125,54.10277471612171,26.529296875,31.632991389436054,72.98826132015306,52.69052983326589,116.9438177614796,56.13077121335792,367.5,77.35533833503723,0.0073782587309394985,0.771767751461969,Cancer,synthetic_Cancer_9.png
34222.0,2427.4195997714996,0.07298364383479913,1.0,224,224,0.7211767433039007,0.6820392219387755,0.038461538461538464,0.07748133178286137,3.4945010059432047,1052.3873069036517,21.72715767697444,0.10418086763387047,0.023972398263960377,0.8703347433584385,141.21958705357142,72.49335310369655,91.90361926020408,62.3297927740667,125.17713647959184,72.96851000306987,141.45804767219389,47.35439672214195,122.79665577168367,65.28296316644872,144.69475446428572,73.65818784349379,34222.0,2427.4195997714996,2.145041995737746,0.07298364383479913,Cancer,synthetic_Cancer_8.png
5443.5,836.1635557413101,0.09783756188858542,1.1037735849056605,117,106,0.6261214630779848,0.43892114175133046,0.038461538461538464,0.091691101412392,3.2247269661260884,151.67863846274295,6.210579909440918,0.3460960922888541,0.08941427408816334,0.9076819259068071,177.50520169005102,32.18106627867894,178.64811862244898,33.242574233612764,183.14694276147958,25.51646439415471,100.57290338010205,33.68662479678263,32.64779974489796,34.61282753518277,191.7229551977041,20.74809327446103,5443.5,836.1635557413101,0.1216900463868552,0.09783756188858542,Cancer,Cancer_0049.png
23526.5,1958.9230027198792,0.0770428703522635,1.0,224,224,0.5664122688751926,0.46887954400510207,0.038461538461538464,0.06850520539902859,3.6258613481711297,542.3221215232185,11.667857222434302,0.21245574196691577,0.017994686910869605,0.9283787107921316,123.22108179209184,69.07957047025724,116.30323262117346,61.57685968244224,128.00045838647958,63.44902865194502,116.55235570790816,39.585133444400206,58.978435905612244,43.783637002577876,135.96805245535714,68.08980054354505,23526.5,1958.9230027198792,0.8828120602637948,0.0770428703522635,Cancer,synthetic_Cancer_10.png
9584.5,1423.2072726488113,0.059462479821883164,0.7393939393939394,122,165,0.6434493639018496,0.47613015399900643,0.038461538461538464,0.09555616653794823,3.143899030158383,513.9699229164221,14.415931706863624,0.11187981991444913,0.015969308349719217,0.8583741329147121,235.60044642857142,27.345688980086045,178.79783163265307,54.83169132433322,152.9815449617347,48.60948337532662,20.30889269770408,34.79976818076858,92.86870216836735,44.01065868812431,236.04695471938774,27.077567510439124,9584.5,1423.2072726488113,0.23612086274219973,0.059462479821883164,Cancer,Cancer_0048.png
2863.0,457.58787429332733,0.17182335591454642,0.8314606741573034,74,89,0.7330687491998463,0.4347099908897662,0.038461538461538464,0.08469646297389469,3.437584209954646,75.95646138167287,5.1558235069595195,0.2761929966853539,0.04170222869397736,0.8797913047934521,148.12753109056123,20.042225101040735,128.04645647321428,19.735677966887234,123.74019451530613,16.294210595845254,43.622927295918366,62.89627747992283,46.148357780612244,22.826829100148824,149.03386080994898,18.238358059024176,2863.0,457.58787429332733,0.06051191004586477,0.17182335591454642,Cancer,Cancer_0007.png
14835.0,1959.1210465431213,0.048570757227537995,0.9743589743589743,190,195,0.4935129740518962,0.40040485829959516,0.038461538461538464,0.08582660559781363,3.4092401243938077,174.150436761811,7.895024586924096,0.20651746737161938,0.028706518653509278,0.8832013809105415,133.681640625,28.426488016796306,123.8135762117347,31.046579693232065,117.1527024872449,26.205267398218318,45.72138073979592,46.79921869721853,45.783223054846935,34.430615120799274,137.79799107142858,24.583156055579632,14835.0,1959.1210465431213,0.41976740895843356,0.048570757227537995,Cancer,Cancer_0013.png
12746.5,1368.6631162166595,0.08550818474925896,1.3636363636363635,210,154,0.6259483880472414,0.3941403834260977,0.038461538461538464,0.04653258982260946,4.131991825655514,132.99920501794548,8.029014968186253,0.14879545439428782,0.017120941492534267,0.9451246880867493,151.9441366390306,40.44799212894526,127.02995455994898,34.75490095671872,149.9669563137755,37.03457269321306,141.36429767219389,32.18775572108703,58.89435188137755,25.910982325812192,161.89341517857142,35.42519942290914,12746.5,1368.6631162166595,0.34054689482894507,0.08550818474925896,Cancer,Cancer_0012.png
19326.0,1678.2438502311707,0.08622668906522128,1.0,224,224,0.5335431505714759,0.38516422193877553,0.038461538461538464,0.08427209072044191,3.4509616945250463,342.45063409659423,11.3506027090182,0.126321541185295,0.01474061022925477,0.9103227201554694,194.71968670280611,41.49609606204378,140.98732461734693,51.42817730241322,144.92570153061226,40.81483829073908,110.71719547193878,75.92103770440849,85.31837930484694,35.58491492882862,197.4035794005102,41.56311317953862,19326.0,1678.2438502311707,0.6264505672609401,0.08622668906522128,Cancer,Cancer_0006.png
17221.0,1916.327110171318,0.058928982663095465,1.75,224,128,0.6871221945137157,0.6006208147321429,0.038461538461538464,0.06669687014700283,3.818818391464162,186.0455640364397,8.603457378789539,0.19701357636458317,0.02765547819852591,0.9395933952393618,159.12507971938774,30.724368608074247,124.49685108418367,45.743743887883156,143.8322305484694,43.06739944765753,149.52702487244898,27.653151977652136,65.46908880739795,41.26073271222535,161.82302295918367,32.48915771727615,17221.0,1916.327110171318,0.5225610681231982,0.058928982663095465,Cancer,Cancer_0010.png
27096.5,1820.4032300710678,0.10275142810957875,1.032258064516129,224,217,0.663820769739582,0.5574493910467413,0.038461538461538464,0.040037846748023825,4.214937948653304,180.41527271336804,9.131139707592151,0.14031073896323323,0.015992062612283073,0.9436876602228697,131.20475924744898,46.243364350814886,85.15617028061224,38.36649953052932,96.10552853954081,44.09645217876522,141.77993463010205,62.11352480812947,93.41856664540816,32.43105153923308,131.4224928252551,46.26149853930532,27096.5,1820.4032300710678,1.1740505643536472,0.10275142810957875,Cancer,Cancer_0004.png
8203.0,1170.5971018075943,0.07522595095274616,1.0694444444444444,154,144,0.5734358615868578,0.36990440115440115,0.038461538461538464,0.09473966484849558,3.173690125032723,469.50395190243546,12.63186639263872,0.15499544283634958,0.020982215122670435,0.9187548513677816,151.87946428571428,49.92008062031782,165.47875478316325,59.1542148006296,214.52734375,60.17470885037583,115.66685267857143,18.182653242408094,89.05155851403062,28.32958457667943,217.12282764668367,57.69356699370581,8203.0,1170.5971018075943,0.1954351606985443,0.07522595095274616,Cancer,Cancer_0038.png
20930.0,1813.2387981414795,0.07999614999884679,1.1546391752577319,224,194,0.6825259656617372,0.48163659793814434,0.038461538461538464,0.0633011651187354,3.8865340288974446,149.7164326242746,7.842908760036268,0.2168811747169294,0.02830434412192205,0.9237119280830539,129.1141980229592,35.301830846394786,101.58571827168367,34.34174392182472,96.42032047193878,31.44969214770731,49.092016103316325,62.325777606397246,70.21882971938776,42.53741770123237,131.27981505102042,34.161553049093044,20930.0,1813.2387981414795,0.7156534226902824,0.07999614999884679,Cancer,Cancer_0039.png
1537.0,451.1025924682617,0.094914613930899,1.381578947368421,105,76,0.5227891156462585,0.1926065162907268,0.038461538461538464,0.09488088024445482,3.151570160655407,134.52383226641282,5.613790329143077,0.3906588608634641,0.11552813141081678,0.8664366170275332,139.7645886479592,22.865956082498695,142.77393574617346,23.88945227896846,134.5738600127551,19.870839252700904,48.42934869260204,31.27002532520867,21.482222576530614,13.422789573905924,144.67731584821428,21.190742341957662,1537.0,451.1025924682617,0.03160015625321244,0.094914613930899,Cancer,Cancer_0005.png
17446.5,1239.325022816658,0.14274067358360304,1.0714285714285714,180,168,0.7622386788125041,0.5769345238095238,0.038461538461538464,0.06997250069864533,3.7499924153133373,188.15192125306618,8.492558895274033,0.23338717075492393,0.04835614714606562,0.9424674770784415,155.0704121492347,41.29871655434498,147.23862005739795,47.15567711621116,158.2493223852041,36.6423853051113,115.26646205357143,36.948267805522335,54.61880181760204,40.768894939773354,171.3767936862245,31.988830590953068,17446.5,1239.325022816658,0.5330512229028858,0.14274067358360304,Cancer,Cancer_0011.png
12193.0,1472.9646307229996,0.07062131510643095,0.9,153,170,0.6389289176513743,0.46878123798539023,0.038461538461538464,0.06667394202770598,3.7638495793457816,160.05299787552366,7.06440492959085,0.305230507932602,0.08345526062176084,0.9579396788171803,166.72307477678572,35.22303297640945,157.40196508290816,49.560257706535324,151.58304767219389,52.56514307967975,63.655691964285715,46.69989354256877,44.387914540816325,47.29733669733491,173.81277901785714,36.99992707987531,12193.0,1472.9646307229996,0.3210120316983914,0.07062131510643095,Cancer,Cancer_0029.png
5530.5,912.1046798229218,0.08353815756520094,1.3925233644859814,149,107,0.5552710843373494,0.34689205293859376,0.038461538461538464,0.08046184734395549,3.5209221174912573,168.6677659175632,8.342064250534644,0.1774927210628911,0.02921239563952221,0.882235948502779,122.48423549107143,29.844325152819202,107.87599649234694,28.20394124411548,104.12703284438776,21.564001118190575,49.8938137755102,61.2845959667032,48.54262994260204,22.697642437680837,124.2456353635204,27.19789178896706,5530.5,912.1046798229218,0.12387586654870032,0.08353815756520094,Cancer,Cancer_0015.png
185.5,58.87005698680878,0.6726123938394991,1.0625,17,16,0.9205955334987593,0.6819852941176471,0.038461538461538464,0.120787169445745,2.224486853796785,20.565691189976157,1.7266662775513073,0.5109011755724993,0.13959541713637585,0.7744150871444455,217.19517299107142,5.725205231793729,239.17526307397958,9.090617377768183,247.06905691964286,9.244441368993456,97.76931202168367,7.902840913517391,31.647500797193878,6.573982220794102,247.61862244897958,6.64677717595851,185.5,58.87005698680878,0.0037107050339564517,0.6726123938394991,Cancer,Cancer_0001.png
4134.0,584.0975399017334,0.1522683291226509,1.6125,129,80,0.6374219412535657,0.4005813953488372,0.038461538461538464,0.10582194232523613,2.7711735338481414,54.187896825011926,2.991381619481974,0.4828017729981206,0.13211305681689514,0.9269806072515647,188.57595264668367,12.793800553335313,193.8805604272959,26.335612334132794,193.7659239477041,22.992610808713664,93.27283960459184,30.358259179124563,26.206273915816325,24.375512269346924,202.21053890306123,12.226538297498427,4134.0,584.0975399017334,0.0897875852482516,0.1522683291226509,Cancer,Cancer_0014.png
19734.5,2715.367862701416,0.03363400962383236,1.1666666666666667,224,192,0.6273185307627509,0.45885649181547616,0.038461538461538464,0.0902466810435427,3.2728448969929076,675.5416793412284,17.529973669323436,0.08600577155555135,0.011364322018062093,0.8402553558050176,172.02722417091837,44.72069838892263,106.49577487244898,49.6617791983251,172.14847735969389,67.44725444204217,145.4109733737245,26.054362503159403,117.47492825255102,30.450511109477265,189.3498086734694,55.235913512361016,19734.5,2715.367862701416,0.6482762018954388,0.03363400962383236,Cancer,Cancer_0028.png
21717.0,1819.8662149906158,0.08240067516802373,1.2444444444444445,224,180,0.7446254071661238,0.5386160714285714,0.038461538461538464,0.10384583082729279,2.872290453271132,617.0859916290681,17.155469549221614,0.07529322056850782,0.011845300699250367,0.8046528666698469,180.6769571109694,42.02233655720248,100.45157047193878,41.602798170483375,166.25856983418367,62.10497153639359,150.9616549744898,24.075207941773442,125.11385921556122,26.681066606422007,191.27650669642858,48.04443332025769,21717.0,1819.8662149906158,0.7630977898028743,0.08240067516802373,Cancer,Cancer_0002.png
31871.0,1947.2387962341309,0.10562509848134116,1.0044843049327354,224,223,0.7182601836723196,0.6380325112107623,0.03846153846153845,0.060066855617483754,3.954455051422392,208.47015166296998,10.311084532325722,0.1248995308718717,0.01718735504882022,0.8905407934807532,104.84574298469387,34.08033727482132,71.03384088010205,33.899998700205224,72.44112723214286,30.68315688236158,90.3362962372449,79.53091650441444,91.90933912627551,46.08444466425589,105.63323102678571,33.78732445485261,31871.0,1947.2387962341309,1.7411089866156788,0.10562509848134116,Cancer,Cancer_0016.png
2179.5,718.3645658493042,0.05307340278022453,1.71875,110,64,0.420144578313253,0.30958806818181817,0.038461538461538464,0.10195383225440555,2.9131957865035156,50.20057742459218,3.0991849405573895,0.4549319772620102,0.11756164413102771,0.9086096853175564,157.74587452168367,11.190599849540954,153.43676259566325,20.827887262734116,142.9679727359694,19.330839409702193,34.7175143494898,28.377122510206995,28.878866390306122,23.380575322560148,160.5974569515306,11.836702674470745,2179.5,718.3645658493042,0.045409561113831216,0.05307340278022453,Cancer,Cancer_0017.png
15970.5,1257.5849100351334,0.126897697481768,1.09375,175,160,0.7980661119856083,0.570375,0.038461538461538464,0.06940802232556863,3.7445597393425207,303.7936293177196,9.75107495136814,0.26098415831020905,0.0476153396307004,0.943963697988456,176.70372289540816,43.255082744185984,165.79089604591837,57.65951007757417,177.87053571428572,55.58829708777399,126.82463727678571,32.60526087884909,38.035813934948976,34.68698825301599,185.9646843112245,46.981199727147526,15970.5,1257.5849100351334,0.4668985981786555,0.126897697481768,Cancer,Cancer_0003.png
